match_id,team1,team2,winner,team1_winrate,team2_winrate,winrate_diff,team1_recent_form,team2_recent_form,form_diff,team1_avg_rnd_diff,team2_avg_rnd_diff,rnd_diff_diff,avg_map_rnd_diff,maps_won_team1,maps_won_team2,total_rnd_diff,total_score,team1_team_avg_rating,team2_team_avg_rating,team_avg_rating_diff,team1_team_avg_acs,team2_team_avg_acs,team_avg_acs_diff,team1_team_avg_KD,team2_team_avg_KD,team_avg_KD_diff,team1_team_avg_kast,team2_team_avg_kast,team_avg_kast_diff,team1_team_avg_adr,team2_team_avg_adr,team_avg_adr_diff,team1_team_avg_kpr,team2_team_avg_kpr,team_avg_kpr_diff,team1_team_avg_apr,team2_team_avg_apr,team_avg_apr_diff,team1_team_avg_fkpr,team2_team_avg_fkpr,team_avg_fkpr_diff,team1_norm_rating,team2_norm_rating,norm_rating_diff,team1_norm_acs,team2_norm_acs,norm_acs_diff,team1_norm_KD,team2_norm_KD,norm_KD_diff,team1_norm_kast,team2_norm_kast,norm_kast_diff,team1_norm_adr,team2_norm_adr,norm_adr_diff,team1_norm_kpr,team2_norm_kpr,norm_kpr_diff,team1_norm_apr,team2_norm_apr,norm_apr_diff,team1_norm_fkpr,team2_norm_fkpr,norm_fkpr_diff,team1_composite_score,team2_composite_score,composite_score_diff
753448,FUT Esports,T1,0,0.541,0.647,-0.107,0.6,0.7,-0.1,-2.8,-1.4,-1.4,-3.0,0,2,-6,2,1.0,1.0,-0.0,196.0,196.2,-0.2,0.98,1.03,-0.05,0.71,0.72,-0.02,128.9,128.7,0.2,0.7,0.7,0.0,0.26,0.29,-0.03,1.006,1.09,-0.084,-0.427,0.035,-0.462,-0.471,-0.447,-0.024,-0.341,0.314,-0.655,-0.416,0.668,-1.084,-0.322,-0.381,0.059,-0.297,-0.297,0.0,-0.406,0.683,-1.089,0.093,0.799,-0.706,-0.294,0.18,-0.474
753453,LOUD,Global Esports,1,0.5,0.559,-0.059,0.6,0.6,0.0,7.8,4.0,3.8,4.5,2,0,9,2,1.0,1.0,0.0,197.0,201.0,-4.0,1.04,1.03,0.01,0.71,0.71,0.0,130.3,132.0,-1.7,0.7,0.7,-0.0,0.3,0.25,0.06,1.085,1.01,0.075,0.75,0.266,0.484,-0.327,0.25,-0.577,0.413,0.26,0.153,0.203,0.133,0.07,-0.051,0.296,-0.347,-0.217,0.339,-0.556,1.228,-0.842,2.07,0.758,0.128,0.63,0.313,0.201,0.112
753463,Karmine Corp,Nongshim RedForce,0,0.483,0.676,-0.193,0.8,0.7,0.1,9.0,1.2,7.8,-3.7,1,2,-11,3,1.0,1.0,-0.0,197.6,201.6,-4.0,1.04,1.04,-0.0,0.72,0.72,0.01,128.8,130.5,-1.7,0.7,0.7,-0.0,0.26,0.28,-0.02,1.088,1.01,0.078,0.084,0.412,-0.328,-0.24,0.337,-0.577,0.447,0.499,-0.052,0.833,0.411,0.422,-0.346,-0.005,-0.341,0.023,0.401,-0.378,-0.334,0.32,-0.654,0.783,0.128,0.655,0.096,0.437,-0.341
753458,G2 Esports,Team Liquid,1,0.595,0.576,0.019,0.6,0.6,0.0,2.0,3.2,-1.2,4.5,2,0,9,2,1.0,1.0,-0.0,201.8,201.8,0.0,1.05,1.05,-0.01,0.73,0.73,-0.01,132.9,134.8,-1.9,0.7,0.7,0.0,0.29,0.29,0.0,1.034,1.054,-0.02,0.631,0.777,-0.146,0.366,0.366,0.0,0.552,0.63,-0.078,0.975,1.404,-0.429,0.475,0.865,-0.39,0.401,0.276,0.125,0.683,0.538,0.145,0.335,0.503,-0.168,0.584,0.673,-0.089
753447,T1,JD Gaming,1,0.636,0.474,0.163,0.6,0.5,0.1,0.4,-3.8,4.2,0.0,2,1,0,3,1.0,1.0,0.0,196.2,193.2,3.0,1.03,0.96,0.07,0.72,0.7,0.02,128.7,125.8,2.9,0.7,0.7,0.0,0.29,0.29,-0.0,1.09,0.832,0.258,0.035,-0.718,0.753,-0.447,-0.875,0.428,0.314,-0.71,1.024,0.668,-0.687,1.355,-0.381,-0.964,0.583,-0.297,-0.82,0.523,0.683,0.829,-0.146,0.799,-1.577,2.376,0.18,-0.706,0.886
753452,Global Esports,EDward Gaming,1,0.545,0.579,-0.033,0.6,0.5,0.1,3.2,-4.8,8.0,7.5,2,0,15,2,1.0,1.0,0.0,201.0,201.8,-0.8,1.03,1.01,0.01,0.71,0.71,0.01,132.0,130.8,1.2,0.7,0.7,0.0,0.25,0.29,-0.04,1.01,0.973,0.037,0.266,-0.086,0.352,0.25,0.37,-0.12,0.26,0.112,0.148,0.133,-0.256,0.389,0.296,0.063,0.233,0.339,0.287,0.052,-0.842,0.804,-1.646,0.128,-0.197,0.325,0.201,0.116,0.085
753462,Xi Lai Gaming,Nongshim RedForce,0,0.553,0.667,-0.114,0.5,0.7,-0.2,-7.6,2.2,-9.8,-2.0,0,2,-4,2,1.0,1.0,-0.0,204.2,201.6,2.6,1.02,1.04,-0.03,0.71,0.72,-0.01,130.6,130.5,0.1,0.7,0.7,0.0,0.26,0.28,-0.02,1.083,1.01,0.073,-0.147,0.412,-0.559,0.707,0.337,0.37,0.158,0.499,-0.341,0.087,0.411,-0.324,0.012,-0.005,0.017,0.443,0.401,0.042,-0.467,0.32,-0.787,0.745,0.128,0.617,0.206,0.437,-0.231
753457,TYLOO,Team Liquid,0,0.595,0.562,0.032,0.5,0.6,-0.1,2.2,3.4,-1.2,-3.3,1,2,-10,3,1.0,1.0,-0.0,201.5,201.8,-0.3,1.01,1.05,-0.04,0.72,0.73,-0.01,134.0,134.8,-0.8,0.7,0.7,-0.0,0.3,0.29,0.01,0.947,1.054,-0.107,0.704,0.777,-0.073,0.322,0.366,-0.044,0.112,0.63,-0.518,0.786,1.404,-0.618,0.71,0.865,-0.155,0.181,0.276,-0.095,0.986,0.538,0.448,-0.441,0.503,-0.944,0.444,0.673,-0.229
753446,100 Thieves,FUT Esports,1,0.758,0.556,0.202,0.9,0.7,0.2,7.8,0.2,7.6,5.5,2,0,11,2,1.0,1.0,0.1,200.6,196.0,4.6,1.08,0.98,0.09,0.73,0.71,0.03,130.8,128.9,1.9,0.7,0.7,0.0,0.3,0.26,0.04,1.07,1.006,0.064,0.85,-0.427,1.277,0.192,-0.471,0.663,0.914,-0.341,1.255,1.548,-0.416,1.964,0.06,-0.322,0.382,0.339,-0.297,0.636,1.119,-0.406,1.525,0.636,0.093,0.543,0.788,-0.294,1.082
753451,Team Vitality,LOUD,1,0.629,0.52,0.109,0.6,0.7,-0.1,2.2,10.6,-8.4,4.0,2,0,8,2,1.0,1.0,0.0,205.0,197.0,8.0,1.09,1.04,0.05,0.73,0.71,0.01,135.3,130.3,5.0,0.7,0.7,0.0,0.27,0.3,-0.03,1.124,1.085,0.039,0.814,0.75,0.064,0.827,-0.327,1.154,1.091,0.413,0.678,0.975,0.203,0.772,0.963,-0.051,1.014,0.835,-0.217,1.052,0.029,1.228,-1.199,1.069,0.758,0.311,0.884,0.313,0.571
753461,Karmine Corp,NRG,0,0.5,0.659,-0.159,0.8,0.7,0.1,9.4,3.8,5.6,0.0,1,2,0,3,1.0,1.0,-0.0,197.6,197.2,0.4,1.04,1.04,0.0,0.72,0.73,-0.01,128.8,129.9,-1.1,0.7,0.7,0.0,0.26,0.3,-0.04,1.088,1.118,-0.03,0.084,0.704,-0.62,-0.24,-0.298,0.058,0.447,0.447,0.0,0.833,1.404,-0.571,-0.346,-0.123,-0.223,0.023,-0.105,0.128,-0.334,0.974,-1.308,0.783,1.022,-0.239,0.096,0.538,-0.442
753456,G2 Esports,Paper Rex,0,0.61,0.698,-0.088,0.7,0.5,0.2,4.4,-1.4,5.8,-0.7,1,2,-2,3,1.0,1.1,-0.0,201.8,205.8,-4.0,1.05,1.09,-0.04,0.73,0.73,-0.0,132.9,136.9,-4.0,0.7,0.7,-0.0,0.29,0.27,0.02,1.034,1.138,-0.104,0.631,0.886,-0.255,0.366,0.943,-0.577,0.552,1.116,-0.564,0.975,1.26,-0.285,0.475,1.301,-0.826,0.401,1.079,-0.678,0.683,-0.116,0.799,0.335,1.178,-0.843,0.584,1.052,-0.468
753445,JD Gaming,FUT Esports,0,0.486,0.543,-0.056,0.6,0.7,-0.1,0.6,-1.6,2.2,-7.5,0,2,-15,2,1.0,1.0,-0.0,193.2,196.0,-2.8,0.96,0.98,-0.03,0.7,0.71,-0.0,125.8,128.9,-3.1,0.7,0.7,-0.0,0.29,0.26,0.03,0.832,1.006,-0.174,-0.718,-0.427,-0.291,-0.875,-0.471,-0.404,-0.71,-0.341,-0.369,-0.687,-0.416,-0.271,-0.964,-0.322,-0.642,-0.82,-0.297,-0.523,0.829,-0.406,1.235,-1.577,0.093,-1.67,-0.706,-0.294,-0.412
753444,100 Thieves,T1,1,0.75,0.656,0.094,0.9,0.7,0.2,5.2,4.4,0.8,4.5,2,0,9,2,1.0,1.0,0.0,200.6,196.2,4.4,1.08,1.03,0.05,0.73,0.72,0.01,130.8,128.7,2.1,0.7,0.7,0.0,0.3,0.29,0.01,1.07,1.09,-0.02,0.85,0.035,0.815,0.192,-0.447,0.639,0.914,0.314,0.6,1.548,0.668,0.88,0.06,-0.381,0.441,0.339,-0.297,0.636,1.119,0.683,0.436,0.636,0.799,-0.163,0.788,0.18,0.608
753450,LOUD,EDward Gaming,1,0.5,0.595,-0.095,0.6,0.5,0.1,5.6,-0.2,5.8,6.5,2,0,13,2,1.0,1.0,0.0,197.0,201.8,-4.8,1.04,1.01,0.02,0.71,0.71,0.01,130.3,130.8,-0.5,0.7,0.7,-0.0,0.3,0.29,0.01,1.085,0.973,0.112,0.75,-0.086,0.836,-0.327,0.37,-0.697,0.413,0.112,0.301,0.203,-0.256,0.459,-0.051,0.063,-0.114,-0.217,0.287,-0.504,1.228,0.804,0.424,0.758,-0.197,0.955,0.313,0.116,0.197
753449,Global Esports,Team Vitality,0,0.562,0.618,-0.055,0.7,0.6,0.1,3.6,4.6,-1.0,-0.3,1,2,-1,3,1.0,1.0,-0.0,201.0,205.0,-4.0,1.03,1.09,-0.06,0.71,0.73,-0.01,132.0,135.3,-3.3,0.7,0.7,-0.0,0.25,0.27,-0.02,1.01,1.124,-0.114,0.266,0.814,-0.548,0.25,0.827,-0.577,0.26,1.091,-0.831,0.133,0.975,-0.842,0.296,0.963,-0.667,0.339,0.835,-0.496,-0.842,0.029,-0.871,0.128,1.069,-0.941,0.201,0.884,-0.683
753459,Karmine Corp,Xi Lai Gaming,1,0.481,0.568,-0.086,0.8,0.5,0.3,10.0,-2.8,12.8,8.5,2,0,17,2,1.0,1.0,0.0,197.6,204.2,-6.6,1.04,1.02,0.02,0.72,0.71,0.01,128.8,130.6,-1.8,0.7,0.7,-0.0,0.26,0.26,0.0,1.088,1.083,0.005,0.084,-0.147,0.231,-0.24,0.707,-0.947,0.447,0.158,0.289,0.833,0.087,0.746,-0.346,0.012,-0.358,0.023,0.443,-0.42,-0.334,-0.467,0.133,0.783,0.745,0.038,0.096,0.206,-0.11
753460,Nongshim RedForce,NRG,0,0.686,0.651,0.035,0.7,0.7,0.0,6.6,3.8,2.8,-5.5,0,2,-11,2,1.0,1.0,-0.0,201.6,197.2,4.4,1.04,1.04,0.0,0.72,0.73,-0.01,130.5,129.9,0.6,0.7,0.7,0.0,0.28,0.3,-0.02,1.01,1.118,-0.108,0.412,0.704,-0.292,0.337,-0.298,0.635,0.499,0.447,0.052,0.411,1.404,-0.993,-0.005,-0.123,0.118,0.401,-0.105,0.506,0.32,0.974,-0.654,0.128,1.022,-0.894,0.437,0.538,-0.101
753454,TYLOO,G2 Esports,0,0.611,0.6,0.011,0.6,0.7,-0.1,6.8,3.6,3.2,-8.5,0,2,-17,2,1.0,1.0,0.0,201.5,201.8,-0.3,1.01,1.05,-0.03,0.72,0.73,-0.0,134.0,132.9,1.1,0.7,0.7,-0.0,0.3,0.29,0.01,0.947,1.034,-0.087,0.704,0.631,0.073,0.322,0.366,-0.044,0.112,0.552,-0.44,0.786,0.975,-0.189,0.71,0.475,0.235,0.181,0.401,-0.22,0.986,0.683,0.303,-0.441,0.335,-0.776,0.444,0.584,-0.14
753455,Team Liquid,Paper Rex,0,0.581,0.69,-0.11,0.7,0.4,0.3,8.0,-1.0,9.0,-2.0,1,2,-6,3,1.0,1.1,-0.0,201.8,205.8,-4.0,1.05,1.09,-0.04,0.73,0.73,0.0,134.8,136.9,-2.1,0.7,0.7,-0.0,0.29,0.27,0.02,1.054,1.138,-0.084,0.777,0.886,-0.109,0.366,0.943,-0.577,0.63,1.116,-0.486,1.404,1.26,0.144,0.865,1.301,-0.436,0.276,1.079,-0.803,0.538,-0.116,0.654,0.503,1.178,-0.675,0.673,1.052,-0.379
748633,KeepBest Gaming,FunPlus Phoenix,0,0.4,0.423,-0.023,0.4,0.6,-0.2,-4.4,4.4,-8.8,0.6,2,3,3,5,1.0,1.0,-0.0,197.0,200.2,-3.2,1.0,1.02,-0.02,0.72,0.7,0.02,132.0,131.3,0.7,0.7,0.7,-0.0,0.25,0.22,0.03,0.1,1.123,-1.023,0.0,0.111,-0.111,0.0,0.142,-0.142,0.0,0.214,-0.214,0.0,-0.484,0.484,0.0,0.153,-0.153,0.0,0.339,-0.339,0.0,-1.769,1.769,0.0,1.057,-1.057,0.0,0.042,-0.042
748632,FunPlus Phoenix,Any Questions Gaming,1,0.4,0.571,-0.171,0.5,0.571,-0.071,4.0,-4.2,8.2,2.7,2,1,8,3,1.0,1.0,0.0,200.2,197.0,3.2,1.02,1.0,0.02,0.7,0.72,-0.02,131.3,132.0,-0.7,0.7,0.7,0.0,0.22,0.25,-0.03,1.123,0.1,1.023,0.111,0.0,0.111,0.142,0.0,0.142,0.214,0.0,0.214,-0.484,0.0,-0.484,0.153,0.0,0.153,0.339,0.0,0.339,-1.769,0.0,-1.769,1.057,0.0,1.057,0.042,0.0,0.042
748630,JD Gaming,Any Questions Gaming,0,0.5,0.5,0.0,0.6,0.5,0.1,6.4,-8.2,14.6,-9.5,0,2,-19,2,1.0,1.0,-0.0,193.2,197.0,-3.8,0.96,1.0,-0.04,0.7,0.72,-0.02,125.8,132.0,-6.2,0.7,0.7,-0.0,0.29,0.25,0.04,0.832,0.1,0.732,-0.718,0.0,-0.718,-0.875,0.0,-0.875,-0.71,0.0,-0.71,-0.687,0.0,-0.687,-0.964,0.0,-0.964,-0.82,0.0,-0.82,0.829,0.0,0.829,-1.577,0.0,-1.577,-0.706,0.0,-0.706
748629,Nova Esports,FunPlus Phoenix,0,0.583,0.375,0.208,0.8,0.5,0.3,1.4,2.6,-1.2,-6.0,0,2,-12,2,1.0,1.0,-0.0,207.0,200.2,6.8,1.05,1.02,0.02,0.7,0.7,-0.0,132.5,131.3,1.2,0.7,0.7,0.0,0.25,0.22,0.03,1.038,1.123,-0.085,-0.281,0.111,-0.392,1.116,0.142,0.974,0.526,0.214,0.312,-0.552,-0.484,-0.068,0.41,0.153,0.257,0.896,0.339,0.557,-0.624,-1.769,1.145,0.369,1.057,-0.688,0.211,0.042,0.169
748628,Titan Esports Club,Unsettled Resentment,0,0.394,0.5,-0.106,0.5,0.5,0.0,-3.4,2.5,-5.9,-2.3,1,2,-7,3,1.0,1.0,-0.0,202.0,197.0,5.0,0.99,1.0,-0.01,0.7,0.72,-0.02,132.7,132.0,0.7,0.7,0.7,0.0,0.28,0.25,0.03,0.822,0.1,0.722,-0.098,0.0,-0.098,0.394,0.0,0.394,-0.23,0.0,-0.23,-0.822,0.0,-0.822,0.434,0.0,0.434,0.276,0.0,0.276,0.32,0.0,0.32,-1.683,0.0,-1.683,-0.198,0.0,-0.198
748627,Bilibili Gaming,KeepBest Gaming,0,0.607,0.25,0.357,0.7,0.25,0.45,-2.0,-6.8,4.8,-2.5,0,2,-5,2,1.0,1.0,-0.0,200.4,197.0,3.4,1.0,1.0,0.0,0.7,0.72,-0.02,128.2,132.0,-3.8,0.7,0.7,0.0,0.28,0.25,0.03,0.841,0.1,0.741,-0.364,0.0,-0.364,0.168,0.0,0.168,-0.092,0.0,-0.092,-0.822,0.0,-0.822,-0.478,0.0,-0.478,0.068,0.0,0.068,0.372,0.0,0.372,-1.478,0.0,-1.478,-0.236,0.0,-0.236
734308,100 Thieves,LOUD,1,0.742,0.522,0.22,0.9,0.7,0.2,9.8,5.8,4.0,-2.4,3,2,-12,5,1.0,1.0,0.0,200.6,197.0,3.6,1.08,1.04,0.04,0.73,0.71,0.02,130.8,130.3,0.5,0.7,0.7,0.0,0.3,0.3,-0.0,1.07,1.085,-0.015,0.85,0.75,0.1,0.192,-0.327,0.519,0.914,0.413,0.501,1.548,0.203,1.345,0.06,-0.051,0.111,0.339,-0.217,0.556,1.119,1.228,-0.109,0.636,0.758,-0.122,0.788,0.313,0.475
748626,Dragon Ranger Gaming,Any Questions Gaming,0,0.414,0.4,0.014,0.4,0.4,0.0,1.0,-11.4,12.4,-4.5,0,2,-9,2,1.0,1.0,-0.0,197.5,197.0,0.5,0.98,1.0,-0.02,0.72,0.72,-0.0,128.7,132.0,-3.3,0.7,0.7,-0.0,0.31,0.25,0.06,0.985,0.1,0.885,-0.177,0.0,-0.177,-0.255,0.0,-0.255,-0.369,0.0,-0.369,0.435,0.0,0.435,-0.381,0.0,-0.381,-0.244,0.0,-0.244,1.47,0.0,1.47,-0.092,0.0,-0.092,-0.115,0.0,-0.115
748625,All Gamers,JD Gaming,0,0.579,0.486,0.093,0.5,0.6,-0.1,-0.4,1.4,-1.8,-8.5,0,2,-17,2,1.0,1.0,0.1,202.8,193.2,9.6,1.04,0.96,0.08,0.72,0.7,0.01,130.2,125.8,4.4,0.7,0.7,0.0,0.28,0.29,-0.02,1.06,0.832,0.228,0.339,-0.718,1.057,0.51,-0.875,1.385,0.42,-0.71,1.13,0.272,-0.687,0.959,-0.07,-0.964,0.894,0.401,-0.82,1.221,0.247,0.829,-0.582,0.553,-1.577,2.13,0.375,-0.706,1.081
742481,Nongshim RedForce,Global Esports,0,0.706,0.548,0.157,0.7,0.6,0.1,9.2,4.6,4.6,-0.2,2,3,-1,5,1.0,1.0,0.0,201.6,201.0,0.6,1.04,1.03,0.02,0.72,0.71,0.0,130.5,132.0,-1.5,0.7,0.7,0.0,0.28,0.25,0.03,1.01,1.01,0.0,0.412,0.266,0.146,0.337,0.25,0.087,0.499,0.26,0.239,0.411,0.133,0.278,-0.005,0.296,-0.301,0.401,0.339,0.062,0.32,-0.842,1.162,0.128,0.128,0.0,0.437,0.201,0.236
734314,NRG,LOUD,0,0.667,0.5,0.167,0.8,0.6,0.2,4.4,3.2,1.2,-1.0,2,3,-5,5,1.0,1.0,-0.0,197.2,197.0,0.2,1.04,1.04,0.0,0.73,0.71,0.02,129.9,130.3,-0.4,0.7,0.7,0.0,0.3,0.3,-0.01,1.118,1.085,0.033,0.704,0.75,-0.046,-0.298,-0.327,0.029,0.447,0.413,0.034,1.404,0.203,1.201,-0.123,-0.051,-0.072,-0.105,-0.217,0.112,0.974,1.228,-0.254,1.022,0.758,0.264,0.538,0.313,0.225
748624,FunPlus Phoenix,A Team,1,0.348,0.0,0.348,0.4,0.0,0.4,-0.6,-7.0,6.4,2.7,2,1,8,3,1.0,1.0,0.0,200.2,197.0,3.2,1.02,1.0,0.02,0.7,0.72,-0.02,131.3,132.0,-0.7,0.7,0.7,0.0,0.22,0.25,-0.03,1.123,0.1,1.023,0.111,0.0,0.111,0.142,0.0,0.142,0.214,0.0,0.214,-0.484,0.0,-0.484,0.153,0.0,0.153,0.339,0.0,0.339,-1.769,0.0,-1.769,1.057,0.0,1.057,0.042,0.0,0.042
748623,Nova Esports,EDward Gaming,1,0.565,0.611,-0.046,0.8,0.5,0.3,2.0,3.0,-1.0,2.7,2,1,8,3,1.0,1.0,-0.0,207.0,201.8,5.2,1.05,1.01,0.03,0.7,0.71,-0.0,132.5,130.8,1.7,0.7,0.7,0.0,0.25,0.29,-0.04,1.038,0.973,0.065,-0.281,-0.086,-0.195,1.116,0.37,0.746,0.526,0.112,0.414,-0.552,-0.256,-0.296,0.41,0.063,0.347,0.896,0.287,0.609,-0.624,0.804,-1.428,0.369,-0.197,0.566,0.211,0.116,0.095
742487,Global Esports,T1,1,0.533,0.677,-0.144,0.5,0.7,-0.2,1.6,5.4,-3.8,4.0,3,1,16,4,1.0,1.0,0.0,201.0,196.2,4.8,1.03,1.03,-0.0,0.71,0.72,-0.01,132.0,128.7,3.3,0.7,0.7,0.0,0.25,0.29,-0.04,1.01,1.09,-0.08,0.266,0.035,0.231,0.25,-0.447,0.697,0.26,0.314,-0.054,0.133,0.668,-0.535,0.296,-0.381,0.677,0.339,-0.297,0.636,-0.842,0.683,-1.525,0.128,0.799,-0.671,0.201,0.18,0.021
734313,G2 Esports,LOUD,0,0.615,0.476,0.139,0.8,0.6,0.2,8.6,2.6,6.0,-8.5,0,2,-17,2,1.0,1.0,-0.0,201.8,197.0,4.8,1.05,1.04,0.01,0.73,0.71,0.01,132.9,130.3,2.6,0.7,0.7,0.0,0.29,0.3,-0.02,1.034,1.085,-0.051,0.631,0.75,-0.119,0.366,-0.327,0.693,0.552,0.413,0.139,0.975,0.203,0.772,0.475,-0.051,0.526,0.401,-0.217,0.618,0.683,1.228,-0.545,0.335,0.758,-0.423,0.584,0.313,0.271
734307,NRG,100 Thieves,0,0.683,0.733,-0.05,0.9,0.9,0.0,9.4,9.6,-0.2,-8.5,0,2,-17,2,1.0,1.0,-0.0,197.2,200.6,-3.4,1.04,1.08,-0.04,0.73,0.73,-0.0,129.9,130.8,-0.9,0.7,0.7,-0.0,0.3,0.3,-0.0,1.118,1.07,0.048,0.704,0.85,-0.146,-0.298,0.192,-0.49,0.447,0.914,-0.467,1.404,1.548,-0.144,-0.123,0.06,-0.183,-0.105,0.339,-0.444,0.974,1.119,-0.145,1.022,0.636,0.386,0.538,0.788,-0.25
748622,Trace Esports,Unsettled Resentment,0,0.379,0.0,0.379,0.5,0.0,0.5,5.2,-5.0,10.2,-5.0,0,2,-10,2,1.0,1.0,-0.0,197.8,197.0,0.8,0.96,1.0,-0.04,0.7,0.72,-0.02,129.4,132.0,-2.6,0.7,0.7,-0.0,0.27,0.25,0.02,0.99,0.1,0.89,-0.573,0.0,-0.573,-0.212,0.0,-0.212,-0.71,0.0,-0.71,-0.956,0.0,-0.956,-0.232,0.0,-0.232,-0.169,0.0,-0.169,0.029,0.0,0.029,-0.048,0.0,-0.048,-0.448,0.0,-0.448
742486,VARREL,T1,0,0.389,0.667,-0.278,0.7,0.7,0.0,2.0,7.2,-5.2,-4.0,0,2,-8,2,1.0,1.0,-0.0,192.5,196.2,-3.7,0.95,1.03,-0.08,0.69,0.72,-0.03,125.5,128.7,-3.2,0.7,0.7,-0.0,0.26,0.29,-0.03,1.058,1.09,-0.032,-0.725,0.035,-0.76,-0.976,-0.447,-0.529,-0.748,0.314,-1.062,-1.488,0.668,-2.156,-1.015,-0.381,-0.634,-1.008,-0.297,-0.711,-0.588,0.683,-1.271,0.539,0.799,-0.26,-0.815,0.18,-0.995
748621,Titan Esports Club,TYLOO,1,0.375,0.629,-0.254,0.5,0.7,-0.2,-4.4,6.4,-10.8,1.7,2,1,5,3,1.0,1.0,-0.0,202.0,201.5,0.5,0.99,1.01,-0.02,0.7,0.72,-0.02,132.7,134.0,-1.3,0.7,0.7,0.0,0.28,0.3,-0.02,0.822,0.947,-0.125,-0.098,0.704,-0.802,0.394,0.322,0.072,-0.23,0.112,-0.342,-0.822,0.786,-1.608,0.434,0.71,-0.276,0.276,0.181,0.095,0.32,0.986,-0.666,-1.683,-0.441,-1.242,-0.198,0.444,-0.642
742480,Nongshim RedForce,Global Esports,1,0.697,0.552,0.145,0.7,0.5,0.2,6.4,2.8,3.6,3.7,2,1,11,3,1.0,1.0,0.0,201.6,201.0,0.6,1.04,1.03,0.02,0.72,0.71,0.0,130.5,132.0,-1.5,0.7,0.7,0.0,0.28,0.25,0.03,1.01,1.01,0.0,0.412,0.266,0.146,0.337,0.25,0.087,0.499,0.26,0.239,0.411,0.133,0.278,-0.005,0.296,-0.301,0.401,0.339,0.062,0.32,-0.842,1.162,0.128,0.128,0.0,0.437,0.201,0.236
748620,Wolves Esports,KeepBest Gaming,0,0.238,0.0,0.238,0.3,0.0,0.3,-3.4,-10.3,6.9,-2.0,0,2,-4,2,1.0,1.0,-0.0,197.4,197.0,0.4,0.94,1.0,-0.06,0.7,0.72,-0.02,129.6,132.0,-2.4,0.7,0.7,-0.0,0.28,0.25,0.03,0.86,0.1,0.76,-0.39,0.0,-0.39,-0.269,0.0,-0.269,-1.0,0.0,-1.0,-0.687,0.0,-0.687,-0.184,0.0,-0.184,-0.557,0.0,-0.557,0.175,0.0,0.175,-1.286,0.0,-1.286,-0.651,0.0,-0.651
748619,Bilibili Gaming,Xi Lai Gaming,1,0.593,0.583,0.009,0.6,0.5,0.1,-5.4,-1.2,-4.2,3.0,2,0,6,2,1.0,1.0,-0.0,200.4,204.2,-3.8,1.0,1.02,-0.02,0.7,0.71,-0.01,128.2,130.6,-2.4,0.7,0.7,-0.0,0.28,0.26,0.02,0.841,1.083,-0.242,-0.364,-0.147,-0.217,0.168,0.707,-0.539,-0.092,0.158,-0.25,-0.822,0.087,-0.909,-0.478,0.012,-0.49,0.068,0.443,-0.375,0.372,-0.467,0.839,-1.478,0.745,-2.223,-0.236,0.206,-0.442
734312,LOUD,MIBR,1,0.45,0.556,-0.106,0.5,0.6,-0.1,2.4,-0.2,2.6,3.0,2,0,6,2,1.0,1.0,0.0,197.0,203.8,-6.8,1.04,1.05,-0.01,0.71,0.73,-0.01,130.3,134.1,-3.8,0.7,0.7,-0.0,0.3,0.29,0.02,1.085,1.03,0.055,0.75,0.613,0.137,-0.327,0.647,-0.974,0.413,0.545,-0.132,0.203,1.081,-0.878,-0.051,0.722,-0.773,-0.217,0.573,-0.79,1.228,0.592,0.636,0.758,0.301,0.457,0.313,0.608,-0.295
734311,LEVIATÁN,G2 Esports,0,0.656,0.605,0.051,0.8,0.7,0.1,4.6,6.4,-1.8,-2.0,1,2,-6,3,1.1,1.0,0.0,202.6,201.8,0.8,1.13,1.05,0.08,0.74,0.73,0.02,132.7,132.9,-0.2,0.7,0.7,0.0,0.29,0.29,0.0,1.232,1.034,0.198,1.069,0.631,0.438,0.481,0.366,0.115,1.562,0.552,1.01,2.133,0.975,1.158,0.443,0.475,-0.032,0.588,0.401,0.187,0.683,0.683,0.0,1.876,0.335,1.541,1.083,0.584,0.499
731401,Karmine Corp,Team Liquid,1,0.462,0.6,-0.138,0.7,0.7,0.0,8.6,9.2,-0.6,2.5,3,1,10,4,1.0,1.0,-0.0,197.6,201.8,-4.2,1.04,1.05,-0.01,0.72,0.73,-0.01,128.8,134.8,-6.0,0.7,0.7,-0.0,0.26,0.29,-0.02,1.088,1.054,0.034,0.084,0.777,-0.693,-0.24,0.366,-0.606,0.447,0.63,-0.183,0.833,1.404,-0.571,-0.346,0.865,-1.211,0.023,0.276,-0.253,-0.334,0.538,-0.872,0.783,0.503,0.28,0.096,0.673,-0.577
734310,MIBR,Evil Geniuses,1,0.538,0.381,0.158,0.6,0.5,0.1,1.4,0.2,1.2,1.7,2,1,5,3,1.0,1.0,0.1,203.8,192.8,11.0,1.05,0.94,0.11,0.73,0.7,0.03,134.1,128.5,5.6,0.7,0.7,0.0,0.29,0.26,0.03,1.03,1.006,0.024,0.613,-0.755,1.368,0.647,-0.933,1.58,0.545,-0.941,1.486,1.081,-1.09,2.171,0.722,-0.411,1.133,0.573,-0.952,1.525,0.592,-0.479,1.071,0.301,0.093,0.208,0.608,-0.778,1.386
734309,FURIA,G2 Esports,0,0.417,0.595,-0.178,0.3,0.6,-0.3,-1.6,2.4,-4.0,-2.0,1,2,-6,3,1.1,1.0,0.0,202.7,201.8,0.9,1.09,1.05,0.04,0.74,0.73,0.01,134.5,132.9,1.6,0.7,0.7,0.0,0.31,0.29,0.02,0.947,1.034,-0.087,1.373,0.631,0.742,0.491,0.366,0.125,1.049,0.552,0.497,1.742,0.975,0.767,0.815,0.475,0.34,0.547,0.401,0.146,1.289,0.683,0.606,-0.441,0.335,-0.776,0.855,0.584,0.271
731408,FUT Esports,Team Liquid,0,0.559,0.586,-0.027,0.7,0.6,0.1,3.6,5.6,-2.0,-5.3,0,3,-16,3,1.0,1.0,-0.1,196.0,201.8,-5.8,0.98,1.05,-0.07,0.71,0.73,-0.03,128.9,134.8,-5.9,0.7,0.7,-0.0,0.26,0.29,-0.03,1.006,1.054,-0.048,-0.427,0.777,-1.204,-0.471,0.366,-0.837,-0.341,0.63,-0.971,-0.416,1.404,-1.82,-0.322,0.865,-1.187,-0.297,0.276,-0.573,-0.406,0.538,-0.944,0.093,0.503,-0.41,-0.294,0.673,-0.967
742485,Gen.G,T1,0,0.5,0.655,-0.155,0.7,0.6,0.1,1.8,7.6,-5.8,-5.0,0,2,-10,2,1.0,1.0,-0.0,201.5,196.2,5.3,1.0,1.03,-0.03,0.72,0.72,-0.0,130.6,128.7,1.9,0.7,0.7,0.0,0.26,0.29,-0.03,1.018,1.09,-0.072,0.005,0.035,-0.03,0.322,-0.447,0.769,-0.023,0.314,-0.337,0.435,0.668,-0.233,0.005,-0.381,0.386,0.023,-0.297,0.32,-0.285,0.683,-0.968,0.201,0.799,-0.598,0.045,0.18,-0.135
742484,VARREL,Paper Rex,1,0.353,0.707,-0.354,0.6,0.4,0.2,1.4,4.4,-3.0,2.7,2,1,8,3,1.0,1.1,-0.1,192.5,205.8,-13.3,0.95,1.09,-0.14,0.69,0.73,-0.04,125.5,136.9,-11.4,0.7,0.7,-0.1,0.26,0.27,-0.01,1.058,1.138,-0.08,-0.725,0.886,-1.611,-0.976,0.943,-1.919,-0.748,1.116,-1.864,-1.488,1.26,-2.748,-1.015,1.301,-2.316,-1.008,1.079,-2.087,-0.588,-0.116,-0.472,0.539,1.178,-0.639,-0.815,1.052,-1.867
734305,100 Thieves,LEVIATÁN,1,0.724,0.677,0.047,0.9,0.9,0.0,8.2,11.2,-3.0,8.5,2,0,17,2,1.0,1.1,-0.0,200.6,202.6,-2.0,1.08,1.13,-0.05,0.73,0.74,-0.01,130.8,132.7,-1.9,0.7,0.7,-0.0,0.3,0.29,0.01,1.07,1.232,-0.162,0.85,1.069,-0.219,0.192,0.481,-0.289,0.914,1.562,-0.648,1.548,2.133,-0.585,0.06,0.443,-0.383,0.339,0.588,-0.249,1.119,0.683,0.436,0.636,1.876,-1.24,0.788,1.083,-0.295
734304,NRG,LOUD,1,0.675,0.474,0.201,0.8,0.6,0.2,8.4,2.2,6.2,4.0,2,1,12,3,1.0,1.0,-0.0,197.2,197.0,0.2,1.04,1.04,0.0,0.73,0.71,0.02,129.9,130.3,-0.4,0.7,0.7,0.0,0.3,0.3,-0.01,1.118,1.085,0.033,0.704,0.75,-0.046,-0.298,-0.327,0.029,0.447,0.413,0.034,1.404,0.203,1.201,-0.123,-0.051,-0.072,-0.105,-0.217,0.112,0.974,1.228,-0.254,1.022,0.758,0.264,0.538,0.313,0.225
731407,Team Liquid,Fire Flux Esports,1,0.571,1.0,-0.429,0.5,1.0,-0.5,7.0,4.5,2.5,3.0,2,0,6,2,1.0,1.0,0.0,201.8,197.0,4.8,1.05,1.0,0.05,0.73,0.72,0.01,134.8,132.0,2.8,0.7,0.7,0.0,0.29,0.25,0.04,1.054,0.1,0.954,0.777,0.0,0.777,0.366,0.0,0.366,0.63,0.0,0.63,1.404,0.0,1.404,0.865,0.0,0.865,0.276,0.0,0.276,0.538,0.0,0.538,0.503,0.0,0.503,0.673,0.0,0.673
731400,FUT Esports,Karmine Corp,0,0.576,0.44,0.136,0.7,0.7,0.0,3.6,9.0,-5.4,-6.0,0,2,-12,2,1.0,1.0,-0.0,196.0,197.6,-1.6,0.98,1.04,-0.06,0.71,0.72,-0.02,128.9,128.8,0.1,0.7,0.7,-0.0,0.26,0.26,-0.0,1.006,1.088,-0.082,-0.427,0.084,-0.511,-0.471,-0.24,-0.231,-0.341,0.447,-0.788,-0.416,0.833,-1.249,-0.322,-0.346,0.024,-0.297,0.023,-0.32,-0.406,-0.334,-0.072,0.093,0.783,-0.69,-0.294,0.096,-0.39
742483,KIWOOM DRX,T1,0,0.458,0.643,-0.185,0.3,0.6,-0.3,-5.2,3.0,-8.2,-4.5,0,2,-9,2,1.0,1.0,-0.0,197.0,196.2,0.8,1.0,1.03,-0.03,0.72,0.72,-0.0,132.0,128.7,3.3,0.7,0.7,0.0,0.25,0.29,-0.04,0.1,1.09,-0.99,0.0,0.035,-0.035,0.0,-0.447,0.447,0.0,0.314,-0.314,0.0,0.668,-0.668,0.0,-0.381,0.381,0.0,-0.297,0.297,0.0,0.683,-0.683,0.0,0.799,-0.799,0.0,0.18,-0.18
742482,Paper Rex,ONSIDE GAMING,1,0.7,1.0,-0.3,0.4,1.0,-0.6,3.4,7.5,-4.1,5.0,2,0,10,2,1.1,1.0,0.1,205.8,197.0,8.8,1.09,1.0,0.09,0.73,0.72,0.01,136.9,132.0,4.9,0.7,0.7,0.0,0.27,0.25,0.02,1.138,0.1,1.038,0.886,0.0,0.886,0.943,0.0,0.943,1.116,0.0,1.116,1.26,0.0,1.26,1.301,0.0,1.301,1.079,0.0,1.079,-0.116,0.0,-0.116,1.178,0.0,1.178,1.052,0.0,1.052
734303,LEVIATÁN,MIBR,1,0.667,0.56,0.107,0.9,0.6,0.3,7.6,5.8,1.8,8.0,2,0,16,2,1.1,1.0,0.0,202.6,203.8,-1.2,1.13,1.05,0.08,0.74,0.73,0.01,132.7,134.1,-1.4,0.7,0.7,0.0,0.29,0.29,0.0,1.232,1.03,0.202,1.069,0.613,0.456,0.481,0.647,-0.166,1.562,0.545,1.017,2.133,1.081,1.052,0.443,0.722,-0.279,0.588,0.573,0.015,0.683,0.592,0.091,1.876,0.301,1.575,1.083,0.608,0.475
734302,LOUD,FURIA,1,0.444,0.435,0.01,0.5,0.3,0.2,1.2,-0.8,2.0,6.5,2,0,13,2,1.0,1.1,-0.0,197.0,202.7,-5.7,1.04,1.09,-0.05,0.71,0.74,-0.02,130.3,134.5,-4.2,0.7,0.7,-0.0,0.3,0.31,-0.0,1.085,0.947,0.138,0.75,1.373,-0.623,-0.327,0.491,-0.818,0.413,1.049,-0.636,0.203,1.742,-1.539,-0.051,0.815,-0.866,-0.217,0.547,-0.764,1.228,1.289,-0.061,0.758,-0.441,1.199,0.313,0.855,-0.542
742479,VARREL,Global Esports,0,0.375,0.536,-0.161,0.6,0.5,0.1,4.6,3.8,0.8,-5.5,0,2,-11,2,1.0,1.0,-0.1,192.5,201.0,-8.5,0.95,1.03,-0.07,0.69,0.71,-0.02,125.5,132.0,-6.5,0.7,0.7,-0.0,0.26,0.25,0.01,1.058,1.01,0.048,-0.725,0.266,-0.991,-0.976,0.25,-1.226,-0.748,0.26,-1.008,-1.488,0.133,-1.621,-1.015,0.296,-1.311,-1.008,0.339,-1.347,-0.588,-0.842,0.254,0.539,0.128,0.411,-0.815,0.201,-1.016
742478,Gen.G,Nongshim RedForce,0,0.522,0.688,-0.166,0.8,0.6,0.2,4.0,8.2,-4.2,-1.0,1,2,-3,3,1.0,1.0,-0.0,201.5,201.6,-0.1,1.0,1.04,-0.04,0.72,0.72,0.0,130.6,130.5,0.1,0.7,0.7,-0.0,0.26,0.28,-0.02,1.018,1.01,0.008,0.005,0.412,-0.407,0.322,0.337,-0.015,-0.023,0.499,-0.522,0.435,0.411,0.024,0.005,-0.005,0.01,0.023,0.401,-0.378,-0.285,0.32,-0.605,0.201,0.128,0.073,0.045,0.437,-0.392
742477,Global Esports,KIWOOM DRX,1,0.519,0.478,0.04,0.4,0.3,0.1,4.8,-8.0,12.8,0.3,2,1,1,3,1.0,1.0,0.0,201.0,197.0,4.0,1.03,1.0,0.03,0.71,0.72,-0.01,132.0,132.0,0.0,0.7,0.7,0.0,0.25,0.25,-0.0,1.01,0.1,0.91,0.266,0.0,0.266,0.25,0.0,0.25,0.26,0.0,0.26,0.133,0.0,0.133,0.296,0.0,0.296,0.339,0.0,0.339,-0.842,0.0,-0.842,0.128,0.0,0.128,0.201,0.0,0.201
742476,Paper Rex,Nongshim RedForce,0,0.718,0.677,0.041,0.5,0.6,-0.1,4.8,7.4,-2.6,-4.5,0,2,-9,2,1.1,1.0,0.0,205.8,201.6,4.2,1.09,1.04,0.05,0.73,0.72,0.01,136.9,130.5,6.4,0.7,0.7,0.0,0.27,0.28,-0.01,1.138,1.01,0.128,0.886,0.412,0.474,0.943,0.337,0.606,1.116,0.499,0.617,1.26,0.411,0.849,1.301,-0.005,1.306,1.079,0.401,0.678,-0.116,0.32,-0.436,1.178,0.128,1.05,1.052,0.437,0.615
729759,Evil Geniuses,KRÜ Esports,1,0.35,0.381,-0.031,0.5,0.4,0.1,-4.4,3.8,-8.2,3.3,2,1,10,3,1.0,1.1,-0.1,192.8,208.5,-15.7,0.94,1.18,-0.24,0.7,0.7,-0.0,128.5,136.9,-8.4,0.7,0.8,-0.1,0.26,0.2,0.06,1.006,1.225,-0.219,-0.755,1.616,-2.371,-0.933,1.332,-2.265,-0.941,2.122,-3.063,-1.09,-0.822,-0.268,-0.411,1.307,-1.718,-0.952,2.0,-2.952,-0.479,-2.586,2.107,0.093,1.826,-1.733,-0.778,1.073,-1.851
729758,ENVY,G2 Esports,0,0.381,0.583,-0.202,0.3,0.6,-0.3,3.4,1.6,1.8,-3.3,1,2,-10,3,0.8,1.0,-0.2,177.0,201.8,-24.8,0.8,1.05,-0.25,0.68,0.73,-0.05,112.1,132.9,-20.8,0.6,0.7,-0.1,0.25,0.29,-0.04,0.91,1.034,-0.124,-3.855,0.631,-4.486,-3.213,0.366,-3.579,-3.155,0.552,-3.707,-2.143,0.975,-3.118,-3.746,0.475,-4.221,-3.041,0.401,-3.442,-0.77,0.683,-1.453,-0.789,0.335,-1.124,-2.794,0.584,-3.378
731406,BBL Esports,Fire Flux Esports,0,0.586,1.0,-0.414,0.6,1.0,-0.4,3.2,4.7,-1.5,-2.0,0,2,-4,2,1.0,1.0,0.0,197.5,197.0,0.5,1.0,1.0,0.0,0.71,0.72,-0.01,128.8,132.0,-3.2,0.7,0.7,-0.0,0.34,0.25,0.09,0.835,0.1,0.735,0.431,0.0,0.431,-0.255,0.0,-0.255,-0.023,0.0,-0.023,-0.142,0.0,-0.142,-0.34,0.0,-0.34,-0.297,0.0,-0.297,2.318,0.0,2.318,-1.545,0.0,-1.545,0.027,0.0,0.027
731404,Enterprise Esports,Team Liquid,0,0.857,0.556,0.302,0.857,0.4,0.457,3.2,7.8,-4.6,-5.5,0,2,-11,2,1.0,1.0,-0.0,197.0,201.8,-4.8,1.0,1.05,-0.05,0.72,0.73,-0.01,132.0,134.8,-2.8,0.7,0.7,-0.0,0.25,0.29,-0.04,0.1,1.054,-0.954,0.0,0.777,-0.777,0.0,0.366,-0.366,0.0,0.63,-0.63,0.0,1.404,-1.404,0.0,0.865,-0.865,0.0,0.276,-0.276,0.0,0.538,-0.538,0.0,0.503,-0.503,0.0,0.673,-0.673
730552,T1,DetonatioN FocusMe,1,0.63,0.478,0.151,0.5,0.5,0.0,4.0,9.8,-5.8,5.5,2,0,11,2,1.0,1.0,0.0,196.2,198.0,-1.8,1.03,0.97,0.06,0.72,0.71,0.02,128.7,128.4,0.3,0.7,0.7,0.0,0.29,0.26,0.03,1.09,0.946,0.144,0.035,-0.354,0.389,-0.447,-0.183,-0.264,0.314,-0.51,0.824,0.668,-0.416,1.084,-0.381,-0.432,0.051,-0.297,-0.362,0.065,0.683,-0.261,0.944,0.799,-0.447,1.246,0.18,-0.358,0.538
724645,JD Gaming,TYLOO,0,0.5,0.618,-0.118,0.6,0.7,-0.1,6.2,6.8,-0.6,-3.2,1,3,-13,4,1.0,1.0,-0.1,193.2,201.5,-8.3,0.96,1.01,-0.06,0.7,0.72,-0.02,125.8,134.0,-8.2,0.7,0.7,-0.0,0.29,0.3,-0.0,0.832,0.947,-0.115,-0.718,0.704,-1.422,-0.875,0.322,-1.197,-0.71,0.112,-0.822,-0.687,0.786,-1.473,-0.964,0.71,-1.674,-0.82,0.181,-1.001,0.829,0.986,-0.157,-1.577,-0.441,-1.136,-0.706,0.444,-1.15
729757,Sentinels,KRÜ Esports,0,0.435,0.35,0.085,0.4,0.3,0.1,-5.6,-1.2,-4.4,-5.5,0,2,-11,2,1.0,1.1,-0.1,193.2,208.5,-15.3,1.01,1.18,-0.17,0.71,0.7,0.01,128.9,136.9,-8.0,0.7,0.8,-0.1,0.27,0.2,0.07,0.905,1.225,-0.32,0.157,1.616,-1.459,-0.868,1.332,-2.2,0.011,2.122,-2.111,-0.313,-0.822,0.509,-0.335,1.307,-1.642,-0.869,2.0,-2.869,-0.134,-2.586,2.452,-0.837,1.826,-2.663,-0.356,1.073,-1.429
729756,BESTIA,G2 Esports,0,0.5,0.571,-0.071,0.5,0.5,0.0,-0.5,0.6,-1.1,-6.5,0,2,-13,2,1.0,1.0,-0.0,197.0,201.8,-4.8,1.0,1.05,-0.05,0.72,0.73,-0.01,132.0,132.9,-0.9,0.7,0.7,-0.0,0.25,0.29,-0.04,0.1,1.034,-0.934,0.0,0.631,-0.631,0.0,0.366,-0.366,0.0,0.552,-0.552,0.0,0.975,-0.975,0.0,0.475,-0.475,0.0,0.401,-0.401,0.0,0.683,-0.683,0.0,0.335,-0.335,0.0,0.584,-0.584
731403,Team Vitality,Fire Flux Esports,0,0.636,1.0,-0.364,0.6,1.0,-0.4,5.0,4.0,1.0,-2.0,1,2,-6,3,1.0,1.0,0.0,205.0,197.0,8.0,1.09,1.0,0.09,0.73,0.72,0.01,135.3,132.0,3.3,0.7,0.7,0.0,0.27,0.25,0.02,1.124,0.1,1.024,0.814,0.0,0.814,0.827,0.0,0.827,1.091,0.0,1.091,0.975,0.0,0.975,0.963,0.0,0.963,0.835,0.0,0.835,0.029,0.0,0.029,1.069,0.0,1.069,0.884,0.0,0.884
731402,Team Liquid,Eintracht Frankfurt,1,0.538,0.75,-0.212,0.3,0.75,-0.45,5.4,3.5,1.9,5.7,2,1,17,3,1.0,1.0,0.0,201.8,197.0,4.8,1.05,1.0,0.05,0.73,0.72,0.01,134.8,132.0,2.8,0.7,0.7,0.0,0.29,0.25,0.04,1.054,0.1,0.954,0.777,0.0,0.777,0.366,0.0,0.366,0.63,0.0,0.63,1.404,0.0,1.404,0.865,0.0,0.865,0.276,0.0,0.276,0.538,0.0,0.538,0.503,0.0,0.503,0.673,0.0,0.673
730550,DetonatioN FocusMe,ZETA DIVISION,1,0.455,0.278,0.177,0.4,0.4,0.0,4.8,-4.0,8.8,9.5,2,0,19,2,1.0,0.9,0.1,198.0,194.8,3.2,0.97,0.91,0.06,0.71,0.69,0.01,128.4,127.2,1.2,0.7,0.7,0.0,0.26,0.27,-0.0,0.946,0.875,0.071,-0.354,-1.302,0.948,-0.183,-0.652,0.469,-0.51,-1.462,0.952,-0.416,-1.157,0.741,-0.432,-0.686,0.254,-0.362,-0.869,0.507,-0.261,-0.225,-0.036,-0.447,-1.134,0.687,-0.358,-1.096,0.738
724651,Bilibili Gaming,TYLOO,0,0.615,0.606,0.009,0.6,0.7,-0.1,-1.6,3.2,-4.8,-3.7,0,3,-11,3,1.0,1.0,-0.1,200.4,201.5,-1.1,1.0,1.01,-0.01,0.7,0.72,-0.02,128.2,134.0,-5.8,0.7,0.7,-0.0,0.28,0.3,-0.02,0.841,0.947,-0.106,-0.364,0.704,-1.068,0.168,0.322,-0.154,-0.092,0.112,-0.204,-0.822,0.786,-1.608,-0.478,0.71,-1.188,0.068,0.181,-0.113,0.372,0.986,-0.614,-1.478,-0.441,-1.037,-0.236,0.444,-0.68
730549,ONSIDE GAMING,FULL SENSE,1,1.0,0.423,0.577,1.0,0.3,0.7,5.0,-2.4,7.4,5.0,2,0,10,2,1.0,1.0,-0.0,197.0,205.5,-8.5,1.0,1.03,-0.03,0.72,0.71,0.01,132.0,132.5,-0.5,0.7,0.7,-0.0,0.25,0.23,0.02,0.1,1.08,-0.98,0.0,0.02,-0.02,0.0,0.899,-0.899,0.0,0.38,-0.38,0.0,0.203,-0.203,0.0,0.402,-0.402,0.0,0.804,-0.804,0.0,-1.587,1.587,0.0,0.718,-0.718,0.0,0.261,-0.261
729751,FURIA,Evil Geniuses,1,0.409,0.368,0.041,0.2,0.5,-0.3,-3.0,-6.6,3.6,1.7,2,1,5,3,1.1,1.0,0.1,202.7,192.8,9.9,1.09,0.94,0.15,0.74,0.7,0.04,134.5,128.5,6.0,0.7,0.7,0.0,0.31,0.26,0.05,0.947,1.006,-0.059,1.373,-0.755,2.128,0.491,-0.933,1.424,1.049,-0.941,1.99,1.742,-1.09,2.832,0.815,-0.411,1.226,0.547,-0.952,1.499,1.289,-0.479,1.768,-0.441,0.093,-0.534,0.855,-0.778,1.633
729750,MIBR,ENVY,1,0.542,0.4,0.142,0.6,0.4,0.2,8.8,1.4,7.4,1.3,2,1,4,3,1.0,0.8,0.2,203.8,177.0,26.8,1.05,0.8,0.25,0.73,0.68,0.05,134.1,112.1,22.0,0.7,0.6,0.1,0.29,0.25,0.04,1.03,0.91,0.12,0.613,-3.855,4.468,0.647,-3.213,3.86,0.545,-3.155,3.7,1.081,-2.143,3.224,0.722,-3.746,4.468,0.573,-3.041,3.614,0.592,-0.77,1.362,0.301,-0.789,1.09,0.608,-2.794,3.402
731398,BBL Esports,FUT Esports,0,0.607,0.562,0.045,0.6,0.7,-0.1,6.0,2.0,4.0,-3.3,1,2,-10,3,1.0,1.0,0.0,197.5,196.0,1.5,1.0,0.98,0.02,0.71,0.71,0.0,128.8,128.9,-0.1,0.7,0.7,0.0,0.34,0.26,0.08,0.835,1.006,-0.171,0.431,-0.427,0.858,-0.255,-0.471,0.216,-0.023,-0.341,0.318,-0.142,-0.416,0.274,-0.34,-0.322,-0.018,-0.297,-0.297,0.0,2.318,-0.406,2.724,-1.545,0.093,-1.638,0.027,-0.294,0.321
731399,Karmine Corp,Enterprise Esports,1,0.417,1.0,-0.583,0.7,1.0,-0.3,9.6,7.6,2.0,2.0,2,1,6,3,1.0,1.0,0.0,197.6,197.0,0.6,1.04,1.0,0.04,0.72,0.72,0.0,128.8,132.0,-3.2,0.7,0.7,0.0,0.26,0.25,0.01,1.088,0.1,0.988,0.084,0.0,0.084,-0.24,0.0,-0.24,0.447,0.0,0.447,0.833,0.0,0.833,-0.346,0.0,-0.346,0.023,0.0,0.023,-0.334,0.0,-0.334,0.783,0.0,0.783,0.096,0.0,0.096
730544,T1,Nongshim RedForce,0,0.654,0.667,-0.013,0.5,0.6,-0.1,5.2,4.2,1.0,-5.5,0,2,-11,2,1.0,1.0,-0.0,196.2,201.6,-5.4,1.03,1.04,-0.01,0.72,0.72,0.0,128.7,130.5,-1.8,0.7,0.7,-0.0,0.29,0.28,0.01,1.09,1.01,0.08,0.035,0.412,-0.377,-0.447,0.337,-0.784,0.314,0.499,-0.185,0.668,0.411,0.257,-0.381,-0.005,-0.376,-0.297,0.401,-0.698,0.683,0.32,0.363,0.799,0.128,0.671,0.18,0.437,-0.257
724650,Nova Esports,TYLOO,0,0.591,0.594,-0.003,0.9,0.6,0.3,4.6,0.6,4.0,-4.5,0,2,-9,2,1.0,1.0,-0.1,207.0,201.5,5.5,1.05,1.01,0.03,0.7,0.72,-0.02,132.5,134.0,-1.5,0.7,0.7,0.0,0.25,0.3,-0.04,1.038,0.947,0.091,-0.281,0.704,-0.985,1.116,0.322,0.794,0.526,0.112,0.414,-0.552,0.786,-1.338,0.41,0.71,-0.3,0.896,0.181,0.715,-0.624,0.986,-1.61,0.369,-0.441,0.81,0.211,0.444,-0.233
724644,JD Gaming,Bilibili Gaming,1,0.485,0.64,-0.155,0.5,0.7,-0.2,3.2,1.8,1.4,5.5,2,0,11,2,1.0,1.0,-0.0,193.2,200.4,-7.2,0.96,1.0,-0.04,0.7,0.7,0.0,125.8,128.2,-2.4,0.7,0.7,-0.0,0.29,0.28,0.01,0.832,0.841,-0.009,-0.718,-0.364,-0.354,-0.875,0.168,-1.043,-0.71,-0.092,-0.618,-0.687,-0.822,0.135,-0.964,-0.478,-0.486,-0.82,0.068,-0.888,0.829,0.372,0.457,-1.577,-1.478,-0.099,-0.706,-0.236,-0.47
729755,KRÜ Esports,Fluxo W7M,1,0.316,0.0,0.316,0.2,0.0,0.2,-4.2,-12.0,7.8,3.5,2,0,7,2,1.1,1.0,0.1,208.5,197.0,11.5,1.18,1.0,0.18,0.7,0.72,-0.02,136.9,132.0,4.9,0.8,0.7,0.1,0.2,0.25,-0.05,1.225,0.1,1.125,1.616,0.0,1.616,1.332,0.0,1.332,2.122,0.0,2.122,-0.822,0.0,-0.822,1.307,0.0,1.307,2.0,0.0,2.0,-2.586,0.0,-2.586,1.826,0.0,1.826,1.073,0.0,1.073
729754,Sentinels,2Game Esports,1,0.409,0.0,0.409,0.4,0.0,0.4,-4.6,-7.0,2.4,4.0,2,0,8,2,1.0,1.0,0.0,193.2,197.0,-3.8,1.01,1.0,0.01,0.71,0.72,-0.01,128.9,132.0,-3.1,0.7,0.7,-0.0,0.27,0.25,0.02,0.905,0.1,0.805,0.157,0.0,0.157,-0.868,0.0,-0.868,0.011,0.0,0.011,-0.313,0.0,-0.313,-0.335,0.0,-0.335,-0.869,0.0,-0.869,-0.134,0.0,-0.134,-0.837,0.0,-0.837,-0.356,0.0,-0.356
731396,Team Liquid,FUT Esports,0,0.56,0.548,0.012,0.4,0.6,-0.2,2.6,3.8,-1.2,-2.0,0,2,-4,2,1.0,1.0,0.1,201.8,196.0,5.8,1.05,0.98,0.07,0.73,0.71,0.03,134.8,128.9,5.9,0.7,0.7,0.0,0.29,0.26,0.03,1.054,1.006,0.048,0.777,-0.427,1.204,0.366,-0.471,0.837,0.63,-0.341,0.971,1.404,-0.416,1.82,0.865,-0.322,1.187,0.276,-0.297,0.573,0.538,-0.406,0.944,0.503,0.093,0.41,0.673,-0.294,0.967
731397,Team Vitality,Enterprise Esports,0,0.656,1.0,-0.344,0.7,1.0,-0.3,7.2,9.2,-2.0,-1.3,1,2,-4,3,1.0,1.0,0.0,205.0,197.0,8.0,1.09,1.0,0.09,0.73,0.72,0.01,135.3,132.0,3.3,0.7,0.7,0.0,0.27,0.25,0.02,1.124,0.1,1.024,0.814,0.0,0.814,0.827,0.0,0.827,1.091,0.0,1.091,0.975,0.0,0.975,0.963,0.0,0.963,0.835,0.0,0.835,0.029,0.0,0.029,1.069,0.0,1.069,0.884,0.0,0.884
730548,ZETA DIVISION,Xipto Esports,1,0.235,0.0,0.235,0.3,0.0,0.3,-2.0,-4.5,2.5,0.7,2,1,2,3,0.9,1.0,-0.1,194.8,197.0,-2.2,0.91,1.0,-0.09,0.69,0.72,-0.03,127.2,132.0,-4.8,0.7,0.7,-0.0,0.27,0.25,0.02,0.875,0.1,0.775,-1.302,0.0,-1.302,-0.652,0.0,-0.652,-1.462,0.0,-1.462,-1.157,0.0,-1.157,-0.686,0.0,-0.686,-0.869,0.0,-0.869,-0.225,0.0,-0.225,-1.134,0.0,-1.134,-1.096,0.0,-1.096
724648,Xi Lai Gaming,Nova Esports,0,0.6,0.571,0.029,0.5,0.9,-0.4,-0.6,3.4,-4.0,-3.7,1,2,-11,3,1.0,1.0,0.0,204.2,207.0,-2.8,1.02,1.05,-0.03,0.71,0.7,0.01,130.6,132.5,-1.9,0.7,0.7,-0.0,0.26,0.25,0.0,1.083,1.038,0.045,-0.147,-0.281,0.134,0.707,1.116,-0.409,0.158,0.526,-0.368,0.087,-0.552,0.639,0.012,0.41,-0.398,0.443,0.896,-0.453,-0.467,-0.624,0.157,0.745,0.369,0.376,0.206,0.211,-0.005
724649,TYLOO,All Gamers,1,0.581,0.595,-0.014,0.5,0.5,0.0,-0.8,2.4,-3.2,3.0,2,0,6,2,1.0,1.0,0.0,201.5,202.8,-1.3,1.01,1.04,-0.02,0.72,0.72,0.01,134.0,130.2,3.8,0.7,0.7,-0.0,0.3,0.28,0.02,0.947,1.06,-0.113,0.704,0.339,0.365,0.322,0.51,-0.188,0.112,0.42,-0.308,0.786,0.272,0.514,0.71,-0.07,0.78,0.181,0.401,-0.22,0.986,0.247,0.739,-0.441,0.553,-0.994,0.444,0.375,0.069
730547,DetonatioN FocusMe,QT DIG∞,1,0.429,0.0,0.429,0.3,0.0,0.3,2.2,-10.0,12.2,2.7,2,1,8,3,1.0,1.0,-0.0,198.0,197.0,1.0,0.97,1.0,-0.03,0.71,0.72,-0.01,128.4,132.0,-3.6,0.7,0.7,-0.0,0.26,0.25,0.01,0.946,0.1,0.846,-0.354,0.0,-0.354,-0.183,0.0,-0.183,-0.51,0.0,-0.51,-0.416,0.0,-0.416,-0.432,0.0,-0.432,-0.362,0.0,-0.362,-0.261,0.0,-0.261,-0.447,0.0,-0.447,-0.358,0.0,-0.358
729753,G2 Esports,M80,1,0.559,0.0,0.559,0.4,0.0,0.4,2.8,-10.0,12.8,4.0,2,0,8,2,1.0,1.0,0.0,201.8,197.0,4.8,1.05,1.0,0.05,0.73,0.72,0.01,132.9,132.0,0.9,0.7,0.7,0.0,0.29,0.25,0.04,1.034,0.1,0.934,0.631,0.0,0.631,0.366,0.0,0.366,0.552,0.0,0.552,0.975,0.0,0.975,0.475,0.0,0.475,0.401,0.0,0.401,0.683,0.0,0.683,0.335,0.0,0.335,0.584,0.0,0.584
729752,Cloud9,BESTIA,0,0.381,0.0,0.381,0.3,0.0,0.3,4.6,-9.0,13.6,-4.0,0,2,-8,2,1.0,1.0,-0.0,191.0,197.0,-6.0,0.96,1.0,-0.04,0.72,0.72,0.0,124.7,132.0,-7.3,0.7,0.7,-0.0,0.29,0.25,0.04,0.986,0.1,0.886,-0.463,0.0,-0.463,-1.193,0.0,-1.193,-0.652,0.0,-0.652,0.692,0.0,0.692,-1.184,0.0,-1.184,-0.952,0.0,-0.952,0.756,0.0,0.756,-0.083,0.0,-0.083,-0.499,0.0,-0.499
724643,Xi Lai Gaming,Bilibili Gaming,0,0.618,0.625,-0.007,0.5,0.6,-0.1,1.4,1.8,-0.4,-1.7,1,2,-5,3,1.0,1.0,0.0,204.2,200.4,3.8,1.02,1.0,0.02,0.71,0.7,0.01,130.6,128.2,2.4,0.7,0.7,0.0,0.26,0.28,-0.02,1.083,0.841,0.242,-0.147,-0.364,0.217,0.707,0.168,0.539,0.158,-0.092,0.25,0.087,-0.822,0.909,0.012,-0.478,0.49,0.443,0.068,0.375,-0.467,0.372,-0.839,0.745,-1.478,2.223,0.206,-0.236,0.442
730546,FULL SENSE,Rex Regum Qeon,1,0.4,0.5,-0.1,0.2,0.4,-0.2,-2.8,-2.2,-0.6,-0.3,2,1,-1,3,1.0,1.0,0.0,205.5,195.6,9.9,1.03,0.99,0.04,0.71,0.71,0.0,132.5,128.4,4.1,0.7,0.7,0.0,0.23,0.28,-0.06,1.08,0.904,0.176,0.02,-0.025,0.045,0.899,-0.529,1.428,0.38,-0.23,0.61,0.203,-0.005,0.208,0.402,-0.432,0.834,0.804,-0.557,1.361,-1.587,0.465,-2.052,0.718,-0.847,1.565,0.261,-0.242,0.503
724642,TYLOO,JD Gaming,0,0.6,0.469,0.131,0.6,0.4,0.2,2.4,0.6,1.8,-2.3,1,2,-7,3,1.0,1.0,0.1,201.5,193.2,8.3,1.01,0.96,0.06,0.72,0.7,0.02,134.0,125.8,8.2,0.7,0.7,0.0,0.3,0.29,0.0,0.947,0.832,0.115,0.704,-0.718,1.422,0.322,-0.875,1.197,0.112,-0.71,0.822,0.786,-0.687,1.473,0.71,-0.964,1.674,0.181,-0.82,1.001,0.986,0.829,0.157,-0.441,-1.577,1.136,0.444,-0.706,1.15
730545,Team Secret,ONSIDE GAMING,0,0.222,0.0,0.222,0.3,0.0,0.3,-7.6,0.0,-7.6,-2.5,0,2,-5,2,0.9,1.0,-0.1,200.0,197.0,3.0,0.92,1.0,-0.08,0.69,0.72,-0.03,133.7,132.0,1.7,0.7,0.7,0.0,0.21,0.25,-0.04,0.995,0.1,0.895,-1.576,0.0,-1.576,0.106,0.0,0.106,-1.311,0.0,-1.311,-1.157,0.0,-1.157,0.646,0.0,0.646,0.023,0.0,0.023,-2.223,0.0,-2.223,-0.003,0.0,-0.003,-0.868,0.0,-0.868
729749,Evil Geniuses,Cloud9,1,0.333,0.4,-0.067,0.4,0.3,0.1,-4.4,1.2,-5.6,0.7,2,1,2,3,1.0,1.0,-0.0,192.8,191.0,1.8,0.94,0.96,-0.02,0.7,0.72,-0.03,128.5,124.7,3.8,0.7,0.7,0.0,0.26,0.29,-0.03,1.006,0.986,0.02,-0.755,-0.463,-0.292,-0.933,-1.193,0.26,-0.941,-0.652,-0.289,-1.09,0.692,-1.782,-0.411,-1.184,0.773,-0.952,-0.952,0.0,-0.479,0.756,-1.235,0.093,-0.083,0.176,-0.778,-0.499,-0.279
729748,G2 Esports,FURIA,0,0.576,0.381,0.195,0.4,0.1,0.3,1.8,-5.6,7.4,-1.7,1,2,-5,3,1.0,1.1,-0.0,201.8,202.7,-0.9,1.05,1.09,-0.04,0.73,0.74,-0.01,132.9,134.5,-1.6,0.7,0.7,-0.0,0.29,0.31,-0.02,1.034,0.947,0.087,0.631,1.373,-0.742,0.366,0.491,-0.125,0.552,1.049,-0.497,0.975,1.742,-0.767,0.475,0.815,-0.34,0.401,0.547,-0.146,0.683,1.289,-0.606,0.335,-0.441,0.776,0.584,0.855,-0.271
729681,Eternal Fire,Eintracht Frankfurt,0,0.52,0.667,-0.147,0.3,0.667,-0.367,-4.0,2.0,-6.0,-4.0,0,2,-8,2,1.0,1.0,-0.0,199.8,197.0,2.8,0.95,1.0,-0.05,0.69,0.72,-0.03,131.4,132.0,-0.6,0.7,0.7,-0.0,0.26,0.25,0.01,1.03,0.1,0.93,-0.527,0.0,-0.527,0.07,0.0,0.07,-0.76,0.0,-0.76,-1.817,0.0,-1.817,0.183,0.0,0.183,-0.057,0.0,-0.057,-0.406,0.0,-0.406,0.301,0.0,0.301,-0.373,0.0,-0.373
724647,All Gamers,Trace Esports,1,0.583,0.393,0.19,0.5,0.5,0.0,-0.4,4.4,-4.8,1.3,2,1,4,3,1.0,1.0,0.1,202.8,197.8,5.0,1.04,0.96,0.08,0.72,0.7,0.02,130.2,129.4,0.8,0.7,0.7,0.0,0.28,0.27,0.01,1.06,0.99,0.07,0.339,-0.573,0.912,0.51,-0.212,0.722,0.42,-0.71,1.13,0.272,-0.956,1.228,-0.07,-0.232,0.162,0.401,-0.169,0.57,0.247,0.029,0.218,0.553,-0.048,0.601,0.375,-0.448,0.823
730542,Nongshim RedForce,Team Secret,1,0.655,0.235,0.42,0.5,0.4,0.1,2.4,-2.2,4.6,6.0,2,0,12,2,1.0,0.9,0.1,201.6,200.0,1.6,1.04,0.92,0.13,0.72,0.69,0.02,130.5,133.7,-3.2,0.7,0.7,0.0,0.28,0.21,0.07,1.01,0.995,0.015,0.412,-1.576,1.988,0.337,0.106,0.231,0.499,-1.311,1.81,0.411,-1.157,1.568,-0.005,0.646,-0.651,0.401,0.023,0.378,0.32,-2.223,2.543,0.128,-0.003,0.131,0.437,-0.868,1.305
724646,Titan Esports Club,Nova Esports,0,0.387,0.55,-0.163,0.5,0.9,-0.4,-1.0,2.4,-3.4,-3.5,0,2,-7,2,1.0,1.0,0.0,202.0,207.0,-5.0,0.99,1.05,-0.06,0.7,0.7,-0.0,132.7,132.5,0.2,0.7,0.7,-0.0,0.28,0.25,0.03,0.822,1.038,-0.216,-0.098,-0.281,0.183,0.394,1.116,-0.722,-0.23,0.526,-0.756,-0.822,-0.552,-0.27,0.434,0.41,0.024,0.276,0.896,-0.62,0.32,-0.624,0.944,-1.683,0.369,-2.052,-0.198,0.211,-0.409
730541,T1,FULL SENSE,1,0.64,0.417,0.223,0.5,0.2,0.3,2.2,-2.6,4.8,8.5,2,0,17,2,1.0,1.0,0.0,196.2,205.5,-9.3,1.03,1.03,-0.0,0.72,0.71,0.01,128.7,132.5,-3.8,0.7,0.7,-0.0,0.29,0.23,0.06,1.09,1.08,0.01,0.035,0.02,0.015,-0.447,0.899,-1.346,0.314,0.38,-0.066,0.668,0.203,0.465,-0.381,0.402,-0.783,-0.297,0.804,-1.101,0.683,-1.587,2.27,0.799,0.718,0.081,0.18,0.261,-0.081
729747,Sentinels,ENVY,0,0.429,0.368,0.06,0.5,0.4,0.1,-0.2,-5.0,4.8,-6.5,0,2,-13,2,1.0,0.8,0.2,193.2,177.0,16.2,1.01,0.8,0.21,0.71,0.68,0.03,128.9,112.1,16.8,0.7,0.6,0.1,0.27,0.25,0.02,0.905,0.91,-0.005,0.157,-3.855,4.012,-0.868,-3.213,2.345,0.011,-3.155,3.166,-0.313,-2.143,1.83,-0.335,-3.746,3.411,-0.869,-3.041,2.172,-0.134,-0.77,0.636,-0.837,-0.789,-0.048,-0.356,-2.794,2.438
729746,MIBR,KRÜ Esports,1,0.522,0.333,0.188,0.6,0.2,0.4,4.6,-4.6,9.2,7.0,2,0,14,2,1.0,1.1,-0.1,203.8,208.5,-4.7,1.05,1.18,-0.13,0.73,0.7,0.03,134.1,136.9,-2.8,0.7,0.8,-0.0,0.29,0.2,0.09,1.03,1.225,-0.195,0.613,1.616,-1.003,0.647,1.332,-0.685,0.545,2.122,-1.577,1.081,-0.822,1.903,0.722,1.307,-0.585,0.573,2.0,-1.427,0.592,-2.586,3.178,0.301,1.826,-1.525,0.608,1.073,-0.465
729672,FUT Esports,Eternal Fire,1,0.533,0.542,-0.008,0.6,0.4,0.2,3.8,-4.6,8.4,3.0,2,0,6,2,1.0,1.0,0.0,196.0,199.8,-3.8,0.98,0.95,0.03,0.71,0.69,0.02,128.9,131.4,-2.5,0.7,0.7,-0.0,0.26,0.26,0.0,1.006,1.03,-0.024,-0.427,-0.527,0.1,-0.471,0.07,-0.541,-0.341,-0.76,0.419,-0.416,-1.817,1.401,-0.322,0.183,-0.505,-0.297,-0.057,-0.24,-0.406,-0.406,0.0,0.093,0.301,-0.208,-0.294,-0.373,0.079
724640,Xi Lai Gaming,All Gamers,1,0.606,0.6,0.006,0.4,0.5,-0.1,3.2,-0.8,4.0,0.3,2,1,1,3,1.0,1.0,-0.0,204.2,202.8,1.4,1.02,1.04,-0.02,0.71,0.72,-0.0,130.6,130.2,0.4,0.7,0.7,0.0,0.26,0.28,-0.02,1.083,1.06,0.023,-0.147,0.339,-0.486,0.707,0.51,0.197,0.158,0.42,-0.262,0.087,0.272,-0.185,0.012,-0.07,0.082,0.443,0.401,0.042,-0.467,0.247,-0.714,0.745,0.553,0.192,0.206,0.375,-0.169
730540,DetonatioN FocusMe,Sharper Esports,0,0.45,1.0,-0.55,0.4,1.0,-0.6,0.2,-2.0,2.2,-0.3,1,2,-1,3,1.0,1.0,-0.0,198.0,197.0,1.0,0.97,1.0,-0.03,0.71,0.72,-0.01,128.4,132.0,-3.6,0.7,0.7,-0.0,0.26,0.25,0.01,0.946,0.1,0.846,-0.354,0.0,-0.354,-0.183,0.0,-0.183,-0.51,0.0,-0.51,-0.416,0.0,-0.416,-0.432,0.0,-0.432,-0.362,0.0,-0.362,-0.261,0.0,-0.261,-0.447,0.0,-0.447,-0.358,0.0,-0.358
724641,Bilibili Gaming,Trace Esports,1,0.609,0.407,0.201,0.6,0.5,0.1,2.2,6.4,-4.2,0.3,2,1,1,3,1.0,1.0,0.0,200.4,197.8,2.6,1.0,0.96,0.04,0.7,0.7,0.0,128.2,129.4,-1.2,0.7,0.7,0.0,0.28,0.27,0.01,0.841,0.99,-0.149,-0.364,-0.573,0.209,0.168,-0.212,0.38,-0.092,-0.71,0.618,-0.822,-0.956,0.134,-0.478,-0.232,-0.246,0.068,-0.169,0.237,0.372,0.029,0.343,-1.478,-0.048,-1.43,-0.236,-0.448,0.212
730539,ZETA DIVISION,KIWOOM DRX,0,0.25,0.455,-0.205,0.3,0.3,0.0,-2.2,-7.2,5.0,-2.3,1,2,-7,3,0.9,1.0,-0.1,194.8,197.0,-2.2,0.91,1.0,-0.09,0.69,0.72,-0.03,127.2,132.0,-4.8,0.7,0.7,-0.0,0.27,0.25,0.02,0.875,0.1,0.775,-1.302,0.0,-1.302,-0.652,0.0,-0.652,-1.462,0.0,-1.462,-1.157,0.0,-1.157,-0.686,0.0,-0.686,-0.869,0.0,-0.869,-0.225,0.0,-0.225,-1.134,0.0,-1.134,-1.096,0.0,-1.096
729745,Cloud9,Fluxo W7M,1,0.368,0.0,0.368,0.3,0.0,0.3,-3.0,0.0,-3.0,4.0,2,1,12,3,1.0,1.0,-0.0,191.0,197.0,-6.0,0.96,1.0,-0.04,0.72,0.72,0.0,124.7,132.0,-7.3,0.7,0.7,-0.0,0.29,0.25,0.04,0.986,0.1,0.886,-0.463,0.0,-0.463,-1.193,0.0,-1.193,-0.652,0.0,-0.652,0.692,0.0,0.692,-1.184,0.0,-1.184,-0.952,0.0,-0.952,0.756,0.0,0.756,-0.083,0.0,-0.083,-0.499,0.0,-0.499
729744,FURIA,2Game Esports,1,0.35,0.0,0.35,0.0,0.0,0.0,-6.6,0.0,-6.6,2.3,2,1,7,3,1.1,1.0,0.1,202.7,197.0,5.7,1.09,1.0,0.09,0.74,0.72,0.02,134.5,132.0,2.5,0.7,0.7,0.0,0.31,0.25,0.06,0.947,0.1,0.847,1.373,0.0,1.373,0.491,0.0,0.491,1.049,0.0,1.049,1.742,0.0,1.742,0.815,0.0,0.815,0.547,0.0,0.547,1.289,0.0,1.289,-0.441,0.0,-0.441,0.855,0.0,0.855
729680,Joblife,FNATIC,1,0.333,0.542,-0.208,0.333,0.4,-0.067,-2.7,-4.4,1.7,3.5,2,0,7,2,1.0,1.0,-0.0,197.0,205.8,-8.8,1.0,1.05,-0.05,0.72,0.7,0.02,132.0,135.8,-3.8,0.7,0.7,-0.0,0.25,0.22,0.03,0.1,1.042,-0.942,0.0,0.385,-0.385,0.0,0.935,-0.935,0.0,0.578,-0.578,0.0,-0.653,0.653,0.0,1.068,-1.068,0.0,0.881,-0.881,0.0,-1.859,1.859,0.0,0.407,-0.407,0.0,0.384,-0.384
729678,Eintracht Frankfurt,Team Heretics,1,0.5,0.586,-0.086,0.5,0.6,-0.1,-1.0,0.0,-1.0,4.0,2,0,8,2,1.0,1.0,-0.0,197.0,203.3,-6.3,1.0,1.04,-0.04,0.72,0.73,-0.01,132.0,134.5,-2.5,0.7,0.7,-0.0,0.25,0.25,0.0,0.1,1.163,-1.063,0.0,0.461,-0.461,0.0,0.587,-0.587,0.0,0.447,-0.447,0.0,1.26,-1.26,0.0,0.802,-0.802,0.0,0.65,-0.65,0.0,-0.77,0.77,0.0,1.371,-1.371,0.0,0.618,-0.618
730538,Team Secret,Xipto Esports,1,0.188,0.0,0.188,0.3,0.0,0.3,-4.6,-2.0,-2.6,3.5,2,0,7,2,0.9,1.0,-0.1,200.0,197.0,3.0,0.92,1.0,-0.08,0.69,0.72,-0.03,133.7,132.0,1.7,0.7,0.7,0.0,0.21,0.25,-0.04,0.995,0.1,0.895,-1.576,0.0,-1.576,0.106,0.0,0.106,-1.311,0.0,-1.311,-1.157,0.0,-1.157,0.646,0.0,0.646,0.023,0.0,0.023,-2.223,0.0,-2.223,-0.003,0.0,-0.003,-0.868,0.0,-0.868
724638,TYLOO,Titan Esports Club,1,0.586,0.4,0.186,0.6,0.5,0.1,3.0,0.8,2.2,7.5,2,0,15,2,1.0,1.0,0.0,201.5,202.0,-0.5,1.01,0.99,0.02,0.72,0.7,0.02,134.0,132.7,1.3,0.7,0.7,-0.0,0.3,0.28,0.02,0.947,0.822,0.125,0.704,-0.098,0.802,0.322,0.394,-0.072,0.112,-0.23,0.342,0.786,-0.822,1.608,0.71,0.434,0.276,0.181,0.276,-0.095,0.986,0.32,0.666,-0.441,-1.683,1.242,0.444,-0.198,0.642
724639,Nova Esports,JD Gaming,0,0.579,0.452,0.127,1.0,0.3,0.7,6.0,-1.6,7.6,-5.0,0,2,-10,2,1.0,1.0,0.0,207.0,193.2,13.8,1.05,0.96,0.09,0.7,0.7,0.0,132.5,125.8,6.7,0.7,0.7,0.1,0.25,0.29,-0.04,1.038,0.832,0.206,-0.281,-0.718,0.437,1.116,-0.875,1.991,0.526,-0.71,1.236,-0.552,-0.687,0.135,0.41,-0.964,1.374,0.896,-0.82,1.716,-0.624,0.829,-1.453,0.369,-1.577,1.946,0.211,-0.706,0.917
730537,FULL SENSE,QT DIG∞,1,0.391,0.0,0.391,0.1,0.0,0.1,-5.2,0.0,-5.2,3.3,2,1,10,3,1.0,1.0,0.0,205.5,197.0,8.5,1.03,1.0,0.03,0.71,0.72,-0.01,132.5,132.0,0.5,0.7,0.7,0.0,0.23,0.25,-0.02,1.08,0.1,0.98,0.02,0.0,0.02,0.899,0.0,0.899,0.38,0.0,0.38,0.203,0.0,0.203,0.402,0.0,0.402,0.804,0.0,0.804,-1.587,0.0,-1.587,0.718,0.0,0.718,0.261,0.0,0.261
729743,ENVY,M80,1,0.333,0.0,0.333,0.3,0.0,0.3,-9.6,0.0,-9.6,5.0,2,0,10,2,0.8,1.0,-0.2,177.0,197.0,-20.0,0.8,1.0,-0.2,0.68,0.72,-0.04,112.1,132.0,-19.9,0.6,0.7,-0.1,0.25,0.25,0.0,0.91,0.1,0.81,-3.855,0.0,-3.855,-3.213,0.0,-3.213,-3.155,0.0,-3.155,-2.143,0.0,-2.143,-3.746,0.0,-3.746,-3.041,0.0,-3.041,-0.77,0.0,-0.77,-0.789,0.0,-0.789,-2.794,0.0,-2.794
729742,KRÜ Esports,BESTIA,1,0.294,0.0,0.294,0.2,0.0,0.2,-8.0,0.0,-8.0,3.0,2,1,9,3,1.1,1.0,0.1,208.5,197.0,11.5,1.18,1.0,0.18,0.7,0.72,-0.02,136.9,132.0,4.9,0.8,0.7,0.1,0.2,0.25,-0.05,1.225,0.1,1.125,1.616,0.0,1.616,1.332,0.0,1.332,2.122,0.0,2.122,-0.822,0.0,-0.822,1.307,0.0,1.307,2.0,0.0,2.0,-2.586,0.0,-2.586,1.826,0.0,1.826,1.073,0.0,1.073
729677,GIANTX,FNATIC,0,0.348,0.522,-0.174,0.3,0.3,0.0,-2.2,-7.8,5.6,-7.0,0,2,-14,2,1.0,1.0,-0.1,195.7,205.8,-10.1,0.97,1.05,-0.08,0.69,0.7,-0.02,127.3,135.8,-8.5,0.7,0.7,-0.0,0.23,0.22,0.01,0.94,1.042,-0.102,-0.755,0.385,-1.14,-0.519,0.935,-1.454,-0.463,0.578,-1.041,-1.708,-0.653,-1.055,-0.649,1.068,-1.717,-0.083,0.881,-0.964,-1.496,-1.859,0.363,-0.503,0.407,-0.91,-0.718,0.384,-1.102
730536,Rex Regum Qeon,Sharper Esports,0,0.52,0.0,0.52,0.4,0.0,0.4,-3.8,0.0,-3.8,0.7,1,2,2,3,1.0,1.0,0.0,195.6,197.0,-1.4,0.99,1.0,-0.01,0.71,0.72,-0.01,128.4,132.0,-3.6,0.7,0.7,-0.0,0.28,0.25,0.03,0.904,0.1,0.804,-0.025,0.0,-0.025,-0.529,0.0,-0.529,-0.23,0.0,-0.23,-0.005,0.0,-0.005,-0.432,0.0,-0.432,-0.557,0.0,-0.557,0.465,0.0,0.465,-0.847,0.0,-0.847,-0.242,0.0,-0.242
729675,Team Heretics,Natus Vincere,1,0.571,0.417,0.155,0.5,0.4,0.1,2.0,-5.0,7.0,2.0,2,1,6,3,1.0,1.1,-0.1,203.3,220.5,-17.2,1.04,1.18,-0.14,0.73,0.71,0.02,134.5,145.7,-11.2,0.7,0.8,-0.1,0.25,0.27,-0.02,1.163,1.045,0.118,0.461,2.528,-2.067,0.587,3.064,-2.477,0.447,2.122,-1.675,1.26,0.203,1.057,0.802,3.086,-2.284,0.65,2.716,-2.066,-0.77,-0.225,-0.545,1.371,0.428,0.943,0.618,1.837,-1.219
729674,Gentle Mates,Eintracht Frankfurt,0,0.556,0.0,0.556,0.5,0.0,0.5,-4.8,-8.0,3.2,-3.0,0,2,-6,2,1.1,1.0,0.1,207.3,197.0,10.3,1.05,1.0,0.05,0.73,0.72,0.01,136.1,132.0,4.1,0.7,0.7,0.0,0.29,0.25,0.04,0.947,0.1,0.847,0.947,0.0,0.947,1.164,0.0,1.164,0.621,0.0,0.621,1.022,0.0,1.022,1.127,0.0,1.127,1.059,0.0,1.059,0.683,0.0,0.683,-0.441,0.0,-0.441,0.807,0.0,0.807
724634,JD Gaming,Trace Esports,0,0.467,0.385,0.082,0.3,0.4,-0.1,1.6,6.0,-4.4,-4.0,0,2,-8,2,1.0,1.0,-0.0,193.2,197.8,-4.6,0.96,0.96,0.0,0.7,0.7,0.0,125.8,129.4,-3.6,0.7,0.7,-0.0,0.29,0.27,0.02,0.832,0.99,-0.158,-0.718,-0.573,-0.145,-0.875,-0.212,-0.663,-0.71,-0.71,0.0,-0.687,-0.956,0.269,-0.964,-0.232,-0.732,-0.82,-0.169,-0.651,0.829,0.029,0.8,-1.577,-0.048,-1.529,-0.706,-0.448,-0.258
724633,All Gamers,Titan Esports Club,0,0.618,0.379,0.238,0.6,0.4,0.2,2.0,-2.0,4.0,-1.0,1,2,-3,3,1.0,1.0,0.0,202.8,202.0,0.8,1.04,0.99,0.05,0.72,0.7,0.02,130.2,132.7,-2.5,0.7,0.7,0.0,0.28,0.28,-0.0,1.06,0.822,0.238,0.339,-0.098,0.437,0.51,0.394,0.116,0.42,-0.23,0.65,0.272,-0.822,1.094,-0.07,0.434,-0.504,0.401,0.276,0.125,0.247,0.32,-0.073,0.553,-1.683,2.236,0.375,-0.198,0.573
724632,Dragon Ranger Gaming,Trace Esports,0,0.429,0.36,0.069,0.4,0.3,0.1,1.8,2.6,-0.8,-3.0,1,2,-9,3,1.0,1.0,0.0,197.5,197.8,-0.3,0.98,0.96,0.02,0.72,0.7,0.02,128.7,129.4,-0.7,0.7,0.7,-0.0,0.31,0.27,0.04,0.985,0.99,-0.005,-0.177,-0.573,0.396,-0.255,-0.212,-0.043,-0.369,-0.71,0.341,0.435,-0.956,1.391,-0.381,-0.232,-0.149,-0.244,-0.169,-0.075,1.47,0.029,1.441,-0.092,-0.048,-0.044,-0.115,-0.448,0.333
724631,JD Gaming,EDward Gaming,1,0.448,0.629,-0.18,0.3,0.6,-0.3,-2.4,4.2,-6.6,5.5,2,0,11,2,1.0,1.0,-0.0,193.2,201.8,-8.6,0.96,1.01,-0.06,0.7,0.71,-0.01,125.8,130.8,-5.0,0.7,0.7,-0.0,0.29,0.29,0.0,0.832,0.973,-0.141,-0.718,-0.086,-0.632,-0.875,0.37,-1.245,-0.71,0.112,-0.822,-0.687,-0.256,-0.431,-0.964,0.063,-1.027,-0.82,0.287,-1.107,0.829,0.804,0.025,-1.577,-0.197,-1.38,-0.706,0.116,-0.822
724630,Titan Esports Club,Dragon Ranger Gaming,1,0.357,0.444,-0.087,0.4,0.4,0.0,-2.6,-0.8,-1.8,-1.0,2,1,-3,3,1.0,1.0,0.0,202.0,197.5,4.5,0.99,0.98,0.01,0.7,0.72,-0.02,132.7,128.7,4.0,0.7,0.7,0.0,0.28,0.31,-0.03,0.822,0.985,-0.163,-0.098,-0.177,0.079,0.394,-0.255,0.649,-0.23,-0.369,0.139,-0.822,0.435,-1.257,0.434,-0.381,0.815,0.276,-0.244,0.52,0.32,1.47,-1.15,-1.683,-0.092,-1.591,-0.198,-0.115,-0.083
724629,All Gamers,JD Gaming,1,0.606,0.464,0.142,0.5,0.3,0.2,0.2,-3.2,3.4,2.0,2,0,4,2,1.0,1.0,0.1,202.8,193.2,9.6,1.04,0.96,0.08,0.72,0.7,0.01,130.2,125.8,4.4,0.7,0.7,0.0,0.28,0.29,-0.02,1.06,0.832,0.228,0.339,-0.718,1.057,0.51,-0.875,1.385,0.42,-0.71,1.13,0.272,-0.687,0.959,-0.07,-0.964,0.894,0.401,-0.82,1.221,0.247,0.829,-0.582,0.553,-1.577,2.13,0.375,-0.706,1.081
706379,LOUD,100 Thieves,0,0.471,0.714,-0.244,0.6,0.9,-0.3,-0.6,7.4,-8.0,-4.0,0,2,-8,2,1.0,1.0,-0.0,197.0,200.6,-3.6,1.04,1.08,-0.04,0.71,0.73,-0.02,130.3,130.8,-0.5,0.7,0.7,-0.0,0.3,0.3,0.0,1.085,1.07,0.015,0.75,0.85,-0.1,-0.327,0.192,-0.519,0.413,0.914,-0.501,0.203,1.548,-1.345,-0.051,0.06,-0.111,-0.217,0.339,-0.556,1.228,1.119,0.109,0.758,0.636,0.122,0.313,0.788,-0.475
706378,Evil Geniuses,NRG,0,0.353,0.667,-0.314,0.4,0.8,-0.4,-3.4,4.0,-7.4,-9.0,0,2,-18,2,1.0,1.0,-0.1,192.8,197.2,-4.4,0.94,1.04,-0.1,0.7,0.73,-0.04,128.5,129.9,-1.4,0.7,0.7,-0.0,0.26,0.3,-0.04,1.006,1.118,-0.112,-0.755,0.704,-1.459,-0.933,-0.298,-0.635,-0.941,0.447,-1.388,-1.09,1.404,-2.494,-0.411,-0.123,-0.288,-0.952,-0.105,-0.847,-0.479,0.974,-1.453,0.093,1.022,-0.929,-0.778,0.538,-1.316
729671,Gentle Mates,Enterprise Esports,0,0.577,1.0,-0.423,0.6,1.0,-0.4,-0.8,8.8,-9.6,-5.5,0,2,-11,2,1.1,1.0,0.1,207.3,197.0,10.3,1.05,1.0,0.05,0.73,0.72,0.01,136.1,132.0,4.1,0.7,0.7,0.0,0.29,0.25,0.04,0.947,0.1,0.847,0.947,0.0,0.947,1.164,0.0,1.164,0.621,0.0,0.621,1.022,0.0,1.022,1.127,0.0,1.127,1.059,0.0,1.059,0.683,0.0,0.683,-0.441,0.0,-0.441,0.807,0.0,0.807
729670,Team Heretics,Fire Flux Esports,0,0.593,1.0,-0.407,0.5,1.0,-0.5,3.2,-3.0,6.2,-3.7,1,2,-11,3,1.0,1.0,0.0,203.3,197.0,6.3,1.04,1.0,0.04,0.73,0.72,0.01,134.5,132.0,2.5,0.7,0.7,0.0,0.25,0.25,0.0,1.163,0.1,1.063,0.461,0.0,0.461,0.587,0.0,0.587,0.447,0.0,0.447,1.26,0.0,1.26,0.802,0.0,0.802,0.65,0.0,0.65,-0.77,0.0,-0.77,1.371,0.0,1.371,0.618,0.0,0.618
724628,Trace Esports,FunPlus Phoenix,1,0.333,0.364,-0.03,0.3,0.5,-0.2,-0.6,2.4,-3.0,7.0,2,0,14,2,1.0,1.0,-0.0,197.8,200.2,-2.4,0.96,1.02,-0.07,0.7,0.7,-0.01,129.4,131.3,-1.9,0.7,0.7,-0.0,0.27,0.22,0.05,0.99,1.123,-0.133,-0.573,0.111,-0.684,-0.212,0.142,-0.354,-0.71,0.214,-0.924,-0.956,-0.484,-0.472,-0.232,0.153,-0.385,-0.169,0.339,-0.508,0.029,-1.769,1.798,-0.048,1.057,-1.105,-0.448,0.042,-0.49
698915,Nongshim RedForce,Rex Regum Qeon,0,0.679,0.5,0.179,0.6,0.4,0.2,4.0,-6.4,10.4,-1.0,1,2,-3,3,1.0,1.0,0.0,201.6,195.6,6.0,1.04,0.99,0.05,0.72,0.71,0.01,130.5,128.4,2.1,0.7,0.7,0.0,0.28,0.28,-0.0,1.01,0.904,0.106,0.412,-0.025,0.437,0.337,-0.529,0.866,0.499,-0.23,0.729,0.411,-0.005,0.416,-0.005,-0.432,0.427,0.401,-0.557,0.958,0.32,0.465,-0.145,0.128,-0.847,0.975,0.437,-0.242,0.679
698914,VARREL,Paper Rex,1,0.333,0.737,-0.404,0.5,0.6,-0.1,0.8,4.4,-3.6,3.0,2,0,6,2,1.0,1.1,-0.1,192.5,205.8,-13.3,0.95,1.09,-0.14,0.69,0.73,-0.04,125.5,136.9,-11.4,0.7,0.7,-0.1,0.26,0.27,-0.01,1.058,1.138,-0.08,-0.725,0.886,-1.611,-0.976,0.943,-1.919,-0.748,1.116,-1.864,-1.488,1.26,-2.748,-1.015,1.301,-2.316,-1.008,1.079,-2.087,-0.588,-0.116,-0.472,0.539,1.178,-0.639,-0.815,1.052,-1.867
724627,EDward Gaming,Wolves Esports,1,0.618,0.25,0.368,0.5,0.3,0.2,4.4,-0.8,5.2,2.7,2,1,8,3,1.0,1.0,0.0,201.8,197.4,4.4,1.01,0.94,0.08,0.71,0.7,0.01,130.8,129.6,1.2,0.7,0.7,0.0,0.29,0.28,0.02,0.973,0.86,0.113,-0.086,-0.39,0.304,0.37,-0.269,0.639,0.112,-1.0,1.112,-0.256,-0.687,0.431,0.063,-0.184,0.247,0.287,-0.557,0.844,0.804,0.175,0.629,-0.197,-1.286,1.089,0.116,-0.651,0.767
706377,LEVIATÁN,MIBR,1,0.655,0.545,0.11,0.8,0.7,0.1,7.0,3.0,4.0,4.0,2,0,8,2,1.1,1.0,0.0,202.6,203.8,-1.2,1.13,1.05,0.08,0.74,0.73,0.01,132.7,134.1,-1.4,0.7,0.7,0.0,0.29,0.29,0.0,1.232,1.03,0.202,1.069,0.613,0.456,0.481,0.647,-0.166,1.562,0.545,1.017,2.133,1.081,1.052,0.443,0.722,-0.279,0.588,0.573,0.015,0.683,0.592,0.091,1.876,0.301,1.575,1.083,0.608,0.475
706376,KRÜ Esports,Sentinels,1,0.25,0.45,-0.2,0.1,0.6,-0.5,-9.2,0.0,-9.2,2.0,2,1,6,3,1.1,1.0,0.1,208.5,193.2,15.3,1.18,1.01,0.17,0.7,0.71,-0.01,136.9,128.9,8.0,0.8,0.7,0.1,0.2,0.27,-0.07,1.225,0.905,0.32,1.616,0.157,1.459,1.332,-0.868,2.2,2.122,0.011,2.111,-0.822,-0.313,-0.509,1.307,-0.335,1.642,2.0,-0.869,2.869,-2.586,-0.134,-2.452,1.826,-0.837,2.663,1.073,-0.356,1.429
729669,Eternal Fire,Joblife,1,0.522,0.5,0.022,0.3,0.5,-0.2,-2.0,-1.5,-0.5,1.7,2,1,5,3,1.0,1.0,-0.0,199.8,197.0,2.8,0.95,1.0,-0.05,0.69,0.72,-0.03,131.4,132.0,-0.6,0.7,0.7,-0.0,0.26,0.25,0.01,1.03,0.1,0.93,-0.527,0.0,-0.527,0.07,0.0,0.07,-0.76,0.0,-0.76,-1.817,0.0,-1.817,0.183,0.0,0.183,-0.057,0.0,-0.057,-0.406,0.0,-0.406,0.301,0.0,0.301,-0.373,0.0,-0.373
729668,FUT Esports,GIANTX,1,0.517,0.364,0.154,0.5,0.3,0.2,-0.4,-3.0,2.6,5.0,2,0,10,2,1.0,1.0,0.0,196.0,195.7,0.3,0.98,0.97,0.01,0.71,0.69,0.02,128.9,127.3,1.6,0.7,0.7,-0.0,0.26,0.23,0.03,1.006,0.94,0.066,-0.427,-0.755,0.328,-0.471,-0.519,0.048,-0.341,-0.463,0.122,-0.416,-1.708,1.292,-0.322,-0.649,0.327,-0.297,-0.083,-0.214,-0.406,-1.496,1.09,0.093,-0.503,0.596,-0.294,-0.718,0.424
724626,KeepBest Gaming,FunPlus Phoenix,0,0.0,0.333,-0.333,0.0,0.4,-0.4,-11.5,2.6,-14.1,-4.0,0,2,-8,2,1.0,1.0,-0.0,197.0,200.2,-3.2,1.0,1.02,-0.02,0.72,0.7,0.02,132.0,131.3,0.7,0.7,0.7,-0.0,0.25,0.22,0.03,0.1,1.123,-1.023,0.0,0.111,-0.111,0.0,0.142,-0.142,0.0,0.214,-0.214,0.0,-0.484,0.484,0.0,0.153,-0.153,0.0,0.339,-0.339,0.0,-1.769,1.769,0.0,1.057,-1.057,0.0,0.042,-0.042
698913,Global Esports,ZETA DIVISION,1,0.5,0.267,0.233,0.4,0.3,0.1,2.6,-2.8,5.4,3.0,2,0,6,2,1.0,0.9,0.1,201.0,194.8,6.2,1.03,0.91,0.12,0.71,0.69,0.02,132.0,127.2,4.8,0.7,0.7,0.0,0.25,0.27,-0.02,1.01,0.875,0.135,0.266,-1.302,1.568,0.25,-0.652,0.902,0.26,-1.462,1.722,0.133,-1.157,1.29,0.296,-0.686,0.982,0.339,-0.869,1.208,-0.842,-0.225,-0.617,0.128,-1.134,1.262,0.201,-1.096,1.297
698912,KIWOOM DRX,T1,0,0.476,0.625,-0.149,0.3,0.4,-0.1,-6.6,-2.4,-4.2,-6.0,0,2,-12,2,1.0,1.0,-0.0,197.0,196.2,0.8,1.0,1.03,-0.03,0.72,0.72,-0.0,132.0,128.7,3.3,0.7,0.7,0.0,0.25,0.29,-0.04,0.1,1.09,-0.99,0.0,0.035,-0.035,0.0,-0.447,0.447,0.0,0.314,-0.314,0.0,0.668,-0.668,0.0,-0.381,0.381,0.0,-0.297,0.297,0.0,0.683,-0.683,0.0,0.799,-0.799,0.0,0.18,-0.18
724625,A Team,Wolves Esports,0,0.0,0.211,-0.211,0.0,0.2,-0.2,-9.0,-4.0,-5.0,-1.7,1,2,-5,3,1.0,1.0,0.0,197.0,197.4,-0.4,1.0,0.94,0.06,0.72,0.7,0.02,132.0,129.6,2.4,0.7,0.7,0.0,0.25,0.28,-0.03,0.1,0.86,-0.76,0.0,-0.39,0.39,0.0,-0.269,0.269,0.0,-1.0,1.0,0.0,-0.687,0.687,0.0,-0.184,0.184,0.0,-0.557,0.557,0.0,0.175,-0.175,0.0,-1.286,1.286,0.0,-0.651,0.651
706375,G2 Esports,LOUD,0,0.594,0.438,0.156,0.5,0.6,-0.1,4.2,-2.4,6.6,-7.0,0,2,-14,2,1.0,1.0,-0.0,201.8,197.0,4.8,1.05,1.04,0.01,0.73,0.71,0.01,132.9,130.3,2.6,0.7,0.7,0.0,0.29,0.3,-0.02,1.034,1.085,-0.051,0.631,0.75,-0.119,0.366,-0.327,0.693,0.552,0.413,0.139,0.975,0.203,0.772,0.475,-0.051,0.526,0.401,-0.217,0.618,0.683,1.228,-0.545,0.335,0.758,-0.423,0.584,0.313,0.271
706374,100 Thieves,Cloud9,0,0.741,0.333,0.407,1.0,0.2,0.8,8.8,-5.8,14.6,-2.0,0,2,-4,2,1.0,1.0,0.1,200.6,191.0,9.6,1.08,0.96,0.12,0.73,0.72,0.01,130.8,124.7,6.1,0.7,0.7,0.0,0.3,0.29,0.01,1.07,0.986,0.084,0.85,-0.463,1.313,0.192,-1.193,1.385,0.914,-0.652,1.566,1.548,0.692,0.856,0.06,-1.184,1.244,0.339,-0.952,1.291,1.119,0.756,0.363,0.636,-0.083,0.719,0.788,-0.499,1.287
729667,FNATIC,Enterprise Esports,0,0.545,1.0,-0.455,0.3,1.0,-0.7,-7.6,13.3,-20.9,1.7,1,2,5,3,1.0,1.0,0.0,205.8,197.0,8.8,1.05,1.0,0.05,0.7,0.72,-0.02,135.8,132.0,3.8,0.7,0.7,0.0,0.22,0.25,-0.03,1.042,0.1,0.942,0.385,0.0,0.385,0.935,0.0,0.935,0.578,0.0,0.578,-0.653,0.0,-0.653,1.068,0.0,1.068,0.881,0.0,0.881,-1.859,0.0,-1.859,0.407,0.0,0.407,0.384,0.0,0.384
724624,EDward Gaming,Titan Esports Club,0,0.636,0.333,0.303,0.5,0.4,0.1,6.8,-2.8,9.6,0.0,1,2,0,3,1.0,1.0,0.0,201.8,202.0,-0.2,1.01,0.99,0.02,0.71,0.7,0.01,130.8,132.7,-1.9,0.7,0.7,0.0,0.29,0.28,0.01,0.973,0.822,0.151,-0.086,-0.098,0.012,0.37,0.394,-0.024,0.112,-0.23,0.342,-0.256,-0.822,0.566,0.063,0.434,-0.371,0.287,0.276,0.011,0.804,0.32,0.484,-0.197,-1.683,1.486,0.116,-0.198,0.314
698911,Gen.G,FULL SENSE,1,0.5,0.409,0.091,0.8,0.2,0.6,2.0,-5.6,7.6,1.3,2,1,4,3,1.0,1.0,0.0,201.5,205.5,-4.0,1.0,1.03,-0.03,0.72,0.71,0.0,130.6,132.5,-1.9,0.7,0.7,-0.0,0.26,0.23,0.04,1.018,1.08,-0.062,0.005,0.02,-0.015,0.322,0.899,-0.577,-0.023,0.38,-0.403,0.435,0.203,0.232,0.005,0.402,-0.397,0.023,0.804,-0.781,-0.285,-1.587,1.302,0.201,0.718,-0.517,0.045,0.261,-0.216
698910,Team Secret,DetonatioN FocusMe,0,0.2,0.421,-0.221,0.3,0.4,-0.1,-4.6,-3.0,-1.6,-4.5,0,2,-9,2,0.9,1.0,-0.1,200.0,198.0,2.0,0.92,0.97,-0.05,0.69,0.71,-0.01,133.7,128.4,5.3,0.7,0.7,0.0,0.21,0.26,-0.05,0.995,0.946,0.049,-1.576,-0.354,-1.222,0.106,-0.183,0.289,-1.311,-0.51,-0.801,-1.157,-0.416,-0.741,0.646,-0.432,1.078,0.023,-0.362,0.385,-2.223,-0.261,-1.962,-0.003,-0.447,0.444,-0.868,-0.358,-0.51
724623,All Gamers,Trace Esports,1,0.594,0.348,0.246,0.5,0.3,0.2,-2.4,-1.4,-1.0,2.7,2,1,8,3,1.0,1.0,0.1,202.8,197.8,5.0,1.04,0.96,0.08,0.72,0.7,0.02,130.2,129.4,0.8,0.7,0.7,0.0,0.28,0.27,0.01,1.06,0.99,0.07,0.339,-0.573,0.912,0.51,-0.212,0.722,0.42,-0.71,1.13,0.272,-0.956,1.228,-0.07,-0.232,0.162,0.401,-0.169,0.57,0.247,0.029,0.218,0.553,-0.048,0.601,0.375,-0.448,0.823
706373,ENVY,NRG,0,0.353,0.658,-0.305,0.3,0.7,-0.4,-10.2,1.8,-12.0,-5.5,0,2,-11,2,0.8,1.0,-0.2,177.0,197.2,-20.2,0.8,1.04,-0.24,0.68,0.73,-0.05,112.1,129.9,-17.8,0.6,0.7,-0.1,0.25,0.3,-0.05,0.91,1.118,-0.208,-3.855,0.704,-4.559,-3.213,-0.298,-2.915,-3.155,0.447,-3.602,-2.143,1.404,-3.547,-3.746,-0.123,-3.623,-3.041,-0.105,-2.936,-0.77,0.974,-1.744,-0.789,1.022,-1.811,-2.794,0.538,-3.332
706372,Evil Geniuses,FURIA,1,0.312,0.368,-0.056,0.3,0.1,0.2,-5.0,-5.4,0.4,6.0,2,0,12,2,1.0,1.1,-0.1,192.8,202.7,-9.9,0.94,1.09,-0.15,0.7,0.74,-0.04,128.5,134.5,-6.0,0.7,0.7,-0.0,0.26,0.31,-0.05,1.006,0.947,0.059,-0.755,1.373,-2.128,-0.933,0.491,-1.424,-0.941,1.049,-1.99,-1.09,1.742,-2.832,-0.411,0.815,-1.226,-0.952,0.547,-1.499,-0.479,1.289,-1.768,0.093,-0.441,0.534,-0.778,0.855,-1.633
729665,Natus Vincere,Joblife,0,0.435,0.0,0.435,0.5,0.0,0.5,-2.6,-4.0,1.4,-0.3,1,2,-1,3,1.1,1.0,0.1,220.5,197.0,23.5,1.18,1.0,0.18,0.71,0.72,-0.01,145.7,132.0,13.7,0.8,0.7,0.1,0.27,0.25,0.02,1.045,0.1,0.945,2.528,0.0,2.528,3.064,0.0,3.064,2.122,0.0,2.122,0.203,0.0,0.203,3.086,0.0,3.086,2.716,0.0,2.716,-0.225,0.0,-0.225,0.428,0.0,0.428,1.837,0.0,1.837
729664,GIANTX,Eintracht Frankfurt,1,0.333,0.0,0.333,0.2,0.0,0.2,-5.8,0.0,-5.8,2.7,2,1,8,3,1.0,1.0,-0.0,195.7,197.0,-1.3,0.97,1.0,-0.03,0.69,0.72,-0.03,127.3,132.0,-4.7,0.7,0.7,-0.0,0.23,0.25,-0.02,0.94,0.1,0.84,-0.755,0.0,-0.755,-0.519,0.0,-0.519,-0.463,0.0,-0.463,-1.708,0.0,-1.708,-0.649,0.0,-0.649,-0.083,0.0,-0.083,-1.496,0.0,-1.496,-0.503,0.0,-0.503,-0.718,0.0,-0.718
724622,Wolves Esports,Dragon Ranger Gaming,0,0.222,0.423,-0.201,0.2,0.3,-0.1,-3.2,-0.4,-2.8,-2.3,1,2,-7,3,1.0,1.0,-0.0,197.4,197.5,-0.1,0.94,0.98,-0.04,0.7,0.72,-0.02,129.6,128.7,0.9,0.7,0.7,-0.0,0.28,0.31,-0.04,0.86,0.985,-0.125,-0.39,-0.177,-0.213,-0.269,-0.255,-0.014,-1.0,-0.369,-0.631,-0.687,0.435,-1.122,-0.184,-0.381,0.197,-0.557,-0.244,-0.313,0.175,1.47,-1.295,-1.286,-0.092,-1.194,-0.651,-0.115,-0.536
724621,FunPlus Phoenix,JD Gaming,0,0.35,0.444,-0.094,0.4,0.2,0.2,-0.8,-3.8,3.0,2.0,1,2,6,3,1.0,1.0,0.0,200.2,193.2,7.0,1.02,0.96,0.07,0.7,0.7,0.0,131.3,125.8,5.5,0.7,0.7,0.0,0.22,0.29,-0.07,1.123,0.832,0.291,0.111,-0.718,0.829,0.142,-0.875,1.017,0.214,-0.71,0.924,-0.484,-0.687,0.203,0.153,-0.964,1.117,0.339,-0.82,1.159,-1.769,0.829,-2.598,1.057,-1.577,2.634,0.042,-0.706,0.748
724620,Titan Esports Club,KeepBest Gaming,1,0.308,0.0,0.308,0.4,0.0,0.4,-6.6,-13.0,6.4,3.3,2,1,10,3,1.0,1.0,-0.0,202.0,197.0,5.0,0.99,1.0,-0.01,0.7,0.72,-0.02,132.7,132.0,0.7,0.7,0.7,0.0,0.28,0.25,0.03,0.822,0.1,0.722,-0.098,0.0,-0.098,0.394,0.0,0.394,-0.23,0.0,-0.23,-0.822,0.0,-0.822,0.434,0.0,0.434,0.276,0.0,0.276,0.32,0.0,0.32,-1.683,0.0,-1.683,-0.198,0.0,-0.198
724619,Trace Esports,A Team,1,0.318,0.0,0.318,0.2,0.0,0.2,-6.8,0.0,-6.8,4.5,2,0,9,2,1.0,1.0,-0.0,197.8,197.0,0.8,0.96,1.0,-0.04,0.7,0.72,-0.02,129.4,132.0,-2.6,0.7,0.7,-0.0,0.27,0.25,0.02,0.99,0.1,0.89,-0.573,0.0,-0.573,-0.212,0.0,-0.212,-0.71,0.0,-0.71,-0.956,0.0,-0.956,-0.232,0.0,-0.232,-0.169,0.0,-0.169,0.029,0.0,0.029,-0.048,0.0,-0.048,-0.448,0.0,-0.448
706371,G2 Esports,Sentinels,1,0.581,0.474,0.107,0.5,0.6,-0.1,5.0,1.2,3.8,2.0,2,1,6,3,1.0,1.0,0.0,201.8,193.2,8.6,1.05,1.01,0.04,0.73,0.71,0.02,132.9,128.9,4.0,0.7,0.7,0.0,0.29,0.27,0.02,1.034,0.905,0.129,0.631,0.157,0.474,0.366,-0.868,1.234,0.552,0.011,0.541,0.975,-0.313,1.288,0.475,-0.335,0.81,0.401,-0.869,1.27,0.683,-0.134,0.817,0.335,-0.837,1.172,0.584,-0.356,0.94
706370,Cloud9,KRÜ Esports,1,0.294,0.267,0.027,0.1,0.2,-0.1,-10.0,-8.8,-1.2,7.0,2,0,14,2,1.0,1.1,-0.1,191.0,208.5,-17.5,0.96,1.18,-0.22,0.72,0.7,0.02,124.7,136.9,-12.2,0.7,0.8,-0.1,0.29,0.2,0.09,0.986,1.225,-0.239,-0.463,1.616,-2.079,-1.193,1.332,-2.525,-0.652,2.122,-2.774,0.692,-0.822,1.514,-1.184,1.307,-2.491,-0.952,2.0,-2.952,0.756,-2.586,3.342,-0.083,1.826,-1.909,-0.499,1.073,-1.572
712833,FNATIC,Team Heretics,0,0.571,0.577,-0.005,0.4,0.5,-0.1,-5.0,-2.2,-2.8,-7.5,0,2,-15,2,1.0,1.0,-0.0,205.8,203.3,2.5,1.05,1.04,0.01,0.7,0.73,-0.03,135.8,134.5,1.3,0.7,0.7,0.0,0.22,0.25,-0.03,1.042,1.163,-0.121,0.385,0.461,-0.076,0.935,0.587,0.348,0.578,0.447,0.131,-0.653,1.26,-1.913,1.068,0.802,0.266,0.881,0.65,0.231,-1.859,-0.77,-1.089,0.407,1.371,-0.964,0.384,0.618,-0.234
712832,BBL Esports,PCIFIC Esports,1,0.593,0.0,0.593,0.6,0.0,0.6,3.4,-9.8,13.2,2.7,2,1,8,3,1.0,1.0,0.0,197.5,197.0,0.5,1.0,1.0,0.0,0.71,0.72,-0.01,128.8,132.0,-3.2,0.7,0.7,-0.0,0.34,0.25,0.09,0.835,0.1,0.735,0.431,0.0,0.431,-0.255,0.0,-0.255,-0.023,0.0,-0.023,-0.142,0.0,-0.142,-0.34,0.0,-0.34,-0.297,0.0,-0.297,2.318,0.0,2.318,-1.545,0.0,-1.545,0.027,0.0,0.027
698909,ZETA DIVISION,Nongshim RedForce,0,0.286,0.667,-0.381,0.3,0.6,-0.3,-1.2,1.0,-2.2,-4.0,1,2,-12,3,0.9,1.0,-0.1,194.8,201.6,-6.8,0.91,1.04,-0.14,0.69,0.72,-0.02,127.2,130.5,-3.3,0.7,0.7,-0.0,0.27,0.28,-0.02,0.875,1.01,-0.135,-1.302,0.412,-1.714,-0.652,0.337,-0.989,-1.462,0.499,-1.961,-1.157,0.411,-1.568,-0.686,-0.005,-0.681,-0.869,0.401,-1.27,-0.225,0.32,-0.545,-1.134,0.128,-1.262,-1.096,0.437,-1.533
698908,VARREL,KIWOOM DRX,1,0.286,0.5,-0.214,0.4,0.3,0.1,1.0,-4.2,5.2,0.3,2,1,1,3,1.0,1.0,-0.0,192.5,197.0,-4.5,0.95,1.0,-0.05,0.69,0.72,-0.03,125.5,132.0,-6.5,0.7,0.7,-0.0,0.26,0.25,0.01,1.058,0.1,0.958,-0.725,0.0,-0.725,-0.976,0.0,-0.976,-0.748,0.0,-0.748,-1.488,0.0,-1.488,-1.015,0.0,-1.015,-1.008,0.0,-1.008,-0.588,0.0,-0.588,0.539,0.0,0.539,-0.815,0.0,-0.815
706369,LEVIATÁN,NRG,0,0.679,0.649,0.03,0.9,0.6,0.3,9.4,3.0,6.4,0.7,1,2,2,3,1.1,1.0,0.0,202.6,197.2,5.4,1.13,1.04,0.09,0.74,0.73,0.01,132.7,129.9,2.8,0.7,0.7,0.0,0.29,0.3,-0.01,1.232,1.118,0.114,1.069,0.704,0.365,0.481,-0.298,0.779,1.562,0.447,1.115,2.133,1.404,0.729,0.443,-0.123,0.566,0.588,-0.105,0.693,0.683,0.974,-0.291,1.876,1.022,0.854,1.083,0.538,0.545
706368,ENVY,FURIA,1,0.312,0.389,-0.076,0.3,0.1,0.2,-12.8,-6.2,-6.6,3.0,2,1,9,3,0.8,1.1,-0.3,177.0,202.7,-25.7,0.8,1.09,-0.29,0.68,0.74,-0.06,112.1,134.5,-22.4,0.6,0.7,-0.1,0.25,0.31,-0.06,0.91,0.947,-0.037,-3.855,1.373,-5.228,-3.213,0.491,-3.704,-3.155,1.049,-4.204,-2.143,1.742,-3.885,-3.746,0.815,-4.561,-3.041,0.547,-3.588,-0.77,1.289,-2.059,-0.789,-0.441,-0.348,-2.794,0.855,-3.649
712831,Karmine Corp,Team Liquid,1,0.391,0.583,-0.192,0.7,0.5,0.2,7.8,2.0,5.8,0.7,2,1,2,3,1.0,1.0,-0.0,197.6,201.8,-4.2,1.04,1.05,-0.01,0.72,0.73,-0.01,128.8,134.8,-6.0,0.7,0.7,-0.0,0.26,0.29,-0.02,1.088,1.054,0.034,0.084,0.777,-0.693,-0.24,0.366,-0.606,0.447,0.63,-0.183,0.833,1.404,-0.571,-0.346,0.865,-1.211,0.023,0.276,-0.253,-0.334,0.538,-0.872,0.783,0.503,0.28,0.096,0.673,-0.577
712830,FUT Esports,Team Vitality,0,0.536,0.645,-0.109,0.6,0.6,0.0,-1.4,2.0,-3.4,-4.0,1,2,-12,3,1.0,1.0,-0.1,196.0,205.0,-9.0,0.98,1.09,-0.11,0.71,0.73,-0.02,128.9,135.3,-6.4,0.7,0.7,-0.0,0.26,0.27,-0.01,1.006,1.124,-0.118,-0.427,0.814,-1.241,-0.471,0.827,-1.298,-0.341,1.091,-1.432,-0.416,0.975,-1.391,-0.322,0.963,-1.285,-0.297,0.835,-1.132,-0.406,0.029,-0.435,0.093,1.069,-0.976,-0.294,0.884,-1.178
698907,FULL SENSE,Rex Regum Qeon,0,0.429,0.478,-0.05,0.3,0.3,0.0,-8.8,-8.6,-0.2,0.0,1,2,0,3,1.0,1.0,0.0,205.5,195.6,9.9,1.03,0.99,0.04,0.71,0.71,0.0,132.5,128.4,4.1,0.7,0.7,0.0,0.23,0.28,-0.06,1.08,0.904,0.176,0.02,-0.025,0.045,0.899,-0.529,1.428,0.38,-0.23,0.61,0.203,-0.005,0.208,0.402,-0.432,0.834,0.804,-0.557,1.361,-1.587,0.465,-2.052,0.718,-0.847,1.565,0.261,-0.242,0.503
698906,T1,DetonatioN FocusMe,0,0.652,0.389,0.263,0.5,0.3,0.2,1.8,-8.0,9.8,-4.7,1,2,-14,3,1.0,1.0,0.0,196.2,198.0,-1.8,1.03,0.97,0.06,0.72,0.71,0.02,128.7,128.4,0.3,0.7,0.7,0.0,0.29,0.26,0.03,1.09,0.946,0.144,0.035,-0.354,0.389,-0.447,-0.183,-0.264,0.314,-0.51,0.824,0.668,-0.416,1.084,-0.381,-0.432,0.051,-0.297,-0.362,0.065,0.683,-0.261,0.944,0.799,-0.447,1.246,0.18,-0.358,0.538
706367,Evil Geniuses,MIBR,0,0.333,0.524,-0.19,0.3,0.6,-0.3,-1.6,3.2,-4.8,-6.5,0,2,-13,2,1.0,1.0,-0.1,192.8,203.8,-11.0,0.94,1.05,-0.11,0.7,0.73,-0.03,128.5,134.1,-5.6,0.7,0.7,-0.0,0.26,0.29,-0.03,1.006,1.03,-0.024,-0.755,0.613,-1.368,-0.933,0.647,-1.58,-0.941,0.545,-1.486,-1.09,1.081,-2.171,-0.411,0.722,-1.133,-0.952,0.573,-1.525,-0.479,0.592,-1.071,0.093,0.301,-0.208,-0.778,0.608,-1.386
706366,Cloud9,LOUD,0,0.312,0.4,-0.088,0.1,0.5,-0.4,-11.2,-6.8,-4.4,-1.7,1,2,-5,3,1.0,1.0,-0.1,191.0,197.0,-6.0,0.96,1.04,-0.08,0.72,0.71,0.01,124.7,130.3,-5.6,0.7,0.7,-0.0,0.29,0.3,-0.01,0.986,1.085,-0.099,-0.463,0.75,-1.213,-1.193,-0.327,-0.866,-0.652,0.413,-1.065,0.692,0.203,0.489,-1.184,-0.051,-1.133,-0.952,-0.217,-0.735,0.756,1.228,-0.472,-0.083,0.758,-0.841,-0.499,0.313,-0.812
712829,GIANTX,Team Heretics,0,0.35,0.56,-0.21,0.3,0.5,-0.2,-7.4,-1.6,-5.8,-5.0,0,2,-10,2,1.0,1.0,-0.1,195.7,203.3,-7.6,0.97,1.04,-0.07,0.69,0.73,-0.04,127.3,134.5,-7.2,0.7,0.7,-0.0,0.23,0.25,-0.02,0.94,1.163,-0.223,-0.755,0.461,-1.216,-0.519,0.587,-1.106,-0.463,0.447,-0.91,-1.708,1.26,-2.968,-0.649,0.802,-1.451,-0.083,0.65,-0.733,-1.496,-0.77,-0.726,-0.503,1.371,-1.874,-0.718,0.618,-1.336
712828,BBL Esports,Gentle Mates,1,0.577,0.6,-0.023,0.6,0.6,0.0,1.8,0.0,1.8,2.7,2,1,8,3,1.0,1.1,-0.0,197.5,207.3,-9.8,1.0,1.05,-0.05,0.71,0.73,-0.02,128.8,136.1,-7.3,0.7,0.7,-0.0,0.34,0.29,0.05,0.835,0.947,-0.112,0.431,0.947,-0.516,-0.255,1.164,-1.419,-0.023,0.621,-0.644,-0.142,1.022,-1.164,-0.34,1.127,-1.467,-0.297,1.059,-1.356,2.318,0.683,1.635,-1.545,-0.441,-1.104,0.027,0.807,-0.78
698905,Global Esports,Gen.G,0,0.52,0.476,0.044,0.5,0.8,-0.3,-1.8,4.4,-6.2,0.3,1,2,1,3,1.0,1.0,0.0,201.0,201.5,-0.5,1.03,1.0,0.02,0.71,0.72,-0.0,132.0,130.6,1.4,0.7,0.7,0.0,0.25,0.26,-0.02,1.01,1.018,-0.008,0.266,0.005,0.261,0.25,0.322,-0.072,0.26,-0.023,0.283,0.133,0.435,-0.302,0.296,0.005,0.291,0.339,0.023,0.316,-0.842,-0.285,-0.557,0.128,0.201,-0.073,0.201,0.045,0.156
698904,Team Secret,Paper Rex,0,0.214,0.73,-0.515,0.3,0.6,-0.3,-3.4,1.4,-4.8,-4.0,0,2,-8,2,0.9,1.1,-0.1,200.0,205.8,-5.8,0.92,1.09,-0.18,0.69,0.73,-0.04,133.7,136.9,-3.2,0.7,0.7,-0.0,0.21,0.27,-0.06,0.995,1.138,-0.143,-1.576,0.886,-2.462,0.106,0.943,-0.837,-1.311,1.116,-2.427,-1.157,1.26,-2.417,0.646,1.301,-0.655,0.023,1.079,-1.056,-2.223,-0.116,-2.107,-0.003,1.178,-1.181,-0.868,1.052,-1.92
706365,100 Thieves,Sentinels,1,0.731,0.5,0.231,0.9,0.6,0.3,9.8,0.6,9.2,3.7,2,1,11,3,1.0,1.0,0.0,200.6,193.2,7.4,1.08,1.01,0.07,0.73,0.71,0.03,130.8,128.9,1.9,0.7,0.7,0.0,0.3,0.27,0.03,1.07,0.905,0.165,0.85,0.157,0.693,0.192,-0.868,1.06,0.914,0.011,0.903,1.548,-0.313,1.861,0.06,-0.335,0.395,0.339,-0.869,1.208,1.119,-0.134,1.253,0.636,-0.837,1.473,0.788,-0.356,1.144
706364,KRÜ Esports,G2 Esports,0,0.286,0.567,-0.281,0.3,0.4,-0.1,-10.0,1.6,-11.6,-4.0,0,2,-8,2,1.1,1.0,0.1,208.5,201.8,6.7,1.18,1.05,0.13,0.7,0.73,-0.03,136.9,132.9,4.0,0.8,0.7,0.1,0.2,0.29,-0.09,1.225,1.034,0.191,1.616,0.631,0.985,1.332,0.366,0.966,2.122,0.552,1.57,-0.822,0.975,-1.797,1.307,0.475,0.832,2.0,0.401,1.599,-2.586,0.683,-3.269,1.826,0.335,1.491,1.073,0.584,0.489
712827,Eternal Fire,FNATIC,1,0.5,0.6,-0.1,0.3,0.5,-0.2,-5.4,-3.4,-2.0,5.5,2,0,11,2,1.0,1.0,-0.1,199.8,205.8,-6.0,0.95,1.05,-0.1,0.69,0.7,-0.02,131.4,135.8,-4.4,0.7,0.7,-0.0,0.26,0.22,0.04,1.03,1.042,-0.012,-0.527,0.385,-0.912,0.07,0.935,-0.865,-0.76,0.578,-1.338,-1.817,-0.653,-1.164,0.183,1.068,-0.885,-0.057,0.881,-0.938,-0.406,-1.859,1.453,0.301,0.407,-0.106,-0.373,0.384,-0.757
712826,Natus Vincere,PCIFIC Esports,1,0.409,0.0,0.409,0.5,0.0,0.5,-5.4,-9.6,4.2,2.0,2,0,4,2,1.1,1.0,0.1,220.5,197.0,23.5,1.18,1.0,0.18,0.71,0.72,-0.01,145.7,132.0,13.7,0.8,0.7,0.1,0.27,0.25,0.02,1.045,0.1,0.945,2.528,0.0,2.528,3.064,0.0,3.064,2.122,0.0,2.122,0.203,0.0,0.203,3.086,0.0,3.086,2.716,0.0,2.716,-0.225,0.0,-0.225,0.428,0.0,0.428,1.837,0.0,1.837
698903,FULL SENSE,ZETA DIVISION,0,0.45,0.231,0.219,0.4,0.2,0.2,-10.4,-0.8,-9.6,-1.0,1,2,-3,3,1.0,0.9,0.1,205.5,194.8,10.7,1.03,0.91,0.13,0.71,0.69,0.02,132.5,127.2,5.3,0.7,0.7,0.1,0.23,0.27,-0.04,1.08,0.875,0.205,0.02,-1.302,1.322,0.899,-0.652,1.551,0.38,-1.462,1.842,0.203,-1.157,1.36,0.402,-0.686,1.088,0.804,-0.869,1.673,-1.587,-0.225,-1.362,0.718,-1.134,1.852,0.261,-1.096,1.357
698902,VARREL,DetonatioN FocusMe,0,0.308,0.353,-0.045,0.4,0.2,0.2,0.6,-7.4,8.0,2.0,1,2,6,3,1.0,1.0,-0.0,192.5,198.0,-5.5,0.95,0.97,-0.02,0.69,0.71,-0.02,125.5,128.4,-2.9,0.7,0.7,-0.0,0.26,0.26,-0.01,1.058,0.946,0.112,-0.725,-0.354,-0.371,-0.976,-0.183,-0.793,-0.748,-0.51,-0.238,-1.488,-0.416,-1.072,-1.015,-0.432,-0.583,-1.008,-0.362,-0.646,-0.588,-0.261,-0.327,0.539,-0.447,0.986,-0.815,-0.358,-0.457
712825,Gentle Mates,Team Vitality,0,0.625,0.633,-0.008,0.7,0.6,0.1,3.8,0.4,3.4,-2.7,1,2,-8,3,1.1,1.0,0.0,207.3,205.0,2.3,1.05,1.09,-0.04,0.73,0.73,0.0,136.1,135.3,0.8,0.7,0.7,0.0,0.29,0.27,0.02,0.947,1.124,-0.177,0.947,0.814,0.133,1.164,0.827,0.337,0.621,1.091,-0.47,1.022,0.975,0.047,1.127,0.963,0.164,1.059,0.835,0.224,0.683,0.029,0.654,-0.441,1.069,-1.51,0.807,0.884,-0.077
712824,GIANTX,Team Liquid,0,0.368,0.565,-0.197,0.4,0.4,0.0,-2.8,-2.2,-0.6,-6.5,0,2,-13,2,1.0,1.0,-0.1,195.7,201.8,-6.1,0.97,1.05,-0.08,0.69,0.73,-0.04,127.3,134.8,-7.5,0.7,0.7,-0.0,0.23,0.29,-0.06,0.94,1.054,-0.114,-0.755,0.777,-1.532,-0.519,0.366,-0.885,-0.463,0.63,-1.093,-1.708,1.404,-3.112,-0.649,0.865,-1.514,-0.083,0.276,-0.359,-1.496,0.538,-2.034,-0.503,0.503,-1.006,-0.718,0.673,-1.391
706362,FURIA,MIBR,0,0.412,0.5,-0.088,0.2,0.5,-0.3,-7.8,-0.6,-7.2,-3.0,0,2,-6,2,1.1,1.0,0.0,202.7,203.8,-1.1,1.09,1.05,0.04,0.74,0.73,0.01,134.5,134.1,0.4,0.7,0.7,0.0,0.31,0.29,0.02,0.947,1.03,-0.083,1.373,0.613,0.76,0.491,0.647,-0.156,1.049,0.545,0.504,1.742,1.081,0.661,0.815,0.722,0.093,0.547,0.573,-0.026,1.289,0.592,0.697,-0.441,0.301,-0.742,0.855,0.608,0.247
706361,ENVY,LEVIATÁN,0,0.333,0.667,-0.333,0.3,0.9,-0.6,-8.6,10.2,-18.8,-7.0,0,2,-14,2,0.8,1.1,-0.3,177.0,202.6,-25.6,0.8,1.13,-0.33,0.68,0.74,-0.06,112.1,132.7,-20.6,0.6,0.7,-0.1,0.25,0.29,-0.04,0.91,1.232,-0.322,-3.855,1.069,-4.924,-3.213,0.481,-3.694,-3.155,1.562,-4.717,-2.143,2.133,-4.276,-3.746,0.443,-4.189,-3.041,0.588,-3.629,-0.77,0.683,-1.453,-0.789,1.876,-2.665,-2.794,1.083,-3.877
712823,Team Heretics,Karmine Corp,0,0.583,0.364,0.22,0.6,0.6,0.0,3.0,5.4,-2.4,-10.0,0,2,-20,2,1.0,1.0,0.0,203.3,197.6,5.7,1.04,1.04,0.0,0.73,0.72,0.01,134.5,128.8,5.7,0.7,0.7,0.0,0.25,0.26,-0.01,1.163,1.088,0.075,0.461,0.084,0.377,0.587,-0.24,0.827,0.447,0.447,0.0,1.26,0.833,0.427,0.802,-0.346,1.148,0.65,0.023,0.627,-0.77,-0.334,-0.436,1.371,0.783,0.588,0.618,0.096,0.522
712822,BBL Esports,Natus Vincere,1,0.56,0.429,0.131,0.6,0.6,0.0,1.8,-2.6,4.4,4.0,2,1,12,3,1.0,1.1,-0.1,197.5,220.5,-23.0,1.0,1.18,-0.17,0.71,0.71,-0.01,128.8,145.7,-16.9,0.7,0.8,-0.1,0.34,0.27,0.07,0.835,1.045,-0.21,0.431,2.528,-2.097,-0.255,3.064,-3.319,-0.023,2.122,-2.145,-0.142,0.203,-0.345,-0.34,3.086,-3.426,-0.297,2.716,-3.013,2.318,-0.225,2.543,-1.545,0.428,-1.973,0.027,1.837,-1.81
701063,Nova Esports,Bilibili Gaming,1,0.556,0.636,-0.081,1.0,0.6,0.4,6.0,2.8,3.2,5.5,2,0,11,2,1.0,1.0,0.0,207.0,200.4,6.6,1.05,1.0,0.05,0.7,0.7,0.0,132.5,128.2,4.3,0.7,0.7,0.0,0.25,0.28,-0.03,1.038,0.841,0.197,-0.281,-0.364,0.083,1.116,0.168,0.948,0.526,-0.092,0.618,-0.552,-0.822,0.27,0.41,-0.478,0.888,0.896,0.068,0.828,-0.624,0.372,-0.996,0.369,-1.478,1.847,0.211,-0.236,0.447
698901,Gen.G,Rex Regum Qeon,1,0.45,0.5,-0.05,0.7,0.4,0.3,3.6,-7.8,11.4,1.3,2,1,4,3,1.0,1.0,0.0,201.5,195.6,5.9,1.0,0.99,0.01,0.72,0.71,0.01,130.6,128.4,2.2,0.7,0.7,0.0,0.26,0.28,-0.02,1.018,0.904,0.114,0.005,-0.025,0.03,0.322,-0.529,0.851,-0.023,-0.23,0.207,0.435,-0.005,0.44,0.005,-0.432,0.437,0.023,-0.557,0.58,-0.285,0.465,-0.75,0.201,-0.847,1.048,0.045,-0.242,0.287
701062,FunPlus Phoenix,Wolves Esports,1,0.316,0.235,0.08,0.3,0.2,0.1,1.0,0.0,1.0,2.5,2,0,5,2,1.0,1.0,0.0,200.2,197.4,2.8,1.02,0.94,0.09,0.7,0.7,0.0,131.3,129.6,1.7,0.7,0.7,0.0,0.22,0.28,-0.05,1.123,0.86,0.263,0.111,-0.39,0.501,0.142,-0.269,0.411,0.214,-1.0,1.214,-0.484,-0.687,0.203,0.153,-0.184,0.337,0.339,-0.557,0.896,-1.769,0.175,-1.944,1.057,-1.286,2.343,0.042,-0.651,0.693
698899,Paper Rex,KIWOOM DRX,1,0.722,0.526,0.196,0.6,0.4,0.2,-3.4,-2.6,-0.8,9.5,2,0,19,2,1.1,1.0,0.1,205.8,197.0,8.8,1.09,1.0,0.09,0.73,0.72,0.01,136.9,132.0,4.9,0.7,0.7,0.0,0.27,0.25,0.02,1.138,0.1,1.038,0.886,0.0,0.886,0.943,0.0,0.943,1.116,0.0,1.116,1.26,0.0,1.26,1.301,0.0,1.301,1.079,0.0,1.079,-0.116,0.0,-0.116,1.178,0.0,1.178,1.052,0.0,1.052
706360,Sentinels,LOUD,1,0.471,0.429,0.042,0.5,0.5,0.0,0.6,-2.6,3.2,6.5,2,0,13,2,1.0,1.0,-0.0,193.2,197.0,-3.8,1.01,1.04,-0.03,0.71,0.71,-0.01,128.9,130.3,-1.4,0.7,0.7,-0.0,0.27,0.3,-0.04,0.905,1.085,-0.18,0.157,0.75,-0.593,-0.868,-0.327,-0.541,0.011,0.413,-0.402,-0.313,0.203,-0.516,-0.335,-0.051,-0.284,-0.869,-0.217,-0.652,-0.134,1.228,-1.362,-0.837,0.758,-1.595,-0.356,0.313,-0.669
706359,G2 Esports,Cloud9,1,0.552,0.333,0.218,0.4,0.2,0.2,-4.0,-9.2,5.2,9.5,2,0,19,2,1.0,1.0,0.1,201.8,191.0,10.8,1.05,0.96,0.09,0.73,0.72,0.0,132.9,124.7,8.2,0.7,0.7,0.0,0.29,0.29,-0.0,1.034,0.986,0.048,0.631,-0.463,1.094,0.366,-1.193,1.559,0.552,-0.652,1.204,0.975,0.692,0.283,0.475,-1.184,1.659,0.401,-0.952,1.353,0.683,0.756,-0.073,0.335,-0.083,0.418,0.584,-0.499,1.083
712821,Eternal Fire,GIANTX,0,0.524,0.333,0.19,0.4,0.3,0.1,-3.2,-8.6,5.4,-7.0,0,2,-14,2,1.0,1.0,0.0,199.8,195.7,4.1,0.95,0.97,-0.02,0.69,0.69,-0.0,131.4,127.3,4.1,0.7,0.7,0.0,0.26,0.23,0.03,1.03,0.94,0.09,-0.527,-0.755,0.228,0.07,-0.519,0.589,-0.76,-0.463,-0.297,-1.817,-1.708,-0.109,0.183,-0.649,0.832,-0.057,-0.083,0.026,-0.406,-1.496,1.09,0.301,-0.503,0.804,-0.373,-0.718,0.345
712820,PCIFIC Esports,Team Vitality,0,0.0,0.621,-0.621,0.0,0.6,-0.6,-10.4,-0.4,-10.0,-6.5,0,2,-13,2,1.0,1.0,-0.0,197.0,205.0,-8.0,1.0,1.09,-0.09,0.72,0.73,-0.01,132.0,135.3,-3.3,0.7,0.7,-0.0,0.25,0.27,-0.02,0.1,1.124,-1.024,0.0,0.814,-0.814,0.0,0.827,-0.827,0.0,1.091,-1.091,0.0,0.975,-0.975,0.0,0.963,-0.963,0.0,0.835,-0.835,0.0,0.029,-0.029,0.0,1.069,-1.069,0.0,0.884,-0.884
701061,TYLOO,Xi Lai Gaming,0,0.607,0.594,0.013,0.6,0.4,0.2,6.6,2.0,4.6,-3.5,0,2,-7,2,1.0,1.0,0.0,201.5,204.2,-2.7,1.01,1.02,-0.0,0.72,0.71,0.01,134.0,130.6,3.4,0.7,0.7,-0.0,0.3,0.26,0.04,0.947,1.083,-0.136,0.704,-0.147,0.851,0.322,0.707,-0.385,0.112,0.158,-0.046,0.786,0.087,0.699,0.71,0.012,0.698,0.181,0.443,-0.262,0.986,-0.467,1.453,-0.441,0.745,-1.186,0.444,0.206,0.238
698898,Team Secret,T1,0,0.231,0.636,-0.406,0.3,0.5,-0.2,0.0,-2.8,2.8,-8.0,0,2,-16,2,0.9,1.0,-0.1,200.0,196.2,3.8,0.92,1.03,-0.11,0.69,0.72,-0.03,133.7,128.7,5.0,0.7,0.7,0.0,0.21,0.29,-0.08,0.995,1.09,-0.095,-1.576,0.035,-1.611,0.106,-0.447,0.553,-1.311,0.314,-1.625,-1.157,0.668,-1.825,0.646,-0.381,1.027,0.023,-0.297,0.32,-2.223,0.683,-2.906,-0.003,0.799,-0.802,-0.868,0.18,-1.048
701060,JD Gaming,Dragon Ranger Gaming,0,0.462,0.4,0.062,0.3,0.3,0.0,-5.8,1.0,-6.8,-0.3,1,2,-1,3,1.0,1.0,-0.0,193.2,197.5,-4.3,0.96,0.98,-0.02,0.7,0.72,-0.02,125.8,128.7,-2.9,0.7,0.7,-0.0,0.29,0.31,-0.02,0.832,0.985,-0.153,-0.718,-0.177,-0.541,-0.875,-0.255,-0.62,-0.71,-0.369,-0.341,-0.687,0.435,-1.122,-0.964,-0.381,-0.583,-0.82,-0.244,-0.576,0.829,1.47,-0.641,-1.577,-0.092,-1.485,-0.706,-0.115,-0.591
698897,Nongshim RedForce,Global Esports,1,0.654,0.542,0.112,0.6,0.5,0.1,2.8,-1.6,4.4,1.7,2,1,5,3,1.0,1.0,0.0,201.6,201.0,0.6,1.04,1.03,0.02,0.72,0.71,0.0,130.5,132.0,-1.5,0.7,0.7,0.0,0.28,0.25,0.03,1.01,1.01,0.0,0.412,0.266,0.146,0.337,0.25,0.087,0.499,0.26,0.239,0.411,0.133,0.278,-0.005,0.296,-0.301,0.401,0.339,0.062,0.32,-0.842,1.162,0.128,0.128,0.0,0.437,0.201,0.236
706358,100 Thieves,KRÜ Esports,1,0.72,0.308,0.412,0.9,0.4,0.5,5.8,-8.4,14.2,8.0,2,0,16,2,1.0,1.1,-0.0,200.6,208.5,-7.9,1.08,1.18,-0.1,0.73,0.7,0.03,130.8,136.9,-6.1,0.7,0.8,-0.1,0.3,0.2,0.1,1.07,1.225,-0.155,0.85,1.616,-0.766,0.192,1.332,-1.14,0.914,2.122,-1.208,1.548,-0.822,2.37,0.06,1.307,-1.247,0.339,2.0,-1.661,1.119,-2.586,3.705,0.636,1.826,-1.19,0.788,1.073,-0.285
706357,FURIA,NRG,0,0.438,0.639,-0.201,0.3,0.6,-0.3,-9.2,2.8,-12.0,-4.0,0,2,-8,2,1.1,1.0,0.0,202.7,197.2,5.5,1.09,1.04,0.05,0.74,0.73,0.01,134.5,129.9,4.6,0.7,0.7,0.0,0.31,0.3,0.01,0.947,1.118,-0.171,1.373,0.704,0.669,0.491,-0.298,0.789,1.049,0.447,0.602,1.742,1.404,0.338,0.815,-0.123,0.938,0.547,-0.105,0.652,1.289,0.974,0.315,-0.441,1.022,-1.463,0.855,0.538,0.317
712819,Team Liquid,FNATIC,1,0.545,0.632,-0.086,0.4,0.6,-0.2,-6.2,2.2,-8.4,7.5,2,0,15,2,1.0,1.0,0.0,201.8,205.8,-4.0,1.05,1.05,0.0,0.73,0.7,0.03,134.8,135.8,-1.0,0.7,0.7,-0.0,0.29,0.22,0.07,1.054,1.042,0.012,0.777,0.385,0.392,0.366,0.935,-0.569,0.63,0.578,0.052,1.404,-0.653,2.057,0.865,1.068,-0.203,0.276,0.881,-0.605,0.538,-1.859,2.397,0.503,0.407,0.096,0.673,0.384,0.289
712818,FUT Esports,BBL Esports,1,0.519,0.583,-0.065,0.5,0.7,-0.2,0.0,5.6,-5.6,0.7,2,1,2,3,1.0,1.0,-0.0,196.0,197.5,-1.5,0.98,1.0,-0.02,0.71,0.71,-0.0,128.9,128.8,0.1,0.7,0.7,0.0,0.26,0.34,-0.08,1.006,0.835,0.171,-0.427,0.431,-0.858,-0.471,-0.255,-0.216,-0.341,-0.023,-0.318,-0.416,-0.142,-0.274,-0.322,-0.34,0.018,-0.297,-0.297,0.0,-0.406,2.318,-2.724,0.093,-1.545,1.638,-0.294,0.027,-0.321
701059,EDward Gaming,All Gamers,1,0.625,0.613,0.012,0.4,0.5,-0.1,3.0,1.8,1.2,5.0,2,0,10,2,1.0,1.0,-0.0,201.8,202.8,-1.0,1.01,1.04,-0.02,0.71,0.72,-0.01,130.8,130.2,0.6,0.7,0.7,-0.0,0.29,0.28,0.01,0.973,1.06,-0.087,-0.086,0.339,-0.425,0.37,0.51,-0.14,0.112,0.42,-0.308,-0.256,0.272,-0.528,0.063,-0.07,0.133,0.287,0.401,-0.114,0.804,0.247,0.557,-0.197,0.553,-0.75,0.116,0.375,-0.259
698895,DetonatioN FocusMe,Paper Rex,0,0.375,0.714,-0.339,0.2,0.6,-0.4,-7.4,-3.0,-4.4,-2.5,0,2,-5,2,1.0,1.1,-0.1,198.0,205.8,-7.8,0.97,1.09,-0.12,0.71,0.73,-0.02,128.4,136.9,-8.5,0.7,0.7,-0.0,0.26,0.27,-0.0,0.946,1.138,-0.192,-0.354,0.886,-1.24,-0.183,0.943,-1.126,-0.51,1.116,-1.626,-0.416,1.26,-1.676,-0.432,1.301,-1.733,-0.362,1.079,-1.441,-0.261,-0.116,-0.145,-0.447,1.178,-1.625,-0.358,1.052,-1.41
701058,Trace Esports,Titan Esports Club,1,0.286,0.32,-0.034,0.2,0.4,-0.2,-10.8,-7.6,-3.2,3.0,2,0,6,2,1.0,1.0,-0.0,197.8,202.0,-4.2,0.96,0.99,-0.03,0.7,0.7,-0.0,129.4,132.7,-3.3,0.7,0.7,-0.0,0.27,0.28,-0.01,0.99,0.822,0.168,-0.573,-0.098,-0.475,-0.212,0.394,-0.606,-0.71,-0.23,-0.48,-0.956,-0.822,-0.134,-0.232,0.434,-0.666,-0.169,0.276,-0.445,0.029,0.32,-0.291,-0.048,-1.683,1.635,-0.448,-0.198,-0.25
698894,Rex Regum Qeon,ZETA DIVISION,0,0.524,0.167,0.357,0.5,0.2,0.3,-3.2,-5.8,2.6,-6.0,0,2,-12,2,1.0,0.9,0.1,195.6,194.8,0.8,0.99,0.91,0.08,0.71,0.69,0.02,128.4,127.2,1.2,0.7,0.7,0.0,0.28,0.27,0.02,0.904,0.875,0.029,-0.025,-1.302,1.277,-0.529,-0.652,0.123,-0.23,-1.462,1.232,-0.005,-1.157,1.152,-0.432,-0.686,0.254,-0.557,-0.869,0.312,0.465,-0.225,0.69,-0.847,-1.134,0.287,-0.242,-1.096,0.854
706356,ENVY,MIBR,0,0.357,0.474,-0.117,0.3,0.4,-0.1,-0.4,-0.2,-0.2,-9.5,0,2,-19,2,0.8,1.0,-0.2,177.0,203.8,-26.8,0.8,1.05,-0.25,0.68,0.73,-0.05,112.1,134.1,-22.0,0.6,0.7,-0.1,0.25,0.29,-0.04,0.91,1.03,-0.12,-3.855,0.613,-4.468,-3.213,0.647,-3.86,-3.155,0.545,-3.7,-2.143,1.081,-3.224,-3.746,0.722,-4.468,-3.041,0.573,-3.614,-0.77,0.592,-1.362,-0.789,0.301,-1.09,-2.794,0.608,-3.402
706355,Evil Geniuses,LEVIATÁN,0,0.357,0.654,-0.297,0.3,0.8,-0.5,0.2,10.2,-10.0,-8.0,0,2,-16,2,1.0,1.1,-0.1,192.8,202.6,-9.8,0.94,1.13,-0.19,0.7,0.74,-0.05,128.5,132.7,-4.2,0.7,0.7,-0.0,0.26,0.29,-0.03,1.006,1.232,-0.226,-0.755,1.069,-1.824,-0.933,0.481,-1.414,-0.941,1.562,-2.503,-1.09,2.133,-3.223,-0.411,0.443,-0.854,-0.952,0.588,-1.54,-0.479,0.683,-1.162,0.093,1.876,-1.783,-0.778,1.083,-1.861
712817,Gentle Mates,Natus Vincere,1,0.609,0.45,0.159,0.6,0.6,0.0,4.2,0.2,4.0,4.5,2,0,9,2,1.1,1.1,-0.1,207.3,220.5,-13.2,1.05,1.18,-0.12,0.73,0.71,0.01,136.1,145.7,-9.6,0.7,0.8,-0.1,0.29,0.27,0.02,0.947,1.045,-0.098,0.947,2.528,-1.581,1.164,3.064,-1.9,0.621,2.122,-1.501,1.022,0.203,0.819,1.127,3.086,-1.959,1.059,2.716,-1.657,0.683,-0.225,0.908,-0.441,0.428,-0.869,0.807,1.837,-1.03
712816,Eternal Fire,Team Heretics,0,0.55,0.565,-0.015,0.5,0.6,-0.1,-0.8,-3.2,2.4,-8.0,0,2,-16,2,1.0,1.0,-0.1,199.8,203.3,-3.5,0.95,1.04,-0.09,0.69,0.73,-0.04,131.4,134.5,-3.1,0.7,0.7,-0.0,0.26,0.25,0.01,1.03,1.163,-0.133,-0.527,0.461,-0.988,0.07,0.587,-0.517,-0.76,0.447,-1.207,-1.817,1.26,-3.077,0.183,0.802,-0.619,-0.057,0.65,-0.707,-0.406,-0.77,0.364,0.301,1.371,-1.07,-0.373,0.618,-0.991
701057,FunPlus Phoenix,EDward Gaming,0,0.333,0.613,-0.28,0.4,0.4,0.0,-1.4,-2.0,0.6,-2.7,1,2,-8,3,1.0,1.0,0.0,200.2,201.8,-1.6,1.02,1.01,0.01,0.7,0.71,-0.0,131.3,130.8,0.5,0.7,0.7,0.0,0.22,0.29,-0.07,1.123,0.973,0.15,0.111,-0.086,0.197,0.142,0.37,-0.228,0.214,0.112,0.102,-0.484,-0.256,-0.228,0.153,0.063,0.09,0.339,0.287,0.052,-1.769,0.804,-2.573,1.057,-0.197,1.254,0.042,0.116,-0.074
698893,T1,VARREL,0,0.667,0.25,0.417,0.6,0.3,0.3,-3.0,-1.4,-1.6,-2.5,0,2,-5,2,1.0,1.0,0.0,196.2,192.5,3.7,1.03,0.95,0.08,0.72,0.69,0.03,128.7,125.5,3.2,0.7,0.7,0.0,0.29,0.26,0.03,1.09,1.058,0.032,0.035,-0.725,0.76,-0.447,-0.976,0.529,0.314,-0.748,1.062,0.668,-1.488,2.156,-0.381,-1.015,0.634,-0.297,-1.008,0.711,0.683,-0.588,1.271,0.799,0.539,0.26,0.18,-0.815,0.995
701056,TYLOO,Nova Esports,0,0.63,0.529,0.1,0.7,0.9,-0.2,5.8,7.6,-1.8,-2.0,0,2,-4,2,1.0,1.0,0.1,201.5,207.0,-5.5,1.01,1.05,-0.03,0.72,0.7,0.02,134.0,132.5,1.5,0.7,0.7,-0.0,0.3,0.25,0.04,0.947,1.038,-0.091,0.704,-0.281,0.985,0.322,1.116,-0.794,0.112,0.526,-0.414,0.786,-0.552,1.338,0.71,0.41,0.3,0.181,0.896,-0.715,0.986,-0.624,1.61,-0.441,0.369,-0.81,0.444,0.211,0.233
698892,Global Esports,FULL SENSE,1,0.522,0.474,0.048,0.4,0.4,0.0,-3.6,-8.8,5.2,8.0,2,0,16,2,1.0,1.0,0.0,201.0,205.5,-4.5,1.03,1.03,-0.01,0.71,0.71,-0.0,132.0,132.5,-0.5,0.7,0.7,-0.0,0.25,0.23,0.02,1.01,1.08,-0.07,0.266,0.02,0.246,0.25,0.899,-0.649,0.26,0.38,-0.12,0.133,0.203,-0.07,0.296,0.402,-0.106,0.339,0.804,-0.465,-0.842,-1.587,0.745,0.128,0.718,-0.59,0.201,0.261,-0.06
712815,FNATIC,Karmine Corp,1,0.611,0.381,0.23,0.6,0.7,-0.1,0.8,3.0,-2.2,-1.0,2,1,-3,3,1.0,1.0,0.0,205.8,197.6,8.2,1.05,1.04,0.01,0.7,0.72,-0.02,135.8,128.8,7.0,0.7,0.7,0.0,0.22,0.26,-0.04,1.042,1.088,-0.046,0.385,0.084,0.301,0.935,-0.24,1.175,0.578,0.447,0.131,-0.653,0.833,-1.486,1.068,-0.346,1.414,0.881,0.023,0.858,-1.859,-0.334,-1.525,0.407,0.783,-0.376,0.384,0.096,0.288
712814,FUT Esports,PCIFIC Esports,1,0.5,0.0,0.5,0.4,0.0,0.4,-2.8,-7.8,5.0,4.3,2,1,13,3,1.0,1.0,-0.0,196.0,197.0,-1.0,0.98,1.0,-0.02,0.71,0.72,-0.01,128.9,132.0,-3.1,0.7,0.7,-0.0,0.26,0.25,0.01,1.006,0.1,0.906,-0.427,0.0,-0.427,-0.471,0.0,-0.471,-0.341,0.0,-0.341,-0.416,0.0,-0.416,-0.322,0.0,-0.322,-0.297,0.0,-0.297,-0.406,0.0,-0.406,0.093,0.0,0.093,-0.294,0.0,-0.294
701055,All Gamers,Dragon Ranger Gaming,1,0.6,0.417,0.183,0.5,0.4,0.1,-0.4,1.0,-1.4,-1.0,2,1,-3,3,1.0,1.0,0.0,202.8,197.5,5.3,1.04,0.98,0.06,0.72,0.72,-0.0,130.2,128.7,1.5,0.7,0.7,0.0,0.28,0.31,-0.03,1.06,0.985,0.075,0.339,-0.177,0.516,0.51,-0.255,0.765,0.42,-0.369,0.789,0.272,0.435,-0.163,-0.07,-0.381,0.311,0.401,-0.244,0.645,0.247,1.47,-1.223,0.553,-0.092,0.645,0.375,-0.115,0.49
701054,Xi Lai Gaming,Wolves Esports,1,0.581,0.25,0.331,0.4,0.2,0.2,-0.4,-0.6,0.2,0.7,2,1,2,3,1.0,1.0,0.0,204.2,197.4,6.8,1.02,0.94,0.08,0.71,0.7,0.01,130.6,129.6,1.0,0.7,0.7,0.0,0.26,0.28,-0.02,1.083,0.86,0.223,-0.147,-0.39,0.243,0.707,-0.269,0.976,0.158,-1.0,1.158,0.087,-0.687,0.774,0.012,-0.184,0.196,0.443,-0.557,1.0,-0.467,0.175,-0.642,0.745,-1.286,2.031,0.206,-0.651,0.857
701053,EDward Gaming,Nova Esports,0,0.633,0.5,0.133,0.5,0.8,-0.3,1.0,9.6,-8.6,-2.5,0,2,-5,2,1.0,1.0,0.0,201.8,207.0,-5.2,1.01,1.05,-0.03,0.71,0.7,0.0,130.8,132.5,-1.7,0.7,0.7,-0.0,0.29,0.25,0.04,0.973,1.038,-0.065,-0.086,-0.281,0.195,0.37,1.116,-0.746,0.112,0.526,-0.414,-0.256,-0.552,0.296,0.063,0.41,-0.347,0.287,0.896,-0.609,0.804,-0.624,1.428,-0.197,0.369,-0.566,0.116,0.211,-0.095
701052,JD Gaming,Trace Esports,1,0.44,0.3,0.14,0.2,0.2,0.0,-9.6,-10.2,0.6,4.0,2,0,8,2,1.0,1.0,-0.0,193.2,197.8,-4.6,0.96,0.96,0.0,0.7,0.7,0.0,125.8,129.4,-3.6,0.7,0.7,-0.0,0.29,0.27,0.02,0.832,0.99,-0.158,-0.718,-0.573,-0.145,-0.875,-0.212,-0.663,-0.71,-0.71,0.0,-0.687,-0.956,0.269,-0.964,-0.232,-0.732,-0.82,-0.169,-0.651,0.829,0.029,0.8,-1.577,-0.048,-1.529,-0.706,-0.448,-0.258
701051,Bilibili Gaming,Xi Lai Gaming,1,0.619,0.6,0.019,0.6,0.5,0.1,-0.4,-1.0,0.6,2.7,2,1,8,3,1.0,1.0,-0.0,200.4,204.2,-3.8,1.0,1.02,-0.02,0.7,0.71,-0.01,128.2,130.6,-2.4,0.7,0.7,-0.0,0.28,0.26,0.02,0.841,1.083,-0.242,-0.364,-0.147,-0.217,0.168,0.707,-0.539,-0.092,0.158,-0.25,-0.822,0.087,-0.909,-0.478,0.012,-0.49,0.068,0.443,-0.375,0.372,-0.467,0.839,-1.478,0.745,-2.223,-0.236,0.206,-0.442
701050,Titan Esports Club,All Gamers,0,0.333,0.586,-0.253,0.4,0.5,-0.1,-7.8,-1.6,-6.2,-5.5,0,2,-11,2,1.0,1.0,-0.0,202.0,202.8,-0.8,0.99,1.04,-0.05,0.7,0.72,-0.02,132.7,130.2,2.5,0.7,0.7,-0.0,0.28,0.28,0.0,0.822,1.06,-0.238,-0.098,0.339,-0.437,0.394,0.51,-0.116,-0.23,0.42,-0.65,-0.822,0.272,-1.094,0.434,-0.07,0.504,0.276,0.401,-0.125,0.32,0.247,0.073,-1.683,0.553,-2.236,-0.198,0.375,-0.573
712812,Team Vitality,BBL Esports,0,0.643,0.565,0.078,0.7,0.6,0.1,-3.2,5.6,-8.8,-2.0,0,2,-4,2,1.0,1.0,0.0,205.0,197.5,7.5,1.09,1.0,0.09,0.73,0.71,0.02,135.3,128.8,6.5,0.7,0.7,0.0,0.27,0.34,-0.06,1.124,0.835,0.289,0.814,0.431,0.383,0.827,-0.255,1.082,1.091,-0.023,1.114,0.975,-0.142,1.117,0.963,-0.34,1.303,0.835,-0.297,1.132,0.029,2.318,-2.289,1.069,-1.545,2.614,0.884,0.027,0.857
712811,GIANTX,Karmine Corp,0,0.353,0.35,0.003,0.3,0.6,-0.3,-6.8,0.8,-7.6,-7.0,0,2,-14,2,1.0,1.0,-0.0,195.7,197.6,-1.9,0.97,1.04,-0.07,0.69,0.72,-0.04,127.3,128.8,-1.5,0.7,0.7,-0.0,0.23,0.26,-0.03,0.94,1.088,-0.148,-0.755,0.084,-0.839,-0.519,-0.24,-0.279,-0.463,0.447,-0.91,-1.708,0.833,-2.541,-0.649,-0.346,-0.303,-0.083,0.023,-0.106,-1.496,-0.334,-1.162,-0.503,0.783,-1.286,-0.718,0.096,-0.814
701049,EDward Gaming,JD Gaming,1,0.621,0.458,0.162,0.4,0.3,0.1,-3.6,-6.2,2.6,4.5,2,0,9,2,1.0,1.0,0.0,201.8,193.2,8.6,1.01,0.96,0.06,0.71,0.7,0.01,130.8,125.8,5.0,0.7,0.7,0.0,0.29,0.29,-0.0,0.973,0.832,0.141,-0.086,-0.718,0.632,0.37,-0.875,1.245,0.112,-0.71,0.822,-0.256,-0.687,0.431,0.063,-0.964,1.027,0.287,-0.82,1.107,0.804,0.829,-0.025,-0.197,-1.577,1.38,0.116,-0.706,0.822
698891,KIWOOM DRX,Team Secret,0,0.556,0.167,0.389,0.5,0.2,0.3,-1.4,-1.8,0.4,-7.5,0,2,-15,2,1.0,0.9,0.1,197.0,200.0,-3.0,1.0,0.92,0.08,0.72,0.69,0.03,132.0,133.7,-1.7,0.7,0.7,0.0,0.25,0.21,0.04,0.1,0.995,-0.895,0.0,-1.576,1.576,0.0,0.106,-0.106,0.0,-1.311,1.311,0.0,-1.157,1.157,0.0,0.646,-0.646,0.0,0.023,-0.023,0.0,-2.223,2.223,0.0,-0.003,0.003,0.0,-0.868,0.868
701048,Dragon Ranger Gaming,Wolves Esports,0,0.435,0.2,0.235,0.5,0.1,0.4,-1.6,-3.2,1.6,-1.7,1,2,-5,3,1.0,1.0,0.0,197.5,197.4,0.1,0.98,0.94,0.04,0.72,0.7,0.02,128.7,129.6,-0.9,0.7,0.7,0.0,0.31,0.28,0.04,0.985,0.86,0.125,-0.177,-0.39,0.213,-0.255,-0.269,0.014,-0.369,-1.0,0.631,0.435,-0.687,1.122,-0.381,-0.184,-0.197,-0.244,-0.557,0.313,1.47,0.175,1.295,-0.092,-1.286,1.194,-0.115,-0.651,0.536
698890,Nongshim RedForce,Gen.G,0,0.68,0.421,0.259,0.6,0.6,0.0,4.2,4.2,0.0,-1.7,1,2,-5,3,1.0,1.0,0.0,201.6,201.5,0.1,1.04,1.0,0.04,0.72,0.72,0.0,130.5,130.6,-0.1,0.7,0.7,0.0,0.28,0.26,0.02,1.01,1.018,-0.008,0.412,0.005,0.407,0.337,0.322,0.015,0.499,-0.023,0.522,0.411,0.435,-0.024,-0.005,0.005,-0.01,0.401,0.023,0.378,0.32,-0.285,0.605,0.128,0.201,-0.073,0.437,0.045,0.392
701047,Trace Esports,Nova Esports,0,0.316,0.467,-0.151,0.3,0.7,-0.4,-8.0,11.4,-19.4,-0.7,1,2,-2,3,1.0,1.0,-0.0,197.8,207.0,-9.2,0.96,1.05,-0.09,0.7,0.7,-0.01,129.4,132.5,-3.1,0.7,0.7,-0.0,0.27,0.25,0.02,0.99,1.038,-0.048,-0.573,-0.281,-0.292,-0.212,1.116,-1.328,-0.71,0.526,-1.236,-0.956,-0.552,-0.404,-0.232,0.41,-0.642,-0.169,0.896,-1.065,0.029,-0.624,0.653,-0.048,0.369,-0.417,-0.448,0.211,-0.659
706354,NRG,MIBR,1,0.629,0.5,0.129,0.6,0.5,0.1,1.4,3.6,-2.2,2.3,2,1,7,3,1.0,1.0,0.0,197.2,203.8,-6.6,1.04,1.05,-0.01,0.73,0.73,0.0,129.9,134.1,-4.2,0.7,0.7,-0.0,0.3,0.29,0.01,1.118,1.03,0.088,0.704,0.613,0.091,-0.298,0.647,-0.945,0.447,0.545,-0.098,1.404,1.081,0.323,-0.123,0.722,-0.845,-0.105,0.573,-0.678,0.974,0.592,0.382,1.022,0.301,0.721,0.538,0.608,-0.07
706353,G2 Esports,100 Thieves,0,0.571,0.708,-0.137,0.5,0.9,-0.4,-3.4,6.0,-9.4,-3.3,1,2,-10,3,1.0,1.0,-0.0,201.8,200.6,1.2,1.05,1.08,-0.03,0.73,0.73,-0.01,132.9,130.8,2.1,0.7,0.7,0.0,0.29,0.3,-0.01,1.034,1.07,-0.036,0.631,0.85,-0.219,0.366,0.192,0.174,0.552,0.914,-0.362,0.975,1.548,-0.573,0.475,0.06,0.415,0.401,0.339,0.062,0.683,1.119,-0.436,0.335,0.636,-0.301,0.584,0.788,-0.204
712810,Team Heretics,Team Liquid,0,0.591,0.524,0.067,0.7,0.4,0.3,-4.8,-9.4,4.6,-2.5,0,2,-5,2,1.0,1.0,-0.0,203.3,201.8,1.5,1.04,1.05,-0.01,0.73,0.73,-0.0,134.5,134.8,-0.3,0.7,0.7,0.0,0.25,0.29,-0.04,1.163,1.054,0.109,0.461,0.777,-0.316,0.587,0.366,0.221,0.447,0.63,-0.183,1.26,1.404,-0.144,0.802,0.865,-0.063,0.65,0.276,0.374,-0.77,0.538,-1.308,1.371,0.503,0.868,0.618,0.673,-0.055
712809,Gentle Mates,FUT Esports,0,0.636,0.48,0.156,0.6,0.4,0.2,7.6,-3.6,11.2,-3.0,0,2,-6,2,1.1,1.0,0.1,207.3,196.0,11.3,1.05,0.98,0.07,0.73,0.71,0.02,136.1,128.9,7.2,0.7,0.7,0.0,0.29,0.26,0.03,0.947,1.006,-0.059,0.947,-0.427,1.374,1.164,-0.471,1.635,0.621,-0.341,0.962,1.022,-0.416,1.438,1.127,-0.322,1.449,1.059,-0.297,1.356,0.683,-0.406,1.089,-0.441,0.093,-0.534,0.807,-0.294,1.101
701046,All Gamers,Xi Lai Gaming,0,0.607,0.586,0.021,0.6,0.4,0.2,-1.2,-5.2,4.0,-2.5,0,2,-5,2,1.0,1.0,0.0,202.8,204.2,-1.4,1.04,1.02,0.02,0.72,0.71,0.0,130.2,130.6,-0.4,0.7,0.7,-0.0,0.28,0.26,0.02,1.06,1.083,-0.023,0.339,-0.147,0.486,0.51,0.707,-0.197,0.42,0.158,0.262,0.272,0.087,0.185,-0.07,0.012,-0.082,0.401,0.443,-0.042,0.247,-0.467,0.714,0.553,0.745,-0.192,0.375,0.206,0.169
698889,Paper Rex,T1,0,0.735,0.65,0.085,0.7,0.6,0.1,-0.6,-1.0,0.4,-0.7,1,2,-2,3,1.1,1.0,0.0,205.8,196.2,9.6,1.09,1.03,0.06,0.73,0.72,0.01,136.9,128.7,8.2,0.7,0.7,0.0,0.27,0.29,-0.02,1.138,1.09,0.048,0.886,0.035,0.851,0.943,-0.447,1.39,1.116,0.314,0.802,1.26,0.668,0.592,1.301,-0.381,1.682,1.079,-0.297,1.376,-0.116,0.683,-0.799,1.178,0.799,0.379,1.052,0.18,0.872
701045,Titan Esports Club,Bilibili Gaming,0,0.348,0.6,-0.252,0.4,0.5,-0.1,-6.2,-0.6,-5.6,-2.0,1,2,-6,3,1.0,1.0,0.0,202.0,200.4,1.6,0.99,1.0,-0.01,0.7,0.7,0.0,132.7,128.2,4.5,0.7,0.7,0.0,0.28,0.28,-0.0,0.822,0.841,-0.019,-0.098,-0.364,0.266,0.394,0.168,0.226,-0.23,-0.092,-0.138,-0.822,-0.822,0.0,0.434,-0.478,0.912,0.276,0.068,0.208,0.32,0.372,-0.052,-1.683,-1.478,-0.205,-0.198,-0.236,0.038
698888,Rex Regum Qeon,Global Esports,0,0.55,0.5,0.05,0.5,0.4,0.1,-4.4,-4.2,-0.2,-3.0,0,2,-6,2,1.0,1.0,-0.0,195.6,201.0,-5.4,0.99,1.03,-0.04,0.71,0.71,-0.0,128.4,132.0,-3.6,0.7,0.7,-0.0,0.28,0.25,0.04,0.904,1.01,-0.106,-0.025,0.266,-0.291,-0.529,0.25,-0.779,-0.23,0.26,-0.49,-0.005,0.133,-0.138,-0.432,0.296,-0.728,-0.557,0.339,-0.896,0.465,-0.842,1.307,-0.847,0.128,-0.975,-0.242,0.201,-0.443
706352,KRÜ Esports,LOUD,0,0.333,0.385,-0.051,0.4,0.5,-0.1,-5.4,-7.6,2.2,-2.7,1,2,-8,3,1.1,1.0,0.0,208.5,197.0,11.5,1.18,1.04,0.14,0.7,0.71,-0.02,136.9,130.3,6.6,0.8,0.7,0.1,0.2,0.3,-0.1,1.225,1.085,0.14,1.616,0.75,0.866,1.332,-0.327,1.659,2.122,0.413,1.709,-0.822,0.203,-1.025,1.307,-0.051,1.358,2.0,-0.217,2.217,-2.586,1.228,-3.814,1.826,0.758,1.068,1.073,0.313,0.76
706351,ENVY,Evil Geniuses,0,0.385,0.308,0.077,0.3,0.3,0.0,-1.0,-4.2,3.2,-6.5,0,2,-13,2,0.8,1.0,-0.2,177.0,192.8,-15.8,0.8,0.94,-0.14,0.68,0.7,-0.02,112.1,128.5,-16.4,0.6,0.7,-0.1,0.25,0.26,-0.01,0.91,1.006,-0.096,-3.855,-0.755,-3.1,-3.213,-0.933,-2.28,-3.155,-0.941,-2.214,-2.143,-1.09,-1.053,-3.746,-0.411,-3.335,-3.041,-0.952,-2.089,-0.77,-0.479,-0.291,-0.789,0.093,-0.882,-2.794,-0.778,-2.016
712808,Team Vitality,Natus Vincere,1,0.63,0.474,0.156,0.6,0.6,0.0,-1.2,0.0,-1.2,2.3,2,1,7,3,1.0,1.1,-0.1,205.0,220.5,-15.5,1.09,1.18,-0.08,0.73,0.71,0.01,135.3,145.7,-10.4,0.7,0.8,-0.1,0.27,0.27,0.01,1.124,1.045,0.079,0.814,2.528,-1.714,0.827,3.064,-2.237,1.091,2.122,-1.031,0.975,0.203,0.772,0.963,3.086,-2.123,0.835,2.716,-1.881,0.029,-0.225,0.254,1.069,0.428,0.641,0.884,1.837,-0.953
712807,Karmine Corp,Eternal Fire,1,0.316,0.579,-0.263,0.5,0.6,-0.1,-0.4,3.4,-3.8,4.5,2,0,9,2,1.0,1.0,0.0,197.6,199.8,-2.2,1.04,0.95,0.09,0.72,0.69,0.04,128.8,131.4,-2.6,0.7,0.7,0.0,0.26,0.26,0.0,1.088,1.03,0.058,0.084,-0.527,0.611,-0.24,0.07,-0.31,0.447,-0.76,1.207,0.833,-1.817,2.65,-0.346,0.183,-0.529,0.023,-0.057,0.08,-0.334,-0.406,0.072,0.783,0.301,0.482,0.096,-0.373,0.469
701044,Trace Esports,EDward Gaming,0,0.333,0.607,-0.274,0.3,0.4,-0.1,-8.2,-8.8,0.6,-6.0,0,2,-12,2,1.0,1.0,-0.0,197.8,201.8,-4.0,0.96,1.01,-0.06,0.7,0.71,-0.01,129.4,130.8,-1.4,0.7,0.7,-0.0,0.27,0.29,-0.02,0.99,0.973,0.017,-0.573,-0.086,-0.487,-0.212,0.37,-0.582,-0.71,0.112,-0.822,-0.956,-0.256,-0.7,-0.232,0.063,-0.295,-0.169,0.287,-0.456,0.029,0.804,-0.775,-0.048,-0.197,0.149,-0.448,0.116,-0.564
698887,KIWOOM DRX,DetonatioN FocusMe,1,0.529,0.4,0.129,0.5,0.2,0.3,-1.8,-4.6,2.8,3.7,2,1,11,3,1.0,1.0,0.0,197.0,198.0,-1.0,1.0,0.97,0.03,0.72,0.71,0.01,132.0,128.4,3.6,0.7,0.7,0.0,0.25,0.26,-0.01,0.1,0.946,-0.846,0.0,-0.354,0.354,0.0,-0.183,0.183,0.0,-0.51,0.51,0.0,-0.416,0.416,0.0,-0.432,0.432,0.0,-0.362,0.362,0.0,-0.261,0.261,0.0,-0.447,0.447,0.0,-0.358,0.358
701043,TYLOO,FunPlus Phoenix,1,0.615,0.353,0.262,0.6,0.5,0.1,3.0,-0.6,3.6,-0.3,2,1,-1,3,1.0,1.0,0.0,201.5,200.2,1.3,1.01,1.02,-0.01,0.72,0.7,0.02,134.0,131.3,2.7,0.7,0.7,-0.0,0.3,0.22,0.08,0.947,1.123,-0.176,0.704,0.111,0.593,0.322,0.142,0.18,0.112,0.214,-0.102,0.786,-0.484,1.27,0.71,0.153,0.557,0.181,0.339,-0.158,0.986,-1.769,2.755,-0.441,1.057,-1.498,0.444,0.042,0.402
698886,FULL SENSE,Nongshim RedForce,1,0.444,0.708,-0.264,0.3,0.7,-0.4,-10.2,1.4,-11.6,-1.0,2,1,-3,3,1.0,1.0,-0.0,205.5,201.6,3.9,1.03,1.04,-0.01,0.71,0.72,-0.0,132.5,130.5,2.0,0.7,0.7,0.0,0.23,0.28,-0.05,1.08,1.01,0.07,0.02,0.412,-0.392,0.899,0.337,0.562,0.38,0.499,-0.119,0.203,0.411,-0.208,0.402,-0.005,0.407,0.804,0.401,0.403,-1.587,0.32,-1.907,0.718,0.128,0.59,0.261,0.437,-0.176
701042,Nova Esports,JD Gaming,1,0.429,0.478,-0.05,0.6,0.4,0.2,12.4,-7.2,19.6,2.7,2,1,8,3,1.0,1.0,0.0,207.0,193.2,13.8,1.05,0.96,0.09,0.7,0.7,0.0,132.5,125.8,6.7,0.7,0.7,0.1,0.25,0.29,-0.04,1.038,0.832,0.206,-0.281,-0.718,0.437,1.116,-0.875,1.991,0.526,-0.71,1.236,-0.552,-0.687,0.135,0.41,-0.964,1.374,0.896,-0.82,1.716,-0.624,0.829,-1.453,0.369,-1.577,1.946,0.211,-0.706,0.917
706350,Sentinels,Cloud9,1,0.438,0.357,0.08,0.5,0.2,0.3,1.6,-6.6,8.2,3.0,2,1,9,3,1.0,1.0,0.0,193.2,191.0,2.2,1.01,0.96,0.05,0.71,0.72,-0.02,128.9,124.7,4.2,0.7,0.7,0.0,0.27,0.29,-0.02,0.905,0.986,-0.081,0.157,-0.463,0.62,-0.868,-1.193,0.325,0.011,-0.652,0.663,-0.313,0.692,-1.005,-0.335,-1.184,0.849,-0.869,-0.952,0.083,-0.134,0.756,-0.89,-0.837,-0.083,-0.754,-0.356,-0.499,0.143
706349,LEVIATÁN,FURIA,1,0.64,0.467,0.173,0.7,0.3,0.4,13.6,-11.2,24.8,-0.7,2,1,-2,3,1.1,1.1,-0.0,202.6,202.7,-0.1,1.13,1.09,0.04,0.74,0.74,0.01,132.7,134.5,-1.8,0.7,0.7,0.0,0.29,0.31,-0.02,1.232,0.947,0.285,1.069,1.373,-0.304,0.481,0.491,-0.01,1.562,1.049,0.513,2.133,1.742,0.391,0.443,0.815,-0.372,0.588,0.547,0.041,0.683,1.289,-0.606,1.876,-0.441,2.317,1.083,0.855,0.228
712806,PCIFIC Esports,Gentle Mates,0,0.0,0.619,-0.619,0.0,0.6,-0.6,-8.2,7.4,-15.6,-3.0,1,2,-9,3,1.0,1.1,-0.1,197.0,207.3,-10.3,1.0,1.05,-0.05,0.72,0.73,-0.01,132.0,136.1,-4.1,0.7,0.7,-0.0,0.25,0.29,-0.04,0.1,0.947,-0.847,0.0,0.947,-0.947,0.0,1.164,-1.164,0.0,0.621,-0.621,0.0,1.022,-1.022,0.0,1.127,-1.127,0.0,1.059,-1.059,0.0,0.683,-0.683,0.0,-0.441,0.441,0.0,0.807,-0.807
712805,FNATIC,GIANTX,1,0.588,0.375,0.213,0.6,0.3,0.3,-2.6,-5.6,3.0,3.0,2,0,6,2,1.0,1.0,0.1,205.8,195.7,10.1,1.05,0.97,0.08,0.7,0.69,0.02,135.8,127.3,8.5,0.7,0.7,0.0,0.22,0.23,-0.01,1.042,0.94,0.102,0.385,-0.755,1.14,0.935,-0.519,1.454,0.578,-0.463,1.041,-0.653,-1.708,1.055,1.068,-0.649,1.717,0.881,-0.083,0.964,-1.859,-1.496,-0.363,0.407,-0.503,0.91,0.384,-0.718,1.102
701041,Xi Lai Gaming,Dragon Ranger Gaming,1,0.571,0.455,0.117,0.3,0.5,-0.2,-9.2,-2.8,-6.4,5.0,2,0,10,2,1.0,1.0,0.0,204.2,197.5,6.7,1.02,0.98,0.04,0.71,0.72,-0.01,130.6,128.7,1.9,0.7,0.7,0.0,0.26,0.31,-0.05,1.083,0.985,0.098,-0.147,-0.177,0.03,0.707,-0.255,0.962,0.158,-0.369,0.527,0.087,0.435,-0.348,0.012,-0.381,0.393,0.443,-0.244,0.687,-0.467,1.47,-1.937,0.745,-0.092,0.837,0.206,-0.115,0.321
698885,Team Secret,VARREL,0,0.182,0.182,0.0,0.2,0.2,0.0,-2.4,-3.0,0.6,-1.7,1,2,-5,3,0.9,1.0,-0.0,200.0,192.5,7.5,0.92,0.95,-0.04,0.69,0.69,0.01,133.7,125.5,8.2,0.7,0.7,0.0,0.21,0.26,-0.05,0.995,1.058,-0.063,-1.576,-0.725,-0.851,0.106,-0.976,1.082,-1.311,-0.748,-0.563,-1.157,-1.488,0.331,0.646,-1.015,1.661,0.023,-1.008,1.031,-2.223,-0.588,-1.635,-0.003,0.539,-0.542,-0.868,-0.815,-0.053
701040,All Gamers,Bilibili Gaming,0,0.63,0.579,0.051,0.7,0.5,0.2,1.4,-2.0,3.4,-1.7,1,2,-5,3,1.0,1.0,0.0,202.8,200.4,2.4,1.04,1.0,0.04,0.72,0.7,0.02,130.2,128.2,2.0,0.7,0.7,0.0,0.28,0.28,-0.0,1.06,0.841,0.219,0.339,-0.364,0.703,0.51,0.168,0.342,0.42,-0.092,0.512,0.272,-0.822,1.094,-0.07,-0.478,0.408,0.401,0.068,0.333,0.247,0.372,-0.125,0.553,-1.478,2.031,0.375,-0.236,0.611
698884,Gen.G,ZETA DIVISION,1,0.389,0.182,0.207,0.5,0.2,0.3,5.2,-6.4,11.6,4.0,2,0,8,2,1.0,0.9,0.1,201.5,194.8,6.7,1.0,0.91,0.1,0.72,0.69,0.02,130.6,127.2,3.4,0.7,0.7,0.0,0.26,0.27,-0.0,1.018,0.875,0.143,0.005,-1.302,1.307,0.322,-0.652,0.974,-0.023,-1.462,1.439,0.435,-1.157,1.592,0.005,-0.686,0.691,0.023,-0.869,0.892,-0.285,-0.225,-0.06,0.201,-1.134,1.335,0.045,-1.096,1.141
712804,Team Liquid,Eternal Fire,0,0.55,0.556,-0.006,0.4,0.6,-0.2,-4.0,-0.8,-3.2,-9.0,0,2,-18,2,1.0,1.0,0.1,201.8,199.8,2.0,1.05,0.95,0.1,0.73,0.69,0.05,134.8,131.4,3.4,0.7,0.7,0.0,0.29,0.26,0.03,1.054,1.03,0.024,0.777,-0.527,1.304,0.366,0.07,0.296,0.63,-0.76,1.39,1.404,-1.817,3.221,0.865,0.183,0.682,0.276,-0.057,0.333,0.538,-0.406,0.944,0.503,0.301,0.202,0.673,-0.373,1.046
712803,FUT Esports,Natus Vincere,0,0.5,0.444,0.056,0.4,0.5,-0.1,-0.6,1.6,-2.2,-5.5,0,2,-11,2,1.0,1.1,-0.2,196.0,220.5,-24.5,0.98,1.18,-0.19,0.71,0.71,-0.01,128.9,145.7,-16.8,0.7,0.8,-0.1,0.26,0.27,-0.01,1.006,1.045,-0.039,-0.427,2.528,-2.955,-0.471,3.064,-3.535,-0.341,2.122,-2.463,-0.416,0.203,-0.619,-0.322,3.086,-3.408,-0.297,2.716,-3.013,-0.406,-0.225,-0.181,0.093,0.428,-0.335,-0.294,1.837,-2.131
701039,EDward Gaming,TYLOO,0,0.63,0.6,0.03,0.5,0.6,-0.1,-8.4,2.8,-11.2,-3.0,1,2,-9,3,1.0,1.0,-0.0,201.8,201.5,0.3,1.01,1.01,0.0,0.71,0.72,-0.02,130.8,134.0,-3.2,0.7,0.7,0.0,0.29,0.3,-0.01,0.973,0.947,0.026,-0.086,0.704,-0.79,0.37,0.322,0.048,0.112,0.112,0.0,-0.256,0.786,-1.042,0.063,0.71,-0.647,0.287,0.181,0.106,0.804,0.986,-0.182,-0.197,-0.441,0.244,0.116,0.444,-0.328
701038,JD Gaming,FunPlus Phoenix,0,0.5,0.312,0.188,0.4,0.4,0.0,-9.6,-4.4,-5.2,-4.5,0,2,-9,2,1.0,1.0,-0.0,193.2,200.2,-7.0,0.96,1.02,-0.07,0.7,0.7,-0.0,125.8,131.3,-5.5,0.7,0.7,-0.0,0.29,0.22,0.07,0.832,1.123,-0.291,-0.718,0.111,-0.829,-0.875,0.142,-1.017,-0.71,0.214,-0.924,-0.687,-0.484,-0.203,-0.964,0.153,-1.117,-0.82,0.339,-1.159,0.829,-1.769,2.598,-1.577,1.057,-2.634,-0.706,0.042,-0.748
701037,Xi Lai Gaming,Titan Esports Club,0,0.593,0.318,0.274,0.4,0.3,0.1,-8.0,-5.0,-3.0,0.3,1,2,1,3,1.0,1.0,-0.0,204.2,202.0,2.2,1.02,0.99,0.03,0.71,0.7,0.01,130.6,132.7,-2.1,0.7,0.7,0.0,0.26,0.28,-0.02,1.083,0.822,0.261,-0.147,-0.098,-0.049,0.707,0.394,0.313,0.158,-0.23,0.388,0.087,-0.822,0.909,0.012,0.434,-0.422,0.443,0.276,0.167,-0.467,0.32,-0.787,0.745,-1.683,2.428,0.206,-0.198,0.404
701036,Wolves Esports,All Gamers,0,0.214,0.615,-0.401,0.1,0.6,-0.5,-2.2,-1.2,-1.0,-5.5,0,2,-11,2,1.0,1.0,-0.0,197.4,202.8,-5.4,0.94,1.04,-0.1,0.7,0.72,-0.01,129.6,130.2,-0.6,0.7,0.7,-0.0,0.28,0.28,-0.0,0.86,1.06,-0.2,-0.39,0.339,-0.729,-0.269,0.51,-0.779,-1.0,0.42,-1.42,-0.687,0.272,-0.959,-0.184,-0.07,-0.114,-0.557,0.401,-0.958,0.175,0.247,-0.072,-1.286,0.553,-1.839,-0.651,0.375,-1.026
708426,100 Thieves,NRG,1,0.696,0.647,0.049,0.8,0.7,0.1,8.6,3.6,5.0,1.0,3,1,4,4,1.0,1.0,0.0,200.6,197.2,3.4,1.08,1.04,0.04,0.73,0.73,0.0,130.8,129.9,0.9,0.7,0.7,0.0,0.3,0.3,0.0,1.07,1.118,-0.048,0.85,0.704,0.146,0.192,-0.298,0.49,0.914,0.447,0.467,1.548,1.404,0.144,0.06,-0.123,0.183,0.339,-0.105,0.444,1.119,0.974,0.145,0.636,1.022,-0.386,0.788,0.538,0.25
708427,Nongshim RedForce,BBL Esports,1,0.696,0.591,0.105,0.6,0.6,0.0,2.2,9.4,-7.2,2.5,2,0,5,2,1.0,1.0,-0.0,201.6,197.5,4.1,1.04,1.0,0.04,0.72,0.71,0.01,130.5,128.8,1.7,0.7,0.7,0.0,0.28,0.34,-0.05,1.01,0.835,0.175,0.412,0.431,-0.019,0.337,-0.255,0.592,0.499,-0.023,0.522,0.411,-0.142,0.553,-0.005,-0.34,0.335,0.401,-0.297,0.698,0.32,2.318,-1.998,0.128,-1.545,1.673,0.437,0.027,0.41
701032,TYLOO,Trace Esports,1,0.583,0.353,0.23,0.5,0.3,0.2,3.2,-7.4,10.6,9.0,2,0,18,2,1.0,1.0,0.1,201.5,197.8,3.7,1.01,0.96,0.06,0.72,0.7,0.03,134.0,129.4,4.6,0.7,0.7,0.0,0.3,0.27,0.03,0.947,0.99,-0.043,0.704,-0.573,1.277,0.322,-0.212,0.534,0.112,-0.71,0.822,0.786,-0.956,1.742,0.71,-0.232,0.942,0.181,-0.169,0.35,0.986,0.029,0.957,-0.441,-0.048,-0.393,0.444,-0.448,0.892
701031,Nova Esports,FunPlus Phoenix,1,0.385,0.333,0.051,0.5,0.4,0.1,11.8,-5.0,16.8,5.5,2,0,11,2,1.0,1.0,-0.0,207.0,200.2,6.8,1.05,1.02,0.02,0.7,0.7,-0.0,132.5,131.3,1.2,0.7,0.7,0.0,0.25,0.22,0.03,1.038,1.123,-0.085,-0.281,0.111,-0.392,1.116,0.142,0.974,0.526,0.214,0.312,-0.552,-0.484,-0.068,0.41,0.153,0.257,0.896,0.339,0.557,-0.624,-1.769,1.145,0.369,1.057,-0.688,0.211,0.042,0.169
708425,BBL Esports,NRG,0,0.619,0.636,-0.017,0.6,0.7,-0.1,11.4,3.2,8.2,0.0,1,2,0,3,1.0,1.0,-0.0,197.5,197.2,0.3,1.0,1.04,-0.04,0.71,0.73,-0.02,128.8,129.9,-1.1,0.7,0.7,-0.0,0.34,0.3,0.04,0.835,1.118,-0.283,0.431,0.704,-0.273,-0.255,-0.298,0.043,-0.023,0.447,-0.47,-0.142,1.404,-1.546,-0.34,-0.123,-0.217,-0.297,-0.105,-0.192,2.318,0.974,1.344,-1.545,1.022,-2.567,0.027,0.538,-0.511
701030,Bilibili Gaming,Wolves Esports,1,0.556,0.231,0.325,0.5,0.2,0.3,-0.2,-3.4,3.2,1.0,2,1,3,3,1.0,1.0,0.0,200.4,197.4,3.0,1.0,0.94,0.06,0.7,0.7,-0.0,128.2,129.6,-1.4,0.7,0.7,0.0,0.28,0.28,0.01,0.841,0.86,-0.019,-0.364,-0.39,0.026,0.168,-0.269,0.437,-0.092,-1.0,0.908,-0.822,-0.687,-0.135,-0.478,-0.184,-0.294,0.068,-0.557,0.625,0.372,0.175,0.197,-1.478,-1.286,-0.192,-0.236,-0.651,0.415
708424,100 Thieves,Nongshim RedForce,1,0.682,0.727,-0.045,0.8,0.6,0.2,10.6,4.0,6.6,1.0,2,1,3,3,1.0,1.0,0.0,200.6,201.6,-1.0,1.08,1.04,0.03,0.73,0.72,0.02,130.8,130.5,0.3,0.7,0.7,-0.0,0.3,0.28,0.02,1.07,1.01,0.06,0.85,0.412,0.438,0.192,0.337,-0.145,0.914,0.499,0.415,1.548,0.411,1.137,0.06,-0.005,0.065,0.339,0.401,-0.062,1.119,0.32,0.799,0.636,0.128,0.508,0.788,0.437,0.351
701029,Dragon Ranger Gaming,Titan Esports Club,1,0.429,0.333,0.095,0.4,0.3,0.1,-8.0,-2.0,-6.0,3.0,2,1,9,3,1.0,1.0,-0.0,197.5,202.0,-4.5,0.98,0.99,-0.01,0.72,0.7,0.02,128.7,132.7,-4.0,0.7,0.7,-0.0,0.31,0.28,0.03,0.985,0.822,0.163,-0.177,-0.098,-0.079,-0.255,0.394,-0.649,-0.369,-0.23,-0.139,0.435,-0.822,1.257,-0.381,0.434,-0.815,-0.244,0.276,-0.52,1.47,0.32,1.15,-0.092,-1.683,1.591,-0.115,-0.198,0.083
708420,100 Thieves,MIBR,1,0.667,0.529,0.137,0.8,0.5,0.3,6.2,9.2,-3.0,5.3,2,1,16,3,1.0,1.0,0.0,200.6,203.8,-3.2,1.08,1.05,0.03,0.73,0.73,0.01,130.8,134.1,-3.3,0.7,0.7,-0.0,0.3,0.29,0.02,1.07,1.03,0.04,0.85,0.613,0.237,0.192,0.647,-0.455,0.914,0.545,0.369,1.548,1.081,0.467,0.06,0.722,-0.662,0.339,0.573,-0.234,1.119,0.592,0.527,0.636,0.301,0.335,0.788,0.608,0.18
708421,Team Vitality,Nongshim RedForce,0,0.654,0.714,-0.06,0.7,0.6,0.1,-0.4,3.0,-3.4,-4.7,1,2,-14,3,1.0,1.0,0.0,205.0,201.6,3.4,1.09,1.04,0.05,0.73,0.72,0.01,135.3,130.5,4.8,0.7,0.7,0.0,0.27,0.28,-0.01,1.124,1.01,0.114,0.814,0.412,0.402,0.827,0.337,0.49,1.091,0.499,0.592,0.975,0.411,0.564,0.963,-0.005,0.968,0.835,0.401,0.434,0.029,0.32,-0.291,1.069,0.128,0.941,0.884,0.437,0.447
701028,JD Gaming,TYLOO,0,0.524,0.565,-0.041,0.4,0.5,-0.1,-5.4,-0.8,-4.6,-5.5,0,2,-11,2,1.0,1.0,-0.1,193.2,201.5,-8.3,0.96,1.01,-0.06,0.7,0.72,-0.02,125.8,134.0,-8.2,0.7,0.7,-0.0,0.29,0.3,-0.0,0.832,0.947,-0.115,-0.718,0.704,-1.422,-0.875,0.322,-1.197,-0.71,0.112,-0.822,-0.687,0.786,-1.473,-0.964,0.71,-1.674,-0.82,0.181,-1.001,0.829,0.986,-0.157,-1.577,-0.441,-1.136,-0.706,0.444,-1.15
701027,FunPlus Phoenix,Trace Esports,1,0.286,0.375,-0.089,0.4,0.4,0.0,-10.2,-3.8,-6.4,7.0,2,0,14,2,1.0,1.0,0.0,200.2,197.8,2.4,1.02,0.96,0.07,0.7,0.7,0.01,131.3,129.4,1.9,0.7,0.7,0.0,0.22,0.27,-0.05,1.123,0.99,0.133,0.111,-0.573,0.684,0.142,-0.212,0.354,0.214,-0.71,0.924,-0.484,-0.956,0.472,0.153,-0.232,0.385,0.339,-0.169,0.508,-1.769,0.029,-1.798,1.057,-0.048,1.105,0.042,-0.448,0.49
708423,Gentle Mates,NRG,0,0.65,0.625,0.025,0.7,0.6,0.1,5.8,1.8,4.0,-1.3,1,2,-4,3,1.1,1.0,0.0,207.3,197.2,10.1,1.05,1.04,0.01,0.73,0.73,-0.01,136.1,129.9,6.2,0.7,0.7,0.0,0.29,0.3,-0.01,0.947,1.118,-0.171,0.947,0.704,0.243,1.164,-0.298,1.462,0.621,0.447,0.174,1.022,1.404,-0.382,1.127,-0.123,1.25,1.059,-0.105,1.164,0.683,0.974,-0.291,-0.441,1.022,-1.463,0.807,0.538,0.269
708422,Team Heretics,BBL Esports,0,0.619,0.6,0.019,0.7,0.6,0.1,-3.0,9.4,-12.4,-4.0,1,2,-12,3,1.0,1.0,0.0,203.3,197.5,5.8,1.04,1.0,0.04,0.73,0.71,0.02,134.5,128.8,5.7,0.7,0.7,0.0,0.25,0.34,-0.09,1.163,0.835,0.328,0.461,0.431,0.03,0.587,-0.255,0.842,0.447,-0.023,0.47,1.26,-0.142,1.402,0.802,-0.34,1.142,0.65,-0.297,0.947,-0.77,2.318,-3.088,1.371,-1.545,2.916,0.618,0.027,0.591
701026,Dragon Ranger Gaming,Bilibili Gaming,1,0.4,0.588,-0.188,0.4,0.6,-0.2,-8.2,0.4,-8.6,4.0,2,0,8,2,1.0,1.0,0.0,197.5,200.4,-2.9,0.98,1.0,-0.02,0.72,0.7,0.02,128.7,128.2,0.5,0.7,0.7,-0.0,0.31,0.28,0.03,0.985,0.841,0.144,-0.177,-0.364,0.187,-0.255,0.168,-0.423,-0.369,-0.092,-0.277,0.435,-0.822,1.257,-0.381,-0.478,0.097,-0.244,0.068,-0.312,1.47,0.372,1.098,-0.092,-1.478,1.386,-0.115,-0.236,0.121
701025,Wolves Esports,Titan Esports Club,1,0.167,0.35,-0.183,0.1,0.4,-0.3,-7.0,-5.4,-1.6,5.5,2,0,11,2,1.0,1.0,-0.0,197.4,202.0,-4.6,0.94,0.99,-0.05,0.7,0.7,0.0,129.6,132.7,-3.1,0.7,0.7,-0.0,0.28,0.28,-0.0,0.86,0.822,0.038,-0.39,-0.098,-0.292,-0.269,0.394,-0.663,-1.0,-0.23,-0.77,-0.687,-0.822,0.135,-0.184,0.434,-0.618,-0.557,0.276,-0.833,0.175,0.32,-0.145,-1.286,-1.683,0.397,-0.651,-0.198,-0.453
706768,Nongshim RedForce,G2 Esports,1,0.7,0.593,0.107,0.6,0.6,0.0,-0.2,-2.8,2.6,0.7,2,1,2,3,1.0,1.0,-0.0,201.6,201.8,-0.2,1.04,1.05,-0.0,0.72,0.73,-0.01,130.5,132.9,-2.4,0.7,0.7,0.0,0.28,0.29,-0.01,1.01,1.034,-0.024,0.412,0.631,-0.219,0.337,0.366,-0.029,0.499,0.552,-0.053,0.411,0.975,-0.564,-0.005,0.475,-0.48,0.401,0.401,0.0,0.32,0.683,-0.363,0.128,0.335,-0.207,0.437,0.584,-0.147
706773,MIBR,All Gamers,1,0.5,0.64,-0.14,0.5,0.7,-0.2,4.8,5.6,-0.8,4.7,2,1,14,3,1.0,1.0,0.0,203.8,202.8,1.0,1.05,1.04,0.01,0.73,0.72,0.01,134.1,130.2,3.9,0.7,0.7,0.0,0.29,0.28,0.01,1.03,1.06,-0.03,0.613,0.339,0.274,0.647,0.51,0.137,0.545,0.42,0.125,1.081,0.272,0.809,0.722,-0.07,0.792,0.573,0.401,0.172,0.592,0.247,0.345,0.301,0.553,-0.252,0.608,0.375,0.233
706763,NRG,Karmine Corp,1,0.613,0.333,0.28,0.5,0.5,0.0,2.2,4.6,-2.4,2.3,2,1,7,3,1.0,1.0,0.0,197.2,197.6,-0.4,1.04,1.04,0.0,0.73,0.72,0.01,129.9,128.8,1.1,0.7,0.7,-0.0,0.3,0.26,0.04,1.118,1.088,0.03,0.704,0.084,0.62,-0.298,-0.24,-0.058,0.447,0.447,0.0,1.404,0.833,0.571,-0.123,-0.346,0.223,-0.105,0.023,-0.128,0.974,-0.334,1.308,1.022,0.783,0.239,0.538,0.096,0.442
706758,BBL Esports,EDward Gaming,1,0.579,0.654,-0.075,0.5,0.6,-0.1,7.2,-3.0,10.2,8.5,2,0,17,2,1.0,1.0,0.0,197.5,201.8,-4.3,1.0,1.01,-0.01,0.71,0.71,0.0,128.8,130.8,-2.0,0.7,0.7,-0.0,0.34,0.29,0.04,0.835,0.973,-0.138,0.431,-0.086,0.517,-0.255,0.37,-0.625,-0.023,0.112,-0.135,-0.142,-0.256,0.114,-0.34,0.063,-0.403,-0.297,0.287,-0.584,2.318,0.804,1.514,-1.545,-0.197,-1.348,0.027,0.116,-0.089
706767,Xi Lai Gaming,G2 Esports,0,0.615,0.577,0.038,0.4,0.6,-0.2,-5.2,-4.0,-1.2,-5.0,0,2,-10,2,1.0,1.0,-0.0,204.2,201.8,2.4,1.02,1.05,-0.03,0.71,0.73,-0.01,130.6,132.9,-2.3,0.7,0.7,0.0,0.26,0.29,-0.03,1.083,1.034,0.049,-0.147,0.631,-0.778,0.707,0.366,0.341,0.158,0.552,-0.394,0.087,0.975,-0.888,0.012,0.475,-0.463,0.443,0.401,0.042,-0.467,0.683,-1.15,0.745,0.335,0.41,0.206,0.584,-0.378
706766,Gentle Mates,Nongshim RedForce,1,0.632,0.737,-0.105,0.6,0.6,0.0,4.6,3.4,1.2,3.7,2,1,11,3,1.1,1.0,0.0,207.3,201.6,5.7,1.05,1.04,0.01,0.73,0.72,0.01,136.1,130.5,5.6,0.7,0.7,0.0,0.29,0.28,0.01,0.947,1.01,-0.063,0.947,0.412,0.535,1.164,0.337,0.827,0.621,0.499,0.122,1.022,0.411,0.611,1.127,-0.005,1.132,1.059,0.401,0.658,0.683,0.32,0.363,-0.441,0.128,-0.569,0.807,0.437,0.37
706771,MIBR,Team Heretics,0,0.533,0.6,-0.067,0.6,0.7,-0.1,7.4,-0.4,7.8,-6.5,0,2,-13,2,1.0,1.0,0.0,203.8,203.3,0.5,1.05,1.04,0.01,0.73,0.73,-0.0,134.1,134.5,-0.4,0.7,0.7,-0.0,0.29,0.25,0.04,1.03,1.163,-0.133,0.613,0.461,0.152,0.647,0.587,0.06,0.545,0.447,0.098,1.081,1.26,-0.179,0.722,0.802,-0.08,0.573,0.65,-0.077,0.592,-0.77,1.362,0.301,1.371,-1.07,0.608,0.618,-0.01
706772,Global Esports,All Gamers,0,0.524,0.625,-0.101,0.5,0.6,-0.1,-0.4,7.8,-8.2,-2.5,0,2,-5,2,1.0,1.0,-0.0,201.0,202.8,-1.8,1.03,1.04,-0.01,0.71,0.72,-0.0,132.0,130.2,1.8,0.7,0.7,-0.0,0.25,0.28,-0.03,1.01,1.06,-0.05,0.266,0.339,-0.073,0.25,0.51,-0.26,0.26,0.42,-0.16,0.133,0.272,-0.139,0.296,-0.07,0.366,0.339,0.401,-0.062,-0.842,0.247,-1.089,0.128,0.553,-0.425,0.201,0.375,-0.174
706762,Karmine Corp,Paper Rex,1,0.294,0.758,-0.463,0.4,0.7,-0.3,-0.8,4.0,-4.8,2.7,2,1,8,3,1.0,1.1,-0.0,197.6,205.8,-8.2,1.04,1.09,-0.05,0.72,0.73,-0.01,128.8,136.9,-8.1,0.7,0.7,-0.0,0.26,0.27,-0.01,1.088,1.138,-0.05,0.084,0.886,-0.802,-0.24,0.943,-1.183,0.447,1.116,-0.669,0.833,1.26,-0.427,-0.346,1.301,-1.647,0.023,1.079,-1.056,-0.334,-0.116,-0.218,0.783,1.178,-0.395,0.096,1.052,-0.956
706761,Team Vitality,NRG,1,0.64,0.633,0.007,0.7,0.6,0.1,2.2,5.6,-3.4,0.0,2,1,0,3,1.0,1.0,0.0,205.0,197.2,7.8,1.09,1.04,0.05,0.73,0.73,-0.01,135.3,129.9,5.4,0.7,0.7,0.0,0.27,0.3,-0.03,1.124,1.118,0.006,0.814,0.704,0.11,0.827,-0.298,1.125,1.091,0.447,0.644,0.975,1.404,-0.429,0.963,-0.123,1.086,0.835,-0.105,0.94,0.029,0.974,-0.945,1.069,1.022,0.047,0.884,0.538,0.346
706756,100 Thieves,BBL Esports,1,0.65,0.611,0.039,0.7,0.5,0.2,8.6,3.8,4.8,-1.3,2,1,-4,3,1.0,1.0,0.0,200.6,197.5,3.1,1.08,1.0,0.07,0.73,0.71,0.02,130.8,128.8,2.0,0.7,0.7,0.0,0.3,0.34,-0.03,1.07,0.835,0.235,0.85,0.431,0.419,0.192,-0.255,0.447,0.914,-0.023,0.937,1.548,-0.142,1.69,0.06,-0.34,0.4,0.339,-0.297,0.636,1.119,2.318,-1.199,0.636,-1.545,2.181,0.788,0.027,0.761
706757,Rex Regum Qeon,EDward Gaming,0,0.579,0.64,-0.061,0.6,0.6,0.0,-1.8,-4.8,3.0,-5.0,0,2,-10,2,1.0,1.0,0.0,195.6,201.8,-6.2,0.99,1.01,-0.02,0.71,0.71,0.0,128.4,130.8,-2.4,0.7,0.7,-0.0,0.28,0.29,-0.01,0.904,0.973,-0.069,-0.025,-0.086,0.061,-0.529,0.37,-0.899,-0.23,0.112,-0.342,-0.005,-0.256,0.251,-0.432,0.063,-0.495,-0.557,0.287,-0.844,0.465,0.804,-0.339,-0.847,-0.197,-0.65,-0.242,0.116,-0.358
706765,Nongshim RedForce,G2 Esports,1,0.722,0.6,0.122,0.5,0.7,-0.2,-0.2,-4.2,4.0,3.0,2,1,9,3,1.0,1.0,-0.0,201.6,201.8,-0.2,1.04,1.05,-0.0,0.72,0.73,-0.01,130.5,132.9,-2.4,0.7,0.7,0.0,0.28,0.29,-0.01,1.01,1.034,-0.024,0.412,0.631,-0.219,0.337,0.366,-0.029,0.499,0.552,-0.053,0.411,0.975,-0.564,-0.005,0.475,-0.48,0.401,0.401,0.0,0.32,0.683,-0.363,0.128,0.335,-0.207,0.437,0.584,-0.147
706764,Gentle Mates,Xi Lai Gaming,1,0.611,0.64,-0.029,0.5,0.5,0.0,0.6,-3.6,4.2,3.7,2,1,11,3,1.1,1.0,0.1,207.3,204.2,3.1,1.05,1.02,0.03,0.73,0.71,0.01,136.1,130.6,5.5,0.7,0.7,0.0,0.29,0.26,0.03,0.947,1.083,-0.136,0.947,-0.147,1.094,1.164,0.707,0.457,0.621,0.158,0.463,1.022,0.087,0.935,1.127,0.012,1.115,1.059,0.443,0.616,0.683,-0.467,1.15,-0.441,0.745,-1.186,0.807,0.206,0.601
706769,MIBR,Global Esports,1,0.5,0.55,-0.05,0.5,0.6,-0.1,-1.2,6.0,-7.2,10.5,2,0,21,2,1.0,1.0,0.0,203.8,201.0,2.8,1.05,1.03,0.02,0.73,0.71,0.01,134.1,132.0,2.1,0.7,0.7,0.0,0.29,0.25,0.04,1.03,1.01,0.02,0.613,0.266,0.347,0.647,0.25,0.397,0.545,0.26,0.285,1.081,0.133,0.948,0.722,0.296,0.426,0.573,0.339,0.234,0.592,-0.842,1.434,0.301,0.128,0.173,0.608,0.201,0.407
706770,All Gamers,Team Heretics,0,0.652,0.579,0.073,0.7,0.7,0.0,14.0,-0.2,14.2,-1.0,1,2,-3,3,1.0,1.0,-0.0,202.8,203.3,-0.5,1.04,1.04,-0.0,0.72,0.73,-0.01,130.2,134.5,-4.3,0.7,0.7,-0.0,0.28,0.25,0.03,1.06,1.163,-0.103,0.339,0.461,-0.122,0.51,0.587,-0.077,0.42,0.447,-0.027,0.272,1.26,-0.988,-0.07,0.802,-0.872,0.401,0.65,-0.249,0.247,-0.77,1.017,0.553,1.371,-0.818,0.375,0.618,-0.243
706760,NRG,Paper Rex,1,0.621,0.781,-0.161,0.6,0.8,-0.2,5.0,7.4,-2.4,2.3,2,1,7,3,1.0,1.1,-0.0,197.2,205.8,-8.6,1.04,1.09,-0.05,0.73,0.73,0.0,129.9,136.9,-7.0,0.7,0.7,-0.0,0.3,0.27,0.03,1.118,1.138,-0.02,0.704,0.886,-0.182,-0.298,0.943,-1.241,0.447,1.116,-0.669,1.404,1.26,0.144,-0.123,1.301,-1.424,-0.105,1.079,-1.184,0.974,-0.116,1.09,1.022,1.178,-0.156,0.538,1.052,-0.514
706759,Team Vitality,Karmine Corp,1,0.625,0.312,0.312,0.7,0.4,0.3,-0.4,4.0,-4.4,4.5,2,0,9,2,1.0,1.0,0.0,205.0,197.6,7.4,1.09,1.04,0.05,0.73,0.72,0.0,135.3,128.8,6.5,0.7,0.7,0.0,0.27,0.26,0.01,1.124,1.088,0.036,0.814,0.084,0.73,0.827,-0.24,1.067,1.091,0.447,0.644,0.975,0.833,0.142,0.963,-0.346,1.309,0.835,0.023,0.812,0.029,-0.334,0.363,1.069,0.783,0.286,0.884,0.096,0.788
706754,Rex Regum Qeon,100 Thieves,0,0.611,0.632,-0.02,0.7,0.6,0.1,-0.6,9.8,-10.4,-5.5,0,2,-11,2,1.0,1.0,-0.0,195.6,200.6,-5.0,0.99,1.08,-0.09,0.71,0.73,-0.02,128.4,130.8,-2.4,0.7,0.7,-0.0,0.28,0.3,-0.02,0.904,1.07,-0.166,-0.025,0.85,-0.875,-0.529,0.192,-0.721,-0.23,0.914,-1.144,-0.005,1.548,-1.553,-0.432,0.06,-0.492,-0.557,0.339,-0.896,0.465,1.119,-0.654,-0.847,0.636,-1.483,-0.242,0.788,-1.03
706755,BBL Esports,EDward Gaming,1,0.588,0.667,-0.078,0.5,0.7,-0.2,-1.2,-6.0,4.8,4.7,2,1,14,3,1.0,1.0,0.0,197.5,201.8,-4.3,1.0,1.01,-0.01,0.71,0.71,0.0,128.8,130.8,-2.0,0.7,0.7,-0.0,0.34,0.29,0.04,0.835,0.973,-0.138,0.431,-0.086,0.517,-0.255,0.37,-0.625,-0.023,0.112,-0.135,-0.142,-0.256,0.114,-0.34,0.063,-0.403,-0.297,0.287,-0.584,2.318,0.804,1.514,-1.545,-0.197,-1.348,0.027,0.116,-0.089
670471,Paper Rex,LEVIATÁN,0,0.806,0.625,0.181,0.9,0.7,0.2,12.0,9.6,2.4,-1.0,2,3,-5,5,1.1,1.1,-0.0,205.8,202.6,3.2,1.09,1.13,-0.04,0.73,0.74,-0.01,136.9,132.7,4.2,0.7,0.7,0.0,0.27,0.29,-0.02,1.138,1.232,-0.094,0.886,1.069,-0.183,0.943,0.481,0.462,1.116,1.562,-0.446,1.26,2.133,-0.873,1.301,0.443,0.858,1.079,0.588,0.491,-0.116,0.683,-0.799,1.178,1.876,-0.698,1.052,1.083,-0.031
670477,EDward Gaming,LEVIATÁN,0,0.696,0.609,0.087,0.7,0.6,0.1,-1.6,7.4,-9.0,-4.7,0,3,-14,3,1.0,1.1,-0.1,201.8,202.6,-0.8,1.01,1.13,-0.11,0.71,0.74,-0.03,130.8,132.7,-1.9,0.7,0.7,-0.0,0.29,0.29,0.0,0.973,1.232,-0.259,-0.086,1.069,-1.155,0.37,0.481,-0.111,0.112,1.562,-1.45,-0.256,2.133,-2.389,0.063,0.443,-0.38,0.287,0.588,-0.301,0.804,0.683,0.121,-0.197,1.876,-2.073,0.116,1.083,-0.967
670476,Team Vitality,LEVIATÁN,0,0.652,0.591,0.061,0.8,0.6,0.2,6.8,3.2,3.6,-9.0,0,2,-18,2,1.0,1.1,-0.0,205.0,202.6,2.4,1.09,1.13,-0.04,0.73,0.74,-0.02,135.3,132.7,2.6,0.7,0.7,0.0,0.27,0.29,-0.02,1.124,1.232,-0.108,0.814,1.069,-0.255,0.827,0.481,0.346,1.091,1.562,-0.471,0.975,2.133,-1.158,0.963,0.443,0.52,0.835,0.588,0.247,0.029,0.683,-0.654,1.069,1.876,-0.807,0.884,1.083,-0.199
670470,EDward Gaming,Paper Rex,0,0.727,0.8,-0.073,0.8,0.9,-0.1,1.6,11.8,-10.2,-2.3,1,2,-7,3,1.0,1.1,-0.1,201.8,205.8,-4.0,1.01,1.09,-0.08,0.71,0.73,-0.02,130.8,136.9,-6.1,0.7,0.7,-0.0,0.29,0.27,0.02,0.973,1.138,-0.165,-0.086,0.886,-0.972,0.37,0.943,-0.573,0.112,1.116,-1.004,-0.256,1.26,-1.516,0.063,1.301,-1.238,0.287,1.079,-0.792,0.804,-0.116,0.92,-0.197,1.178,-1.375,0.116,1.052,-0.936
670474,Team Vitality,FUT Esports,1,0.636,0.522,0.115,0.7,0.4,0.3,4.0,6.0,-2.0,8.5,2,0,17,2,1.0,1.0,0.1,205.0,196.0,9.0,1.09,0.98,0.11,0.73,0.71,0.02,135.3,128.9,6.4,0.7,0.7,0.0,0.27,0.26,0.01,1.124,1.006,0.118,0.814,-0.427,1.241,0.827,-0.471,1.298,1.091,-0.341,1.432,0.975,-0.416,1.391,0.963,-0.322,1.285,0.835,-0.297,1.132,0.029,-0.406,0.435,1.069,0.093,0.976,0.884,-0.294,1.178
670475,Xi Lai Gaming,LEVIATÁN,0,0.667,0.571,0.095,0.5,0.6,-0.1,-2.2,-0.8,-1.4,-8.0,0,2,-16,2,1.0,1.1,-0.1,204.2,202.6,1.6,1.02,1.13,-0.11,0.71,0.74,-0.03,130.6,132.7,-2.1,0.7,0.7,-0.0,0.26,0.29,-0.03,1.083,1.232,-0.149,-0.147,1.069,-1.216,0.707,0.481,0.226,0.158,1.562,-1.404,0.087,2.133,-2.046,0.012,0.443,-0.431,0.443,0.588,-0.145,-0.467,0.683,-1.15,0.745,1.876,-1.131,0.206,1.083,-0.877
670469,Paper Rex,Team Vitality,1,0.793,0.667,0.126,0.8,0.7,0.1,11.6,5.8,5.8,3.3,2,1,10,3,1.1,1.0,0.0,205.8,205.0,0.8,1.09,1.09,0.0,0.73,0.73,0.0,136.9,135.3,1.6,0.7,0.7,0.0,0.27,0.27,-0.0,1.138,1.124,0.014,0.886,0.814,0.072,0.943,0.827,0.116,1.116,1.091,0.025,1.26,0.975,0.285,1.301,0.963,0.338,1.079,0.835,0.244,-0.116,0.029,-0.145,1.178,1.069,0.109,1.052,0.884,0.168
670468,Xi Lai Gaming,EDward Gaming,0,0.696,0.714,-0.019,0.6,0.8,-0.2,-1.8,2.2,-4.0,-3.3,1,2,-10,3,1.0,1.0,-0.0,204.2,201.8,2.4,1.02,1.01,0.0,0.71,0.71,0.01,130.6,130.8,-0.2,0.7,0.7,0.0,0.26,0.29,-0.03,1.083,0.973,0.11,-0.147,-0.086,-0.061,0.707,0.37,0.337,0.158,0.112,0.046,0.087,-0.256,0.343,0.012,0.063,-0.051,0.443,0.287,0.156,-0.467,0.804,-1.271,0.745,-0.197,0.942,0.206,0.116,0.09
670472,G2 Esports,FUT Esports,0,0.625,0.5,0.125,0.7,0.4,0.3,-0.8,3.8,-4.6,-4.5,0,2,-9,2,1.0,1.0,0.1,201.8,196.0,5.8,1.05,0.98,0.07,0.73,0.71,0.02,132.9,128.9,4.0,0.7,0.7,0.0,0.29,0.26,0.03,1.034,1.006,0.028,0.631,-0.427,1.058,0.366,-0.471,0.837,0.552,-0.341,0.893,0.975,-0.416,1.391,0.475,-0.322,0.797,0.401,-0.297,0.698,0.683,-0.406,1.089,0.335,0.093,0.242,0.584,-0.294,0.878
670473,LEVIATÁN,Team Heretics,1,0.55,0.611,-0.061,0.6,0.8,-0.2,-6.2,4.8,-11.0,5.0,2,1,15,3,1.1,1.0,0.0,202.6,203.3,-0.7,1.13,1.04,0.09,0.74,0.73,0.01,132.7,134.5,-1.8,0.7,0.7,-0.0,0.29,0.25,0.04,1.232,1.163,0.069,1.069,0.461,0.608,0.481,0.587,-0.106,1.562,0.447,1.115,2.133,1.26,0.873,0.443,0.802,-0.359,0.588,0.65,-0.062,0.683,-0.77,1.453,1.876,1.371,0.505,1.083,0.618,0.465
670464,G2 Esports,Xi Lai Gaming,0,0.652,0.682,-0.03,0.7,0.6,0.1,3.6,0.2,3.4,-2.3,1,2,-7,3,1.0,1.0,0.0,201.8,204.2,-2.4,1.05,1.02,0.03,0.73,0.71,0.01,132.9,130.6,2.3,0.7,0.7,-0.0,0.29,0.26,0.03,1.034,1.083,-0.049,0.631,-0.147,0.778,0.366,0.707,-0.341,0.552,0.158,0.394,0.975,0.087,0.888,0.475,0.012,0.463,0.401,0.443,-0.042,0.683,-0.467,1.15,0.335,0.745,-0.41,0.584,0.206,0.378
670465,EDward Gaming,FUT Esports,1,0.7,0.524,0.176,0.8,0.4,0.4,3.2,1.8,1.4,0.3,2,1,1,3,1.0,1.0,0.0,201.8,196.0,5.8,1.01,0.98,0.03,0.71,0.71,0.0,130.8,128.9,1.9,0.7,0.7,0.0,0.29,0.26,0.03,0.973,1.006,-0.033,-0.086,-0.427,0.341,0.37,-0.471,0.841,0.112,-0.341,0.453,-0.256,-0.416,0.16,0.063,-0.322,0.385,0.287,-0.297,0.584,0.804,-0.406,1.21,-0.197,0.093,-0.29,0.116,-0.294,0.41
670467,Team Heretics,Team Vitality,0,0.647,0.65,-0.003,0.8,0.6,0.2,9.6,5.4,4.2,-6.5,0,2,-13,2,1.0,1.0,-0.0,203.3,205.0,-1.7,1.04,1.09,-0.05,0.73,0.73,0.0,134.5,135.3,-0.8,0.7,0.7,-0.0,0.25,0.27,-0.02,1.163,1.124,0.039,0.461,0.814,-0.353,0.587,0.827,-0.24,0.447,1.091,-0.644,1.26,0.975,0.285,0.802,0.963,-0.161,0.65,0.835,-0.185,-0.77,0.029,-0.799,1.371,1.069,0.302,0.618,0.884,-0.266
670466,Paper Rex,LEVIATÁN,1,0.786,0.579,0.207,0.8,0.6,0.2,7.6,-0.4,8.0,7.5,2,0,15,2,1.1,1.1,-0.0,205.8,202.6,3.2,1.09,1.13,-0.04,0.73,0.74,-0.01,136.9,132.7,4.2,0.7,0.7,0.0,0.27,0.29,-0.02,1.138,1.232,-0.094,0.886,1.069,-0.183,0.943,0.481,0.462,1.116,1.562,-0.446,1.26,2.133,-0.873,1.301,0.443,0.858,1.079,0.588,0.491,-0.116,0.683,-0.799,1.178,1.876,-0.698,1.052,1.083,-0.031
684618,Global Esports,Xi Lai Gaming,0,0.579,0.667,-0.088,0.6,0.6,0.0,3.2,-2.2,5.4,-1.3,1,2,-4,3,1.0,1.0,0.0,201.0,204.2,-3.2,1.03,1.02,0.01,0.71,0.71,0.0,132.0,130.6,1.4,0.7,0.7,-0.0,0.25,0.26,-0.01,1.01,1.083,-0.073,0.266,-0.147,0.413,0.25,0.707,-0.457,0.26,0.158,0.102,0.133,0.087,0.046,0.296,0.012,0.284,0.339,0.443,-0.104,-0.842,-0.467,-0.375,0.128,0.745,-0.617,0.201,0.206,-0.005
684619,FUT Esports,NRG,1,0.5,0.643,-0.143,0.4,0.7,-0.3,3.0,6.6,-3.6,0.7,2,1,2,3,1.0,1.0,-0.1,196.0,197.2,-1.2,0.98,1.04,-0.06,0.71,0.73,-0.03,128.9,129.9,-1.0,0.7,0.7,-0.0,0.26,0.3,-0.04,1.006,1.118,-0.112,-0.427,0.704,-1.131,-0.471,-0.298,-0.173,-0.341,0.447,-0.788,-0.416,1.404,-1.82,-0.322,-0.123,-0.199,-0.297,-0.105,-0.192,-0.406,0.974,-1.38,0.093,1.022,-0.929,-0.294,0.538,-0.832
684617,Global Esports,FULL SENSE,1,0.556,0.471,0.085,0.5,0.4,0.1,0.6,-7.6,8.2,2.0,2,1,6,3,1.0,1.0,0.0,201.0,205.5,-4.5,1.03,1.03,-0.01,0.71,0.71,-0.0,132.0,132.5,-0.5,0.7,0.7,-0.0,0.25,0.23,0.02,1.01,1.08,-0.07,0.266,0.02,0.246,0.25,0.899,-0.649,0.26,0.38,-0.12,0.133,0.203,-0.07,0.296,0.402,-0.106,0.339,0.804,-0.465,-0.842,-1.587,0.745,0.128,0.718,-0.59,0.201,0.261,-0.06
684616,Dragon Ranger Gaming,Xi Lai Gaming,0,0.421,0.65,-0.229,0.4,0.6,-0.2,-6.2,1.8,-8.0,1.0,1,2,3,3,1.0,1.0,-0.0,197.5,204.2,-6.7,0.98,1.02,-0.04,0.72,0.71,0.01,128.7,130.6,-1.9,0.7,0.7,-0.0,0.31,0.26,0.05,0.985,1.083,-0.098,-0.177,-0.147,-0.03,-0.255,0.707,-0.962,-0.369,0.158,-0.527,0.435,0.087,0.348,-0.381,0.012,-0.393,-0.244,0.443,-0.687,1.47,-0.467,1.937,-0.092,0.745,-0.837,-0.115,0.206,-0.321
684615,NRG,LEVIATÁN,0,0.667,0.556,0.111,0.8,0.5,0.3,5.6,-1.2,6.8,-1.0,1,2,-3,3,1.0,1.1,-0.0,197.2,202.6,-5.4,1.04,1.13,-0.09,0.73,0.74,-0.01,129.9,132.7,-2.8,0.7,0.7,-0.0,0.3,0.29,0.01,1.118,1.232,-0.114,0.704,1.069,-0.365,-0.298,0.481,-0.779,0.447,1.562,-1.115,1.404,2.133,-0.729,-0.123,0.443,-0.566,-0.105,0.588,-0.693,0.974,0.683,0.291,1.022,1.876,-0.854,0.538,1.083,-0.545
684614,Team Vitality,FUT Esports,1,0.632,0.526,0.105,0.6,0.5,0.1,8.4,-3.0,11.4,-1.3,2,1,-4,3,1.0,1.0,0.1,205.0,196.0,9.0,1.09,0.98,0.11,0.73,0.71,0.02,135.3,128.9,6.4,0.7,0.7,0.0,0.27,0.26,0.01,1.124,1.006,0.118,0.814,-0.427,1.241,0.827,-0.471,1.298,1.091,-0.341,1.432,0.975,-0.416,1.391,0.963,-0.322,1.285,0.835,-0.297,1.132,0.029,-0.406,0.435,1.069,0.093,0.976,0.884,-0.294,1.178
684612,LEVIATÁN,Global Esports,1,0.529,0.588,-0.059,0.5,0.6,-0.1,1.4,1.0,0.4,-1.0,2,1,-3,3,1.1,1.0,0.0,202.6,201.0,1.6,1.13,1.03,0.1,0.74,0.71,0.03,132.7,132.0,0.7,0.7,0.7,0.0,0.29,0.25,0.04,1.232,1.01,0.222,1.069,0.266,0.803,0.481,0.25,0.231,1.562,0.26,1.302,2.133,0.133,2.0,0.443,0.296,0.147,0.588,0.339,0.249,0.683,-0.842,1.525,1.876,0.128,1.748,1.083,0.201,0.882
684611,FULL SENSE,FUT Esports,0,0.5,0.5,0.0,0.5,0.5,0.0,-2.6,-6.0,3.4,-8.0,0,2,-16,2,1.0,1.0,0.0,205.5,196.0,9.5,1.03,0.98,0.05,0.71,0.71,0.01,132.5,128.9,3.6,0.7,0.7,0.0,0.23,0.26,-0.03,1.08,1.006,0.074,0.02,-0.427,0.447,0.899,-0.471,1.37,0.38,-0.341,0.721,0.203,-0.416,0.619,0.402,-0.322,0.724,0.804,-0.297,1.101,-1.587,-0.406,-1.181,0.718,0.093,0.625,0.261,-0.294,0.555
684610,Team Vitality,Dragon Ranger Gaming,1,0.611,0.444,0.167,0.6,0.5,0.1,8.2,0.0,8.2,9.0,2,0,18,2,1.0,1.0,0.1,205.0,197.5,7.5,1.09,0.98,0.11,0.73,0.72,0.01,135.3,128.7,6.6,0.7,0.7,0.0,0.27,0.31,-0.04,1.124,0.985,0.139,0.814,-0.177,0.991,0.827,-0.255,1.082,1.091,-0.369,1.46,0.975,0.435,0.54,0.963,-0.381,1.344,0.835,-0.244,1.079,0.029,1.47,-1.441,1.069,-0.092,1.161,0.884,-0.115,0.999
684613,Xi Lai Gaming,NRG,0,0.684,0.654,0.03,0.7,0.8,-0.1,1.8,3.0,-1.2,-4.5,0,2,-9,2,1.0,1.0,-0.0,204.2,197.2,7.0,1.02,1.04,-0.02,0.71,0.73,-0.02,130.6,129.9,0.7,0.7,0.7,0.0,0.26,0.3,-0.04,1.083,1.118,-0.035,-0.147,0.704,-0.851,0.707,-0.298,1.005,0.158,0.447,-0.289,0.087,1.404,-1.317,0.012,-0.123,0.135,0.443,-0.105,0.548,-0.467,0.974,-1.441,0.745,1.022,-0.277,0.206,0.538,-0.332
681338,LOUD,NRG,0,0.417,0.64,-0.223,0.5,0.8,-0.3,-5.2,0.8,-6.0,-5.7,0,3,-17,3,1.0,1.0,0.0,197.0,197.2,-0.2,1.04,1.04,-0.0,0.71,0.73,-0.02,130.3,129.9,0.4,0.7,0.7,-0.0,0.3,0.3,0.01,1.085,1.118,-0.033,0.75,0.704,0.046,-0.327,-0.298,-0.029,0.413,0.447,-0.034,0.203,1.404,-1.201,-0.051,-0.123,0.072,-0.217,-0.105,-0.112,1.228,0.974,0.254,0.758,1.022,-0.264,0.313,0.538,-0.225
674864,Natus Vincere,BBL Esports,0,0.471,0.562,-0.092,0.6,0.4,0.2,4.2,-6.8,11.0,-3.3,0,3,-10,3,1.1,1.0,0.1,220.5,197.5,23.0,1.18,1.0,0.17,0.71,0.71,0.01,145.7,128.8,16.9,0.8,0.7,0.1,0.27,0.34,-0.07,1.045,0.835,0.21,2.528,0.431,2.097,3.064,-0.255,3.319,2.122,-0.023,2.145,0.203,-0.142,0.345,3.086,-0.34,3.426,2.716,-0.297,3.013,-0.225,2.318,-2.543,0.428,-1.545,1.973,1.837,0.027,1.81
681023,Titan Esports Club,Nova Esports,0,0.368,0.333,0.035,0.4,0.4,0.0,-6.4,8.4,-14.8,-2.4,2,3,-12,5,1.0,1.0,0.0,202.0,207.0,-5.0,0.99,1.05,-0.06,0.7,0.7,-0.0,132.7,132.5,0.2,0.7,0.7,-0.0,0.28,0.25,0.03,0.822,1.038,-0.216,-0.098,-0.281,0.183,0.394,1.116,-0.722,-0.23,0.526,-0.756,-0.822,-0.552,-0.27,0.434,0.41,0.024,0.276,0.896,-0.62,0.32,-0.624,0.944,-1.683,0.369,-2.052,-0.198,0.211,-0.409
675211,Nongshim RedForce,Gen.G,1,0.706,0.412,0.294,0.5,0.5,0.0,-3.0,8.2,-11.2,1.5,3,1,6,4,1.0,1.0,0.0,201.6,201.5,0.1,1.04,1.0,0.04,0.72,0.72,0.0,130.5,130.6,-0.1,0.7,0.7,0.0,0.28,0.26,0.02,1.01,1.018,-0.008,0.412,0.005,0.407,0.337,0.322,0.015,0.499,-0.023,0.522,0.411,0.435,-0.024,-0.005,0.005,-0.01,0.401,0.023,0.378,0.32,-0.285,0.605,0.128,0.201,-0.073,0.437,0.045,0.392
681337,LEVIATÁN,NRG,0,0.562,0.625,-0.062,0.6,0.7,-0.1,2.2,2.8,-0.6,-2.0,0,2,-4,2,1.1,1.0,0.0,202.6,197.2,5.4,1.13,1.04,0.09,0.74,0.73,0.01,132.7,129.9,2.8,0.7,0.7,0.0,0.29,0.3,-0.01,1.232,1.118,0.114,1.069,0.704,0.365,0.481,-0.298,0.779,1.562,0.447,1.115,2.133,1.404,0.729,0.443,-0.123,0.566,0.588,-0.105,0.693,0.683,0.974,-0.291,1.876,1.022,0.854,1.083,0.538,0.545
681336,LOUD,Sentinels,1,0.364,0.467,-0.103,0.4,0.6,-0.2,-4.4,4.6,-9.0,1.7,2,1,5,3,1.0,1.0,0.0,197.0,193.2,3.8,1.04,1.01,0.03,0.71,0.71,0.01,130.3,128.9,1.4,0.7,0.7,0.0,0.3,0.27,0.04,1.085,0.905,0.18,0.75,0.157,0.593,-0.327,-0.868,0.541,0.413,0.011,0.402,0.203,-0.313,0.516,-0.051,-0.335,0.284,-0.217,-0.869,0.652,1.228,-0.134,1.362,0.758,-0.837,1.595,0.313,-0.356,0.669
674863,FUT Esports,BBL Esports,0,0.529,0.533,-0.004,0.6,0.4,0.2,-5.0,-6.0,1.0,-0.7,1,2,-2,3,1.0,1.0,-0.0,196.0,197.5,-1.5,0.98,1.0,-0.02,0.71,0.71,-0.0,128.9,128.8,0.1,0.7,0.7,0.0,0.26,0.34,-0.08,1.006,0.835,0.171,-0.427,0.431,-0.858,-0.471,-0.255,-0.216,-0.341,-0.023,-0.318,-0.416,-0.142,-0.274,-0.322,-0.34,0.018,-0.297,-0.297,0.0,-0.406,2.318,-2.724,0.093,-1.545,1.638,-0.294,0.027,-0.321
674862,FNATIC,Natus Vincere,0,0.625,0.438,0.188,0.6,0.5,0.1,1.4,5.4,-4.0,-0.7,1,2,-2,3,1.0,1.1,-0.1,205.8,220.5,-14.7,1.05,1.18,-0.12,0.7,0.71,-0.01,135.8,145.7,-9.9,0.7,0.8,-0.1,0.22,0.27,-0.05,1.042,1.045,-0.003,0.385,2.528,-2.143,0.935,3.064,-2.129,0.578,2.122,-1.544,-0.653,0.203,-0.856,1.068,3.086,-2.018,0.881,2.716,-1.835,-1.859,-0.225,-1.634,0.407,0.428,-0.021,0.384,1.837,-1.453
675210,Gen.G,T1,1,0.375,0.684,-0.309,0.5,0.7,-0.2,7.8,-0.6,8.4,5.5,2,0,11,2,1.0,1.0,-0.0,201.5,196.2,5.3,1.0,1.03,-0.03,0.72,0.72,-0.0,130.6,128.7,1.9,0.7,0.7,0.0,0.26,0.29,-0.03,1.018,1.09,-0.072,0.005,0.035,-0.03,0.322,-0.447,0.769,-0.023,0.314,-0.337,0.435,0.668,-0.233,0.005,-0.381,0.386,0.023,-0.297,0.32,-0.285,0.683,-0.968,0.201,0.799,-0.598,0.045,0.18,-0.135
681024,All Gamers,TYLOO,1,0.636,0.591,0.045,0.6,0.5,0.1,14.4,1.0,13.4,1.6,3,2,8,5,1.0,1.0,-0.0,202.8,201.5,1.3,1.04,1.01,0.02,0.72,0.72,-0.01,130.2,134.0,-3.8,0.7,0.7,0.0,0.28,0.3,-0.02,1.06,0.947,0.113,0.339,0.704,-0.365,0.51,0.322,0.188,0.42,0.112,0.308,0.272,0.786,-0.514,-0.07,0.71,-0.78,0.401,0.181,0.22,0.247,0.986,-0.739,0.553,-0.441,0.994,0.375,0.444,-0.069
675209,Nongshim RedForce,KIWOOM DRX,1,0.688,0.562,0.125,0.5,0.6,-0.1,-3.2,-2.0,-1.2,4.5,2,0,9,2,1.0,1.0,0.0,201.6,197.0,4.6,1.04,1.0,0.04,0.72,0.72,-0.0,130.5,132.0,-1.5,0.7,0.7,0.0,0.28,0.25,0.03,1.01,0.1,0.91,0.412,0.0,0.412,0.337,0.0,0.337,0.499,0.0,0.499,0.411,0.0,0.411,-0.005,0.0,-0.005,0.401,0.0,0.401,0.32,0.0,0.32,0.128,0.0,0.128,0.437,0.0,0.437
681333,100 Thieves,LOUD,1,0.611,0.4,0.211,0.6,0.4,0.2,3.4,-2.4,5.8,5.7,3,0,17,3,1.0,1.0,0.0,200.6,197.0,3.6,1.08,1.04,0.04,0.73,0.71,0.02,130.8,130.3,0.5,0.7,0.7,0.0,0.3,0.3,-0.0,1.07,1.085,-0.015,0.85,0.75,0.1,0.192,-0.327,0.519,0.914,0.413,0.501,1.548,0.203,1.345,0.06,-0.051,0.111,0.339,-0.217,0.556,1.119,1.228,-0.109,0.636,0.758,-0.122,0.788,0.313,0.475
681335,FURIA,NRG,0,0.5,0.609,-0.109,0.3,0.6,-0.3,-8.2,4.4,-12.6,-3.0,0,2,-6,2,1.1,1.0,0.0,202.7,197.2,5.5,1.09,1.04,0.05,0.74,0.73,0.01,134.5,129.9,4.6,0.7,0.7,0.0,0.31,0.3,0.01,0.947,1.118,-0.171,1.373,0.704,0.669,0.491,-0.298,0.789,1.049,0.447,0.602,1.742,1.404,0.338,0.815,-0.123,0.938,0.547,-0.105,0.652,1.289,0.974,0.315,-0.441,1.022,-1.463,0.855,0.538,0.317
681022,Nova Esports,TYLOO,1,0.273,0.619,-0.346,0.3,0.6,-0.3,4.0,2.0,2.0,7.5,2,0,15,2,1.0,1.0,-0.1,207.0,201.5,5.5,1.05,1.01,0.03,0.7,0.72,-0.02,132.5,134.0,-1.5,0.7,0.7,0.0,0.25,0.3,-0.04,1.038,0.947,0.091,-0.281,0.704,-0.985,1.116,0.322,0.794,0.526,0.112,0.414,-0.552,0.786,-1.338,0.41,0.71,-0.3,0.896,0.181,0.715,-0.624,0.986,-1.61,0.369,-0.441,0.81,0.211,0.444,-0.233
681021,All Gamers,Titan Esports Club,0,0.667,0.333,0.333,0.7,0.4,0.3,13.4,-7.0,20.4,-0.7,1,2,-2,3,1.0,1.0,0.0,202.8,202.0,0.8,1.04,0.99,0.05,0.72,0.7,0.02,130.2,132.7,-2.5,0.7,0.7,0.0,0.28,0.28,-0.0,1.06,0.822,0.238,0.339,-0.098,0.437,0.51,0.394,0.116,0.42,-0.23,0.65,0.272,-0.822,1.094,-0.07,0.434,-0.504,0.401,0.276,0.125,0.247,0.32,-0.073,0.553,-1.683,2.236,0.375,-0.198,0.573
681332,LEVIATÁN,MIBR,0,0.6,0.462,0.138,0.7,0.4,0.3,7.6,-2.4,10.0,-4.0,0,3,-12,3,1.1,1.0,0.0,202.6,203.8,-1.2,1.13,1.05,0.08,0.74,0.73,0.01,132.7,134.1,-1.4,0.7,0.7,0.0,0.29,0.29,0.0,1.232,1.03,0.202,1.069,0.613,0.456,0.481,0.647,-0.166,1.562,0.545,1.017,2.133,1.081,1.052,0.443,0.722,-0.279,0.588,0.573,0.015,0.683,0.592,0.091,1.876,0.301,1.575,1.083,0.608,0.475
681334,Sentinels,KRÜ Esports,1,0.429,0.364,0.065,0.5,0.4,0.1,3.8,-8.0,11.8,0.0,2,1,0,3,1.0,1.1,-0.1,193.2,208.5,-15.3,1.01,1.18,-0.17,0.71,0.7,0.01,128.9,136.9,-8.0,0.7,0.8,-0.1,0.27,0.2,0.07,0.905,1.225,-0.32,0.157,1.616,-1.459,-0.868,1.332,-2.2,0.011,2.122,-2.111,-0.313,-0.822,0.509,-0.335,1.307,-1.642,-0.869,2.0,-2.869,-0.134,-2.586,2.452,-0.837,1.826,-2.663,-0.356,1.073,-1.429
681328,LEVIATÁN,Sentinels,1,0.571,0.462,0.11,0.6,0.5,0.1,5.8,6.0,-0.2,4.7,2,1,14,3,1.1,1.0,0.1,202.6,193.2,9.4,1.13,1.01,0.12,0.74,0.71,0.04,132.7,128.9,3.8,0.7,0.7,0.0,0.29,0.27,0.02,1.232,0.905,0.327,1.069,0.157,0.912,0.481,-0.868,1.349,1.562,0.011,1.551,2.133,-0.313,2.446,0.443,-0.335,0.778,0.588,-0.869,1.457,0.683,-0.134,0.817,1.876,-0.837,2.713,1.083,-0.356,1.439
681329,MIBR,KRÜ Esports,1,0.417,0.4,0.017,0.3,0.4,-0.1,-5.6,-3.2,-2.4,6.0,2,0,12,2,1.0,1.1,-0.1,203.8,208.5,-4.7,1.05,1.18,-0.13,0.73,0.7,0.03,134.1,136.9,-2.8,0.7,0.8,-0.0,0.29,0.2,0.09,1.03,1.225,-0.195,0.613,1.616,-1.003,0.647,1.332,-0.685,0.545,2.122,-1.577,1.081,-0.822,1.903,0.722,1.307,-0.585,0.573,2.0,-1.427,0.592,-2.586,3.178,0.301,1.826,-1.525,0.608,1.073,-0.465
681330,100 Thieves,FURIA,1,0.588,0.538,0.05,0.5,0.4,0.1,2.4,-8.0,10.4,6.5,2,0,13,2,1.0,1.1,-0.0,200.6,202.7,-2.1,1.08,1.09,-0.01,0.73,0.74,-0.0,130.8,134.5,-3.7,0.7,0.7,-0.0,0.3,0.31,-0.01,1.07,0.947,0.123,0.85,1.373,-0.523,0.192,0.491,-0.299,0.914,1.049,-0.135,1.548,1.742,-0.194,0.06,0.815,-0.755,0.339,0.547,-0.208,1.119,1.289,-0.17,0.636,-0.441,1.077,0.788,0.855,-0.067
681331,LOUD,NRG,1,0.333,0.636,-0.303,0.333,0.6,-0.267,-6.4,6.6,-13.0,4.0,2,0,8,2,1.0,1.0,0.0,197.0,197.2,-0.2,1.04,1.04,-0.0,0.71,0.73,-0.02,130.3,129.9,0.4,0.7,0.7,-0.0,0.3,0.3,0.01,1.085,1.118,-0.033,0.75,0.704,0.046,-0.327,-0.298,-0.029,0.413,0.447,-0.034,0.203,1.404,-1.201,-0.051,-0.123,0.072,-0.217,-0.105,-0.112,1.228,0.974,0.254,0.758,1.022,-0.264,0.313,0.538,-0.225
681020,TYLOO,Bilibili Gaming,1,0.6,0.625,-0.025,0.6,0.6,0.0,2.2,5.2,-3.0,4.0,2,0,8,2,1.0,1.0,0.1,201.5,200.4,1.1,1.01,1.0,0.01,0.72,0.7,0.02,134.0,128.2,5.8,0.7,0.7,0.0,0.3,0.28,0.02,0.947,0.841,0.106,0.704,-0.364,1.068,0.322,0.168,0.154,0.112,-0.092,0.204,0.786,-0.822,1.608,0.71,-0.478,1.188,0.181,0.068,0.113,0.986,0.372,0.614,-0.441,-1.478,1.037,0.444,-0.236,0.68
681019,JD Gaming,Nova Esports,0,0.55,0.2,0.35,0.5,0.2,0.3,-3.8,-1.0,-2.8,-5.5,0,2,-11,2,1.0,1.0,-0.0,193.2,207.0,-13.8,0.96,1.05,-0.09,0.7,0.7,-0.0,125.8,132.5,-6.7,0.7,0.7,-0.1,0.29,0.25,0.04,0.832,1.038,-0.206,-0.718,-0.281,-0.437,-0.875,1.116,-1.991,-0.71,0.526,-1.236,-0.687,-0.552,-0.135,-0.964,0.41,-1.374,-0.82,0.896,-1.716,0.829,-0.624,1.453,-1.577,0.369,-1.946,-0.706,0.211,-0.917
681018,Trace Esports,Titan Esports Club,0,0.4,0.294,0.106,0.4,0.3,0.1,-2.2,-10.0,7.8,-2.5,0,2,-5,2,1.0,1.0,-0.0,197.8,202.0,-4.2,0.96,0.99,-0.03,0.7,0.7,-0.0,129.4,132.7,-3.3,0.7,0.7,-0.0,0.27,0.28,-0.01,0.99,0.822,0.168,-0.573,-0.098,-0.475,-0.212,0.394,-0.606,-0.71,-0.23,-0.48,-0.956,-0.822,-0.134,-0.232,0.434,-0.666,-0.169,0.276,-0.445,0.029,0.32,-0.291,-0.048,-1.683,1.635,-0.448,-0.198,-0.25
681017,All Gamers,FunPlus Phoenix,1,0.65,0.308,0.342,0.6,0.4,0.2,11.2,-7.0,18.2,10.0,2,0,20,2,1.0,1.0,0.0,202.8,200.2,2.6,1.04,1.02,0.02,0.72,0.7,0.01,130.2,131.3,-1.1,0.7,0.7,0.0,0.28,0.22,0.06,1.06,1.123,-0.063,0.339,0.111,0.228,0.51,0.142,0.368,0.42,0.214,0.206,0.272,-0.484,0.756,-0.07,0.153,-0.223,0.401,0.339,0.062,0.247,-1.769,2.016,0.553,1.057,-0.504,0.375,0.042,0.333
660374,LEVIATÁN,G2 Esports,0,0.615,0.636,-0.021,0.7,0.6,0.1,4.8,5.6,-0.8,-0.2,2,3,-1,5,1.1,1.0,0.0,202.6,201.8,0.8,1.13,1.05,0.08,0.74,0.73,0.02,132.7,132.9,-0.2,0.7,0.7,0.0,0.29,0.29,0.0,1.232,1.034,0.198,1.069,0.631,0.438,0.481,0.366,0.115,1.562,0.552,1.01,2.133,0.975,1.158,0.443,0.475,-0.032,0.588,0.401,0.187,0.683,0.683,0.0,1.876,0.335,1.541,1.083,0.584,0.499
674859,FNATIC,Karmine Corp,0,0.667,0.267,0.4,0.6,0.3,0.3,2.0,1.8,0.2,-0.6,2,3,-3,5,1.0,1.0,0.0,205.8,197.6,8.2,1.05,1.04,0.01,0.7,0.72,-0.02,135.8,128.8,7.0,0.7,0.7,0.0,0.22,0.26,-0.04,1.042,1.088,-0.046,0.385,0.084,0.301,0.935,-0.24,1.175,0.578,0.447,0.131,-0.653,0.833,-1.486,1.068,-0.346,1.414,0.881,0.023,0.858,-1.859,-0.334,-1.525,0.407,0.783,-0.376,0.384,0.096,0.288
674861,BBL Esports,Eternal Fire,1,0.5,0.588,-0.088,0.3,0.6,-0.3,-7.2,1.8,-9.0,3.0,2,0,6,2,1.0,1.0,0.1,197.5,199.8,-2.3,1.0,0.95,0.05,0.71,0.69,0.02,128.8,131.4,-2.6,0.7,0.7,-0.0,0.34,0.26,0.08,0.835,1.03,-0.195,0.431,-0.527,0.958,-0.255,0.07,-0.325,-0.023,-0.76,0.737,-0.142,-1.817,1.675,-0.34,0.183,-0.523,-0.297,-0.057,-0.24,2.318,-0.406,2.724,-1.545,0.301,-1.846,0.027,-0.373,0.4
681016,Bilibili Gaming,Unsettled Resentment,1,0.6,0.0,0.6,0.5,0.0,0.5,4.0,0.0,4.0,2.5,2,0,5,2,1.0,1.0,-0.0,200.4,197.0,3.4,1.0,1.0,0.0,0.7,0.72,-0.02,128.2,132.0,-3.8,0.7,0.7,0.0,0.28,0.25,0.03,0.841,0.1,0.741,-0.364,0.0,-0.364,0.168,0.0,0.168,-0.092,0.0,-0.092,-0.822,0.0,-0.822,-0.478,0.0,-0.478,0.068,0.0,0.068,0.372,0.0,0.372,-1.478,0.0,-1.478,-0.236,0.0,-0.236
681015,TYLOO,EDward Gaming,1,0.579,0.737,-0.158,0.5,0.9,-0.4,-3.2,7.8,-11.0,10.0,2,0,20,2,1.0,1.0,0.0,201.5,201.8,-0.3,1.01,1.01,0.0,0.72,0.71,0.02,134.0,130.8,3.2,0.7,0.7,-0.0,0.3,0.29,0.01,0.947,0.973,-0.026,0.704,-0.086,0.79,0.322,0.37,-0.048,0.112,0.112,0.0,0.786,-0.256,1.042,0.71,0.063,0.647,0.181,0.287,-0.106,0.986,0.804,0.182,-0.441,-0.197,-0.244,0.444,0.116,0.328
675206,Nongshim RedForce,Global Esports,0,0.733,0.562,0.171,0.6,0.6,0.0,2.6,-0.8,3.4,-2.8,2,3,-14,5,1.0,1.0,0.0,201.6,201.0,0.6,1.04,1.03,0.02,0.72,0.71,0.0,130.5,132.0,-1.5,0.7,0.7,0.0,0.28,0.25,0.03,1.01,1.01,0.0,0.412,0.266,0.146,0.337,0.25,0.087,0.499,0.26,0.239,0.411,0.133,0.278,-0.005,0.296,-0.301,0.401,0.339,0.062,0.32,-0.842,1.162,0.128,0.128,0.0,0.437,0.201,0.236
675208,T1,DetonatioN FocusMe,1,0.667,0.429,0.238,0.6,0.3,0.3,-0.8,-1.0,0.2,2.3,2,1,7,3,1.0,1.0,0.0,196.2,198.0,-1.8,1.03,0.97,0.06,0.72,0.71,0.02,128.7,128.4,0.3,0.7,0.7,0.0,0.29,0.26,0.03,1.09,0.946,0.144,0.035,-0.354,0.389,-0.447,-0.183,-0.264,0.314,-0.51,0.824,0.668,-0.416,1.084,-0.381,-0.432,0.051,-0.297,-0.362,0.065,0.683,-0.261,0.944,0.799,-0.447,1.246,0.18,-0.358,0.538
660380,G2 Esports,NRG,1,0.619,0.667,-0.048,0.6,0.6,0.0,8.0,9.2,-1.2,0.8,3,2,4,5,1.0,1.0,-0.0,201.8,197.2,4.6,1.05,1.04,0.01,0.73,0.73,-0.01,132.9,129.9,3.0,0.7,0.7,0.0,0.29,0.3,-0.01,1.034,1.118,-0.084,0.631,0.704,-0.073,0.366,-0.298,0.664,0.552,0.447,0.105,0.975,1.404,-0.429,0.475,-0.123,0.598,0.401,-0.105,0.506,0.683,0.974,-0.291,0.335,1.022,-0.687,0.584,0.538,0.046
674858,FUT Esports,Gentle Mates,0,0.562,0.588,-0.026,0.6,0.4,0.2,-5.4,-4.0,-1.4,-3.7,0,3,-11,3,1.0,1.1,-0.1,196.0,207.3,-11.3,0.98,1.05,-0.07,0.71,0.73,-0.02,128.9,136.1,-7.2,0.7,0.7,-0.0,0.26,0.29,-0.03,1.006,0.947,0.059,-0.427,0.947,-1.374,-0.471,1.164,-1.635,-0.341,0.621,-0.962,-0.416,1.022,-1.438,-0.322,1.127,-1.449,-0.297,1.059,-1.356,-0.406,0.683,-1.089,0.093,-0.441,0.534,-0.294,0.807,-1.101
674860,Natus Vincere,Team Liquid,1,0.4,0.579,-0.179,0.4,0.4,0.0,3.2,-1.8,5.0,2.5,2,0,5,2,1.1,1.0,0.1,220.5,201.8,18.7,1.18,1.05,0.12,0.71,0.73,-0.02,145.7,134.8,10.9,0.8,0.7,0.1,0.27,0.29,-0.02,1.045,1.054,-0.009,2.528,0.777,1.751,3.064,0.366,2.698,2.122,0.63,1.492,0.203,1.404,-1.201,3.086,0.865,2.221,2.716,0.276,2.44,-0.225,0.538,-0.763,0.428,0.503,-0.075,1.837,0.673,1.164
681014,Nova Esports,KeepBest Gaming,1,0.111,0.0,0.111,0.111,0.0,0.111,-7.8,0.0,-7.8,4.3,2,1,13,3,1.0,1.0,-0.0,207.0,197.0,10.0,1.05,1.0,0.05,0.7,0.72,-0.02,132.5,132.0,0.5,0.7,0.7,0.0,0.25,0.25,0.0,1.038,0.1,0.938,-0.281,0.0,-0.281,1.116,0.0,1.116,0.526,0.0,0.526,-0.552,0.0,-0.552,0.41,0.0,0.41,0.896,0.0,0.896,-0.624,0.0,-0.624,0.369,0.0,0.369,0.211,0.0,0.211
681013,JD Gaming,Xi Lai Gaming,1,0.526,0.722,-0.196,0.5,0.8,-0.3,-4.0,7.6,-11.6,2.7,2,1,8,3,1.0,1.0,-0.0,193.2,204.2,-11.0,0.96,1.02,-0.06,0.7,0.71,-0.01,125.8,130.6,-4.8,0.7,0.7,-0.0,0.29,0.26,0.04,0.832,1.083,-0.251,-0.718,-0.147,-0.571,-0.875,0.707,-1.582,-0.71,0.158,-0.868,-0.687,0.087,-0.774,-0.964,0.012,-0.976,-0.82,0.443,-1.263,0.829,-0.467,1.296,-1.577,0.745,-2.322,-0.706,0.206,-0.912
675205,Gen.G,Rex Regum Qeon,0,0.4,0.588,-0.188,0.5,0.6,-0.1,7.6,0.4,7.2,0.0,2,3,0,5,1.0,1.0,0.0,201.5,195.6,5.9,1.0,0.99,0.01,0.72,0.71,0.01,130.6,128.4,2.2,0.7,0.7,0.0,0.26,0.28,-0.02,1.018,0.904,0.114,0.005,-0.025,0.03,0.322,-0.529,0.851,-0.023,-0.23,0.207,0.435,-0.005,0.44,0.005,-0.432,0.437,0.023,-0.557,0.58,-0.285,0.465,-0.75,0.201,-0.847,1.048,0.045,-0.242,0.287
675207,FULL SENSE,KIWOOM DRX,0,0.533,0.533,0.0,0.6,0.5,0.1,1.6,-7.4,9.0,-3.7,1,2,-11,3,1.0,1.0,0.0,205.5,197.0,8.5,1.03,1.0,0.03,0.71,0.72,-0.01,132.5,132.0,0.5,0.7,0.7,0.0,0.23,0.25,-0.02,1.08,0.1,0.98,0.02,0.0,0.02,0.899,0.0,0.899,0.38,0.0,0.38,0.203,0.0,0.203,0.402,0.0,0.402,0.804,0.0,0.804,-1.587,0.0,-1.587,0.718,0.0,0.718,0.261,0.0,0.261
660379,NRG,100 Thieves,1,0.65,0.625,0.025,0.6,0.6,0.0,10.0,6.2,3.8,3.0,2,0,6,2,1.0,1.0,-0.0,197.2,200.6,-3.4,1.04,1.08,-0.04,0.73,0.73,-0.0,129.9,130.8,-0.9,0.7,0.7,-0.0,0.3,0.3,-0.0,1.118,1.07,0.048,0.704,0.85,-0.146,-0.298,0.192,-0.49,0.447,0.914,-0.467,1.404,1.548,-0.144,-0.123,0.06,-0.183,-0.105,0.339,-0.444,0.974,1.119,-0.145,1.022,0.636,0.386,0.538,0.788,-0.25
660373,LEVIATÁN,G2 Esports,1,0.583,0.65,-0.067,0.7,0.6,0.1,6.4,11.4,-5.0,3.3,2,1,10,3,1.1,1.0,0.0,202.6,201.8,0.8,1.13,1.05,0.08,0.74,0.73,0.02,132.7,132.9,-0.2,0.7,0.7,0.0,0.29,0.29,0.0,1.232,1.034,0.198,1.069,0.631,0.438,0.481,0.366,0.115,1.562,0.552,1.01,2.133,0.975,1.158,0.443,0.475,-0.032,0.588,0.401,0.187,0.683,0.683,0.0,1.876,0.335,1.541,1.083,0.584,0.499
674854,FUT Esports,Natus Vincere,1,0.533,0.429,0.105,0.6,0.4,0.2,-6.2,3.2,-9.4,4.0,2,0,8,2,1.0,1.1,-0.2,196.0,220.5,-24.5,0.98,1.18,-0.19,0.71,0.71,-0.01,128.9,145.7,-16.8,0.7,0.8,-0.1,0.26,0.27,-0.01,1.006,1.045,-0.039,-0.427,2.528,-2.955,-0.471,3.064,-3.535,-0.341,2.122,-2.463,-0.416,0.203,-0.619,-0.322,3.086,-3.408,-0.297,2.716,-3.013,-0.406,-0.225,-0.181,0.093,0.428,-0.335,-0.294,1.837,-2.131
674855,Team Liquid,Gentle Mates,0,0.611,0.562,0.049,0.5,0.4,0.1,-1.4,-4.0,2.6,-4.0,0,2,-8,2,1.0,1.1,-0.0,201.8,207.3,-5.5,1.05,1.05,0.0,0.73,0.73,0.01,134.8,136.1,-1.3,0.7,0.7,-0.0,0.29,0.29,-0.0,1.054,0.947,0.107,0.777,0.947,-0.17,0.366,1.164,-0.798,0.63,0.621,0.009,1.404,1.022,0.382,0.865,1.127,-0.262,0.276,1.059,-0.783,0.538,0.683,-0.145,0.503,-0.441,0.944,0.673,0.807,-0.134
674856,FNATIC,BBL Esports,1,0.643,0.538,0.104,0.6,0.4,0.2,1.6,-6.6,8.2,6.5,2,0,13,2,1.0,1.0,-0.0,205.8,197.5,8.3,1.05,1.0,0.05,0.7,0.71,-0.01,135.8,128.8,7.0,0.7,0.7,0.0,0.22,0.34,-0.12,1.042,0.835,0.207,0.385,0.431,-0.046,0.935,-0.255,1.19,0.578,-0.023,0.601,-0.653,-0.142,-0.511,1.068,-0.34,1.408,0.881,-0.297,1.178,-1.859,2.318,-4.177,0.407,-1.545,1.952,0.384,0.027,0.357
674857,Karmine Corp,Eternal Fire,1,0.214,0.625,-0.411,0.2,0.6,-0.4,0.4,3.4,-3.0,1.0,2,1,3,3,1.0,1.0,0.0,197.6,199.8,-2.2,1.04,0.95,0.09,0.72,0.69,0.04,128.8,131.4,-2.6,0.7,0.7,0.0,0.26,0.26,0.0,1.088,1.03,0.058,0.084,-0.527,0.611,-0.24,0.07,-0.31,0.447,-0.76,1.207,0.833,-1.817,2.65,-0.346,0.183,-0.529,0.023,-0.057,0.08,-0.334,-0.406,0.072,0.783,0.301,0.482,0.096,-0.373,0.469
681012,Titan Esports Club,Weibo Gaming,1,0.25,0.0,0.25,0.2,0.0,0.2,-12.0,0.0,-12.0,2.0,2,1,6,3,1.0,1.0,-0.0,202.0,197.0,5.0,0.99,1.0,-0.01,0.7,0.72,-0.02,132.7,132.0,0.7,0.7,0.7,0.0,0.28,0.25,0.03,0.822,0.1,0.722,-0.098,0.0,-0.098,0.394,0.0,0.394,-0.23,0.0,-0.23,-0.822,0.0,-0.822,0.434,0.0,0.434,0.276,0.0,0.276,0.32,0.0,0.32,-1.683,0.0,-1.683,-0.198,0.0,-0.198
681011,Trace Esports,Any Questions Gaming,1,0.357,0.5,-0.143,0.3,0.5,-0.2,-3.0,-12.0,9.0,4.5,2,0,9,2,1.0,1.0,-0.0,197.8,197.0,0.8,0.96,1.0,-0.04,0.7,0.72,-0.02,129.4,132.0,-2.6,0.7,0.7,-0.0,0.27,0.25,0.02,0.99,0.1,0.89,-0.573,0.0,-0.573,-0.212,0.0,-0.212,-0.71,0.0,-0.71,-0.956,0.0,-0.956,-0.232,0.0,-0.232,-0.169,0.0,-0.169,0.029,0.0,0.029,-0.048,0.0,-0.048,-0.448,0.0,-0.448
675201,FULL SENSE,Gen.G,0,0.571,0.357,0.214,0.6,0.4,0.2,2.0,4.8,-2.8,-2.7,1,2,-8,3,1.0,1.0,0.0,205.5,201.5,4.0,1.03,1.0,0.03,0.71,0.72,-0.0,132.5,130.6,1.9,0.7,0.7,0.0,0.23,0.26,-0.04,1.08,1.018,0.062,0.02,0.005,0.015,0.899,0.322,0.577,0.38,-0.023,0.403,0.203,0.435,-0.232,0.402,0.005,0.397,0.804,0.023,0.781,-1.587,-0.285,-1.302,0.718,0.201,0.517,0.261,0.045,0.216
675202,Rex Regum Qeon,KIWOOM DRX,1,0.562,0.571,-0.009,0.5,0.6,-0.1,0.0,-6.2,6.2,5.5,2,0,11,2,1.0,1.0,0.0,195.6,197.0,-1.4,0.99,1.0,-0.01,0.71,0.72,-0.01,128.4,132.0,-3.6,0.7,0.7,-0.0,0.28,0.25,0.03,0.904,0.1,0.804,-0.025,0.0,-0.025,-0.529,0.0,-0.529,-0.23,0.0,-0.23,-0.005,0.0,-0.005,-0.432,0.0,-0.432,-0.557,0.0,-0.557,0.465,0.0,0.465,-0.847,0.0,-0.847,-0.242,0.0,-0.242
675203,T1,Nongshim RedForce,0,0.706,0.714,-0.008,0.7,0.6,0.1,3.2,0.6,2.6,-3.5,0,2,-7,2,1.0,1.0,-0.0,196.2,201.6,-5.4,1.03,1.04,-0.01,0.72,0.72,0.0,128.7,130.5,-1.8,0.7,0.7,-0.0,0.29,0.28,0.01,1.09,1.01,0.08,0.035,0.412,-0.377,-0.447,0.337,-0.784,0.314,0.499,-0.185,0.668,0.411,0.257,-0.381,-0.005,-0.376,-0.297,0.401,-0.698,0.683,0.32,0.363,0.799,0.128,0.671,0.18,0.437,-0.257
675204,DetonatioN FocusMe,Global Esports,0,0.462,0.533,-0.072,0.4,0.5,-0.1,-0.6,-1.4,0.8,-5.5,0,2,-11,2,1.0,1.0,-0.0,198.0,201.0,-3.0,0.97,1.03,-0.06,0.71,0.71,-0.01,128.4,132.0,-3.6,0.7,0.7,-0.0,0.26,0.25,0.02,0.946,1.01,-0.064,-0.354,0.266,-0.62,-0.183,0.25,-0.433,-0.51,0.26,-0.77,-0.416,0.133,-0.549,-0.432,0.296,-0.728,-0.362,0.339,-0.701,-0.261,-0.842,0.581,-0.447,0.128,-0.575,-0.358,0.201,-0.559
681010,FunPlus Phoenix,Wolves Esports,1,0.25,0.182,0.068,0.3,0.1,0.2,-5.0,-7.8,2.8,2.5,2,0,5,2,1.0,1.0,0.0,200.2,197.4,2.8,1.02,0.94,0.09,0.7,0.7,0.0,131.3,129.6,1.7,0.7,0.7,0.0,0.22,0.28,-0.05,1.123,0.86,0.263,0.111,-0.39,0.501,0.142,-0.269,0.411,0.214,-1.0,1.214,-0.484,-0.687,0.203,0.153,-0.184,0.337,0.339,-0.557,0.896,-1.769,0.175,-1.944,1.057,-1.286,2.343,0.042,-0.651,0.693
681009,All Gamers,Dragon Ranger Gaming,1,0.632,0.471,0.161,0.6,0.6,0.0,5.4,2.0,3.4,8.0,2,0,16,2,1.0,1.0,0.0,202.8,197.5,5.3,1.04,0.98,0.06,0.72,0.72,-0.0,130.2,128.7,1.5,0.7,0.7,0.0,0.28,0.31,-0.03,1.06,0.985,0.075,0.339,-0.177,0.516,0.51,-0.255,0.765,0.42,-0.369,0.789,0.272,0.435,-0.163,-0.07,-0.381,0.311,0.401,-0.244,0.645,0.247,1.47,-1.223,0.553,-0.092,0.645,0.375,-0.115,0.49
674841,Evil Geniuses,Sentinels,0,0.333,0.417,-0.083,0.4,0.4,0.0,-3.2,1.6,-4.8,-4.3,1,2,-13,3,1.0,1.0,-0.1,192.8,193.2,-0.4,0.94,1.01,-0.07,0.7,0.71,-0.01,128.5,128.9,-0.4,0.7,0.7,-0.0,0.26,0.27,-0.01,1.006,0.905,0.101,-0.755,0.157,-0.912,-0.933,-0.868,-0.065,-0.941,0.011,-0.952,-1.09,-0.313,-0.777,-0.411,-0.335,-0.076,-0.952,-0.869,-0.083,-0.479,-0.134,-0.345,0.093,-0.837,0.93,-0.778,-0.356,-0.422
675358,Titan Esports Club,All Gamers,0,0.267,0.611,-0.344,0.2,0.5,-0.3,-3.6,2.6,-6.2,-9.3,0,3,-28,3,1.0,1.0,-0.0,202.0,202.8,-0.8,0.99,1.04,-0.05,0.7,0.72,-0.02,132.7,130.2,2.5,0.7,0.7,-0.0,0.28,0.28,0.0,0.822,1.06,-0.238,-0.098,0.339,-0.437,0.394,0.51,-0.116,-0.23,0.42,-0.65,-0.822,0.272,-1.094,0.434,-0.07,0.504,0.276,0.401,-0.125,0.32,0.247,0.073,-1.683,0.553,-2.236,-0.198,0.375,-0.573
674843,ENVY,Sentinels,0,0.417,0.364,0.053,0.4,0.4,0.0,-1.8,0.4,-2.2,-7.0,0,2,-14,2,0.8,1.0,-0.2,177.0,193.2,-16.2,0.8,1.01,-0.21,0.68,0.71,-0.03,112.1,128.9,-16.8,0.6,0.7,-0.1,0.25,0.27,-0.02,0.91,0.905,0.005,-3.855,0.157,-4.012,-3.213,-0.868,-2.345,-3.155,0.011,-3.166,-2.143,-0.313,-1.83,-3.746,-0.335,-3.411,-3.041,-0.869,-2.172,-0.77,-0.134,-0.636,-0.789,-0.837,0.048,-2.794,-0.356,-2.438
675357,FunPlus Phoenix,All Gamers,0,0.273,0.588,-0.316,0.3,0.5,-0.2,-4.0,-1.0,-3.0,-5.0,0,2,-10,2,1.0,1.0,-0.0,200.2,202.8,-2.6,1.02,1.04,-0.02,0.7,0.72,-0.01,131.3,130.2,1.1,0.7,0.7,-0.0,0.22,0.28,-0.06,1.123,1.06,0.063,0.111,0.339,-0.228,0.142,0.51,-0.368,0.214,0.42,-0.206,-0.484,0.272,-0.756,0.153,-0.07,0.223,0.339,0.401,-0.062,-1.769,0.247,-2.016,1.057,0.553,0.504,0.042,0.375,-0.333
673532,VARREL,Gen.G,0,0.2,0.308,-0.108,0.2,0.4,-0.2,-2.4,3.2,-5.6,-6.5,0,2,-13,2,1.0,1.0,-0.0,192.5,201.5,-9.0,0.95,1.0,-0.05,0.69,0.72,-0.03,125.5,130.6,-5.1,0.7,0.7,-0.0,0.26,0.26,-0.01,1.058,1.018,0.04,-0.725,0.005,-0.73,-0.976,0.322,-1.298,-0.748,-0.023,-0.725,-1.488,0.435,-1.923,-1.015,0.005,-1.02,-1.008,0.023,-1.031,-0.588,-0.285,-0.303,0.539,0.201,0.338,-0.815,0.045,-0.86
675352,Xi Lai Gaming,Titan Esports Club,1,0.706,0.286,0.42,0.8,0.3,0.5,6.2,-1.4,7.6,5.7,3,0,17,3,1.0,1.0,-0.0,204.2,202.0,2.2,1.02,0.99,0.03,0.71,0.7,0.01,130.6,132.7,-2.1,0.7,0.7,0.0,0.26,0.28,-0.02,1.083,0.822,0.261,-0.147,-0.098,-0.049,0.707,0.394,0.313,0.158,-0.23,0.388,0.087,-0.822,0.909,0.012,0.434,-0.422,0.443,0.276,0.167,-0.467,0.32,-0.787,0.745,-1.683,2.428,0.206,-0.198,0.404
673534,Team Secret,Gen.G,0,0.2,0.25,-0.05,0.2,0.3,-0.1,-2.8,-1.6,-1.2,-4.5,0,2,-9,2,0.9,1.0,-0.1,200.0,201.5,-1.5,0.92,1.0,-0.09,0.69,0.72,-0.02,133.7,130.6,3.1,0.7,0.7,0.0,0.21,0.26,-0.05,0.995,1.018,-0.023,-1.576,0.005,-1.581,0.106,0.322,-0.216,-1.311,-0.023,-1.288,-1.157,0.435,-1.592,0.646,0.005,0.641,0.023,0.023,0.0,-2.223,-0.285,-1.938,-0.003,0.201,-0.204,-0.868,0.045,-0.913
660378,MIBR,100 Thieves,0,0.455,0.6,-0.145,0.4,0.6,-0.2,-1.6,2.6,-4.2,-4.0,0,2,-8,2,1.0,1.0,-0.0,203.8,200.6,3.2,1.05,1.08,-0.03,0.73,0.73,-0.01,134.1,130.8,3.3,0.7,0.7,0.0,0.29,0.3,-0.02,1.03,1.07,-0.04,0.613,0.85,-0.237,0.647,0.192,0.455,0.545,0.914,-0.369,1.081,1.548,-0.467,0.722,0.06,0.662,0.573,0.339,0.234,0.592,1.119,-0.527,0.301,0.636,-0.335,0.608,0.788,-0.18
660377,KRÜ Esports,NRG,0,0.444,0.632,-0.187,0.444,0.6,-0.156,1.2,5.6,-4.4,-7.0,0,2,-14,2,1.1,1.0,0.1,208.5,197.2,11.3,1.18,1.04,0.14,0.7,0.73,-0.03,136.9,129.9,7.0,0.8,0.7,0.1,0.2,0.3,-0.1,1.225,1.118,0.107,1.616,0.704,0.912,1.332,-0.298,1.63,2.122,0.447,1.675,-0.822,1.404,-2.226,1.307,-0.123,1.43,2.0,-0.105,2.105,-2.586,0.974,-3.56,1.826,1.022,0.804,1.073,0.538,0.535
660386,Team Vitality,Team Heretics,0,0.647,0.625,0.022,0.7,0.7,0.0,6.4,8.8,-2.4,0.6,2,3,3,5,1.0,1.0,0.0,205.0,203.3,1.7,1.09,1.04,0.05,0.73,0.73,-0.0,135.3,134.5,0.8,0.7,0.7,0.0,0.27,0.25,0.02,1.124,1.163,-0.039,0.814,0.461,0.353,0.827,0.587,0.24,1.091,0.447,0.644,0.975,1.26,-0.285,0.963,0.802,0.161,0.835,0.65,0.185,0.029,-0.77,0.799,1.069,1.371,-0.302,0.884,0.618,0.266
666493,FULL SENSE,Paper Rex,0,0.615,0.778,-0.162,0.6,0.7,-0.1,2.2,8.8,-6.6,-3.3,0,3,-10,3,1.0,1.1,-0.0,205.5,205.8,-0.3,1.03,1.09,-0.06,0.71,0.73,-0.02,132.5,136.9,-4.4,0.7,0.7,-0.0,0.23,0.27,-0.04,1.08,1.138,-0.058,0.02,0.886,-0.866,0.899,0.943,-0.044,0.38,1.116,-0.736,0.203,1.26,-1.057,0.402,1.301,-0.899,0.804,1.079,-0.275,-1.587,-0.116,-1.471,0.718,1.178,-0.46,0.261,1.052,-0.791
660376,100 Thieves,LOUD,1,0.571,0.375,0.196,0.5,0.375,0.125,-1.8,-2.4,0.6,8.5,2,0,17,2,1.0,1.0,0.0,200.6,197.0,3.6,1.08,1.04,0.04,0.73,0.71,0.02,130.8,130.3,0.5,0.7,0.7,0.0,0.3,0.3,-0.0,1.07,1.085,-0.015,0.85,0.75,0.1,0.192,-0.327,0.519,0.914,0.413,0.501,1.548,0.203,1.345,0.06,-0.051,0.111,0.339,-0.217,0.556,1.119,1.228,-0.109,0.636,0.758,-0.122,0.788,0.313,0.475
660375,FURIA,NRG,0,0.583,0.611,-0.028,0.5,0.6,-0.1,-3.4,1.0,-4.4,-7.0,0,2,-14,2,1.1,1.0,0.0,202.7,197.2,5.5,1.09,1.04,0.05,0.74,0.73,0.01,134.5,129.9,4.6,0.7,0.7,0.0,0.31,0.3,0.01,0.947,1.118,-0.171,1.373,0.704,0.669,0.491,-0.298,0.789,1.049,0.447,0.602,1.742,1.404,0.338,0.815,-0.123,0.938,0.547,-0.105,0.652,1.289,0.974,0.315,-0.441,1.022,-1.463,0.855,0.538,0.317
660392,FUT Esports,Team Heretics,0,0.571,0.6,-0.029,0.7,0.6,0.1,0.2,6.2,-6.0,-6.5,1,3,-26,4,1.0,1.0,-0.0,196.0,203.3,-7.3,0.98,1.04,-0.06,0.71,0.73,-0.02,128.9,134.5,-5.6,0.7,0.7,-0.0,0.26,0.25,0.01,1.006,1.163,-0.157,-0.427,0.461,-0.888,-0.471,0.587,-1.058,-0.341,0.447,-0.788,-0.416,1.26,-1.676,-0.322,0.802,-1.124,-0.297,0.65,-0.947,-0.406,-0.77,0.364,0.093,1.371,-1.278,-0.294,0.618,-0.912
666499,Global Esports,Paper Rex,0,0.571,0.769,-0.198,0.6,0.7,-0.1,-0.8,8.2,-9.0,-6.0,0,3,-18,3,1.0,1.1,-0.0,201.0,205.8,-4.8,1.03,1.09,-0.07,0.71,0.73,-0.02,132.0,136.9,-4.9,0.7,0.7,-0.0,0.25,0.27,-0.02,1.01,1.138,-0.128,0.266,0.886,-0.62,0.25,0.943,-0.693,0.26,1.116,-0.856,0.133,1.26,-1.127,0.296,1.301,-1.005,0.339,1.079,-0.74,-0.842,-0.116,-0.726,0.128,1.178,-1.05,0.201,1.052,-0.851
660372,KRÜ Esports,G2 Esports,0,0.5,0.632,-0.132,0.5,0.6,-0.1,4.6,10.4,-5.8,-4.0,0,2,-8,2,1.1,1.0,0.1,208.5,201.8,6.7,1.18,1.05,0.13,0.7,0.73,-0.03,136.9,132.9,4.0,0.8,0.7,0.1,0.2,0.29,-0.09,1.225,1.034,0.191,1.616,0.631,0.985,1.332,0.366,0.966,2.122,0.552,1.57,-0.822,0.975,-1.797,1.307,0.475,0.832,2.0,0.401,1.599,-2.586,0.683,-3.269,1.826,0.335,1.491,1.073,0.584,0.489
660371,MIBR,LEVIATÁN,0,0.5,0.545,-0.045,0.5,0.6,-0.1,-0.2,5.8,-6.0,0.0,1,2,0,3,1.0,1.1,-0.0,203.8,202.6,1.2,1.05,1.13,-0.08,0.73,0.74,-0.01,134.1,132.7,1.4,0.7,0.7,-0.0,0.29,0.29,-0.0,1.03,1.232,-0.202,0.613,1.069,-0.456,0.647,0.481,0.166,0.545,1.562,-1.017,1.081,2.133,-1.052,0.722,0.443,0.279,0.573,0.588,-0.015,0.592,0.683,-0.091,0.301,1.876,-1.575,0.608,1.083,-0.475
660391,Team Heretics,Eternal Fire,1,0.571,0.667,-0.095,0.6,0.7,-0.1,7.8,4.2,3.6,1.3,2,1,4,3,1.0,1.0,0.1,203.3,199.8,3.5,1.04,0.95,0.09,0.73,0.69,0.04,134.5,131.4,3.1,0.7,0.7,0.0,0.25,0.26,-0.01,1.163,1.03,0.133,0.461,-0.527,0.988,0.587,0.07,0.517,0.447,-0.76,1.207,1.26,-1.817,3.077,0.802,0.183,0.619,0.65,-0.057,0.707,-0.77,-0.406,-0.364,1.371,0.301,1.07,0.618,-0.373,0.991
660385,FUT Esports,Team Vitality,0,0.615,0.625,-0.01,0.8,0.7,0.1,1.4,4.8,-3.4,0.3,1,2,1,3,1.0,1.0,-0.1,196.0,205.0,-9.0,0.98,1.09,-0.11,0.71,0.73,-0.02,128.9,135.3,-6.4,0.7,0.7,-0.0,0.26,0.27,-0.01,1.006,1.124,-0.118,-0.427,0.814,-1.241,-0.471,0.827,-1.298,-0.341,1.091,-1.432,-0.416,0.975,-1.391,-0.322,0.963,-1.285,-0.297,0.835,-1.132,-0.406,0.029,-0.435,0.093,1.069,-0.976,-0.294,0.884,-1.178
666498,T1,Paper Rex,0,0.75,0.76,-0.01,0.7,0.7,0.0,6.0,9.2,-3.2,-2.0,1,2,-6,3,1.0,1.1,-0.0,196.2,205.8,-9.6,1.03,1.09,-0.06,0.72,0.73,-0.01,128.7,136.9,-8.2,0.7,0.7,-0.0,0.29,0.27,0.02,1.09,1.138,-0.048,0.035,0.886,-0.851,-0.447,0.943,-1.39,0.314,1.116,-0.802,0.668,1.26,-0.592,-0.381,1.301,-1.682,-0.297,1.079,-1.376,0.683,-0.116,0.799,0.799,1.178,-0.379,0.18,1.052,-0.872
666492,Global Esports,FULL SENSE,0,0.615,0.583,0.032,0.6,0.5,0.1,-1.2,2.8,-4.0,-3.5,0,2,-7,2,1.0,1.0,0.0,201.0,205.5,-4.5,1.03,1.03,-0.01,0.71,0.71,-0.0,132.0,132.5,-0.5,0.7,0.7,-0.0,0.25,0.23,0.02,1.01,1.08,-0.07,0.266,0.02,0.246,0.25,0.899,-0.649,0.26,0.38,-0.12,0.133,0.203,-0.07,0.296,0.402,-0.106,0.339,0.804,-0.465,-0.842,-1.587,0.745,0.128,0.718,-0.59,0.201,0.261,-0.06
660370,G2 Esports,100 Thieves,1,0.611,0.615,-0.004,0.6,0.6,0.0,6.0,4.0,2.0,7.5,2,0,15,2,1.0,1.0,-0.0,201.8,200.6,1.2,1.05,1.08,-0.03,0.73,0.73,-0.01,132.9,130.8,2.1,0.7,0.7,0.0,0.29,0.3,-0.01,1.034,1.07,-0.036,0.631,0.85,-0.219,0.366,0.192,0.174,0.552,0.914,-0.362,0.975,1.548,-0.573,0.475,0.06,0.415,0.401,0.339,0.062,0.683,1.119,-0.436,0.335,0.636,-0.301,0.584,0.788,-0.204
660369,FURIA,LEVIATÁN,0,0.636,0.5,0.136,0.6,0.5,0.1,1.4,5.8,-4.4,-5.0,1,2,-15,3,1.1,1.1,0.0,202.7,202.6,0.1,1.09,1.13,-0.04,0.74,0.74,-0.01,134.5,132.7,1.8,0.7,0.7,-0.0,0.31,0.29,0.02,0.947,1.232,-0.285,1.373,1.069,0.304,0.491,0.481,0.01,1.049,1.562,-0.513,1.742,2.133,-0.391,0.815,0.443,0.372,0.547,0.588,-0.041,1.289,0.683,0.606,-0.441,1.876,-2.317,0.855,1.083,-0.228
674840,Evil Geniuses,ENVY,1,0.273,0.455,-0.182,0.3,0.4,-0.1,-5.8,1.0,-6.8,1.3,2,1,4,3,1.0,0.8,0.2,192.8,177.0,15.8,0.94,0.8,0.14,0.7,0.68,0.02,128.5,112.1,16.4,0.7,0.6,0.1,0.26,0.25,0.01,1.006,0.91,0.096,-0.755,-3.855,3.1,-0.933,-3.213,2.28,-0.941,-3.155,2.214,-1.09,-2.143,1.053,-0.411,-3.746,3.335,-0.952,-3.041,2.089,-0.479,-0.77,0.291,0.093,-0.789,0.882,-0.778,-2.794,2.016
674842,Sentinels,Cloud9,1,0.3,0.385,-0.085,0.3,0.3,0.0,-0.6,-6.6,6.0,5.0,2,0,10,2,1.0,1.0,0.0,193.2,191.0,2.2,1.01,0.96,0.05,0.71,0.72,-0.02,128.9,124.7,4.2,0.7,0.7,0.0,0.27,0.29,-0.02,0.905,0.986,-0.081,0.157,-0.463,0.62,-0.868,-1.193,0.325,0.011,-0.652,0.663,-0.313,0.692,-1.005,-0.335,-1.184,0.849,-0.869,-0.952,0.083,-0.134,0.756,-0.89,-0.837,-0.083,-0.754,-0.356,-0.499,0.143
673542,Karmine Corp,GIANTX,1,0.154,0.4,-0.246,0.1,0.4,-0.3,-5.2,-2.0,-3.2,9.0,2,0,18,2,1.0,1.0,0.0,197.6,195.7,1.9,1.04,0.97,0.07,0.72,0.69,0.04,128.8,127.3,1.5,0.7,0.7,0.0,0.26,0.23,0.03,1.088,0.94,0.148,0.084,-0.755,0.839,-0.24,-0.519,0.279,0.447,-0.463,0.91,0.833,-1.708,2.541,-0.346,-0.649,0.303,0.023,-0.083,0.106,-0.334,-1.496,1.162,0.783,-0.503,1.286,0.096,-0.718,0.814
674838,Sentinels,Evil Geniuses,0,0.333,0.2,0.133,0.333,0.2,0.133,-1.6,-9.4,7.8,-1.3,1,2,-4,3,1.0,1.0,0.1,193.2,192.8,0.4,1.01,0.94,0.07,0.71,0.7,0.01,128.9,128.5,0.4,0.7,0.7,0.0,0.27,0.26,0.01,0.905,1.006,-0.101,0.157,-0.755,0.912,-0.868,-0.933,0.065,0.011,-0.941,0.952,-0.313,-1.09,0.777,-0.335,-0.411,0.076,-0.869,-0.952,0.083,-0.134,-0.479,0.345,-0.837,0.093,-0.93,-0.356,-0.778,0.422
674839,Cloud9,ENVY,0,0.417,0.4,0.017,0.4,0.4,0.0,-8.2,-1.0,-7.2,-2.3,1,2,-7,3,1.0,0.8,0.2,191.0,177.0,14.0,0.96,0.8,0.16,0.72,0.68,0.04,124.7,112.1,12.6,0.7,0.6,0.1,0.29,0.25,0.04,0.986,0.91,0.076,-0.463,-3.855,3.392,-1.193,-3.213,2.02,-0.652,-3.155,2.503,0.692,-2.143,2.835,-1.184,-3.746,2.562,-0.952,-3.041,2.089,0.756,-0.77,1.526,-0.083,-0.789,0.706,-0.499,-2.794,2.295
673540,Natus Vincere,Karmine Corp,1,0.385,0.167,0.218,0.3,0.2,0.1,-2.0,-2.2,0.2,9.5,2,0,19,2,1.1,1.0,0.1,220.5,197.6,22.9,1.18,1.04,0.14,0.71,0.72,-0.01,145.7,128.8,16.9,0.8,0.7,0.1,0.27,0.26,0.0,1.045,1.088,-0.043,2.528,0.084,2.444,3.064,-0.24,3.304,2.122,0.447,1.675,0.203,0.833,-0.63,3.086,-0.346,3.432,2.716,0.023,2.693,-0.225,-0.334,0.109,0.428,0.783,-0.355,1.837,0.096,1.741
673541,PCIFIC Esports,GIANTX,0,0.0,0.357,-0.357,0.0,0.3,-0.3,-7.4,-2.8,-4.6,-3.3,1,2,-10,3,1.0,1.0,0.0,197.0,195.7,1.3,1.0,0.97,0.03,0.72,0.69,0.03,132.0,127.3,4.7,0.7,0.7,0.0,0.25,0.23,0.02,0.1,0.94,-0.84,0.0,-0.755,0.755,0.0,-0.519,0.519,0.0,-0.463,0.463,0.0,-1.708,1.708,0.0,-0.649,0.649,0.0,-0.083,0.083,0.0,-1.496,1.496,0.0,-0.503,0.503,0.0,-0.718,0.718
673531,VARREL,Team Secret,1,0.111,0.222,-0.111,0.111,0.222,-0.111,-3.6,-4.0,0.4,0.7,2,1,2,3,1.0,0.9,0.0,192.5,200.0,-7.5,0.95,0.92,0.04,0.69,0.69,-0.01,125.5,133.7,-8.2,0.7,0.7,-0.0,0.26,0.21,0.05,1.058,0.995,0.063,-0.725,-1.576,0.851,-0.976,0.106,-1.082,-0.748,-1.311,0.563,-1.488,-1.157,-0.331,-1.015,0.646,-1.661,-1.008,0.023,-1.031,-0.588,-2.223,1.635,0.539,-0.003,0.542,-0.815,-0.868,0.053
673533,ZETA DIVISION,Gen.G,0,0.2,0.182,0.018,0.2,0.2,0.0,-7.2,-3.0,-4.2,-4.5,0,2,-9,2,0.9,1.0,-0.1,194.8,201.5,-6.7,0.91,1.0,-0.1,0.69,0.72,-0.02,127.2,130.6,-3.4,0.7,0.7,-0.0,0.27,0.26,0.0,0.875,1.018,-0.143,-1.302,0.005,-1.307,-0.652,0.322,-0.974,-1.462,-0.023,-1.439,-1.157,0.435,-1.592,-0.686,0.005,-0.691,-0.869,0.023,-0.892,-0.225,-0.285,0.06,-1.134,0.201,-1.335,-1.096,0.045,-1.141
673538,Natus Vincere,PCIFIC Esports,1,0.333,0.0,0.333,0.2,0.0,0.2,-1.8,-8.2,6.4,1.0,2,1,3,3,1.1,1.0,0.1,220.5,197.0,23.5,1.18,1.0,0.18,0.71,0.72,-0.01,145.7,132.0,13.7,0.8,0.7,0.1,0.27,0.25,0.02,1.045,0.1,0.945,2.528,0.0,2.528,3.064,0.0,3.064,2.122,0.0,2.122,0.203,0.0,0.203,3.086,0.0,3.086,2.716,0.0,2.716,-0.225,0.0,-0.225,0.428,0.0,0.428,1.837,0.0,1.837
673539,Karmine Corp,GIANTX,1,0.091,0.385,-0.294,0.1,0.3,-0.2,-7.0,-2.8,-4.2,7.5,2,0,15,2,1.0,1.0,0.0,197.6,195.7,1.9,1.04,0.97,0.07,0.72,0.69,0.04,128.8,127.3,1.5,0.7,0.7,0.0,0.26,0.23,0.03,1.088,0.94,0.148,0.084,-0.755,0.839,-0.24,-0.519,0.279,0.447,-0.463,0.91,0.833,-1.708,2.541,-0.346,-0.649,0.303,0.023,-0.083,0.106,-0.334,-1.496,1.162,0.783,-0.503,1.286,0.096,-0.718,0.814
673529,ZETA DIVISION,VARREL,0,0.222,0.0,0.222,0.222,0.0,0.222,-7.0,-6.6,-0.4,-2.0,0,2,-4,2,0.9,1.0,-0.0,194.8,192.5,2.3,0.91,0.95,-0.05,0.69,0.69,0.01,127.2,125.5,1.7,0.7,0.7,0.0,0.27,0.26,0.01,0.875,1.058,-0.183,-1.302,-0.725,-0.577,-0.652,-0.976,0.324,-1.462,-0.748,-0.714,-1.157,-1.488,0.331,-0.686,-1.015,0.329,-0.869,-1.008,0.139,-0.225,-0.588,0.363,-1.134,0.539,-1.673,-1.096,-0.815,-0.281
673530,Gen.G,Team Secret,0,0.2,0.125,0.075,0.2,0.125,0.075,-5.6,-6.2,0.6,-0.3,1,2,-1,3,1.0,0.9,0.1,201.5,200.0,1.5,1.0,0.92,0.09,0.72,0.69,0.02,130.6,133.7,-3.1,0.7,0.7,0.0,0.26,0.21,0.05,1.018,0.995,0.023,0.005,-1.576,1.581,0.322,0.106,0.216,-0.023,-1.311,1.288,0.435,-1.157,1.592,0.005,0.646,-0.641,0.023,0.023,0.0,-0.285,-2.223,1.938,0.201,-0.003,0.204,0.045,-0.868,0.913
645503,Sentinels,NRG,0,0.375,0.588,-0.213,0.375,0.5,-0.125,-2.0,-2.0,0.0,-1.0,1,2,-3,3,1.0,1.0,-0.0,193.2,197.2,-4.0,1.01,1.04,-0.03,0.71,0.73,-0.03,128.9,129.9,-1.0,0.7,0.7,-0.0,0.27,0.3,-0.03,0.905,1.118,-0.213,0.157,0.704,-0.547,-0.868,-0.298,-0.57,0.011,0.447,-0.436,-0.313,1.404,-1.717,-0.335,-0.123,-0.212,-0.869,-0.105,-0.764,-0.134,0.974,-1.108,-0.837,1.022,-1.859,-0.356,0.538,-0.894
645502,LOUD,LEVIATÁN,1,0.286,0.556,-0.27,0.286,0.556,-0.27,-3.4,2.0,-5.4,-1.7,2,1,-5,3,1.0,1.1,-0.0,197.0,202.6,-5.6,1.04,1.13,-0.09,0.71,0.74,-0.03,130.3,132.7,-2.4,0.7,0.7,-0.0,0.3,0.29,0.02,1.085,1.232,-0.147,0.75,1.069,-0.319,-0.327,0.481,-0.808,0.413,1.562,-1.149,0.203,2.133,-1.93,-0.051,0.443,-0.494,-0.217,0.588,-0.805,1.228,0.683,0.545,0.758,1.876,-1.118,0.313,1.083,-0.77
660390,Eternal Fire,Gentle Mates,1,0.643,0.6,0.043,0.6,0.5,0.1,3.6,-0.8,4.4,6.0,2,0,12,2,1.0,1.1,-0.1,199.8,207.3,-7.5,0.95,1.05,-0.1,0.69,0.73,-0.04,131.4,136.1,-4.7,0.7,0.7,-0.0,0.26,0.29,-0.03,1.03,0.947,0.083,-0.527,0.947,-1.474,0.07,1.164,-1.094,-0.76,0.621,-1.381,-1.817,1.022,-2.839,0.183,1.127,-0.944,-0.057,1.059,-1.116,-0.406,0.683,-1.089,0.301,-0.441,0.742,-0.373,0.807,-1.18
660389,FNATIC,Team Heretics,0,0.692,0.538,0.154,0.7,0.6,0.1,4.6,7.8,-3.2,-3.3,1,2,-10,3,1.0,1.0,-0.0,205.8,203.3,2.5,1.05,1.04,0.01,0.7,0.73,-0.03,135.8,134.5,1.3,0.7,0.7,0.0,0.22,0.25,-0.03,1.042,1.163,-0.121,0.385,0.461,-0.076,0.935,0.587,0.348,0.578,0.447,0.131,-0.653,1.26,-1.913,1.068,0.802,0.266,0.881,0.65,0.231,-1.859,-0.77,-1.089,0.407,1.371,-0.964,0.384,0.618,-0.234
666497,Paper Rex,KIWOOM DRX,1,0.75,0.615,0.135,0.7,0.7,0.0,7.0,-2.6,9.6,3.0,2,1,9,3,1.1,1.0,0.1,205.8,197.0,8.8,1.09,1.0,0.09,0.73,0.72,0.01,136.9,132.0,4.9,0.7,0.7,0.0,0.27,0.25,0.02,1.138,0.1,1.038,0.886,0.0,0.886,0.943,0.0,0.943,1.116,0.0,1.116,1.26,0.0,1.26,1.301,0.0,1.301,1.079,0.0,1.079,-0.116,0.0,-0.116,1.178,0.0,1.178,1.052,0.0,1.052
659481,EDward Gaming,Xi Lai Gaming,1,0.722,0.75,-0.028,0.8,0.9,-0.1,4.8,9.4,-4.6,1.6,3,2,8,5,1.0,1.0,0.0,201.8,204.2,-2.4,1.01,1.02,-0.0,0.71,0.71,-0.01,130.8,130.6,0.2,0.7,0.7,-0.0,0.29,0.26,0.03,0.973,1.083,-0.11,-0.086,-0.147,0.061,0.37,0.707,-0.337,0.112,0.158,-0.046,-0.256,0.087,-0.343,0.063,0.012,0.051,0.287,0.443,-0.156,0.804,-0.467,1.271,-0.197,0.745,-0.942,0.116,0.206,-0.09
666496,T1,Rex Regum Qeon,1,0.733,0.6,0.133,0.7,0.5,0.2,5.4,0.8,4.6,4.0,2,1,12,3,1.0,1.0,0.0,196.2,195.6,0.6,1.03,0.99,0.04,0.72,0.71,0.01,128.7,128.4,0.3,0.7,0.7,0.0,0.29,0.28,0.01,1.09,0.904,0.186,0.035,-0.025,0.06,-0.447,-0.529,0.082,0.314,-0.23,0.544,0.668,-0.005,0.673,-0.381,-0.432,0.051,-0.297,-0.557,0.26,0.683,0.465,0.218,0.799,-0.847,1.646,0.18,-0.242,0.422
645501,ENVY,MIBR,1,0.333,0.556,-0.222,0.333,0.556,-0.222,-7.4,2.6,-10.0,11.0,2,0,22,2,0.8,1.0,-0.2,177.0,203.8,-26.8,0.8,1.05,-0.25,0.68,0.73,-0.05,112.1,134.1,-22.0,0.6,0.7,-0.1,0.25,0.29,-0.04,0.91,1.03,-0.12,-3.855,0.613,-4.468,-3.213,0.647,-3.86,-3.155,0.545,-3.7,-2.143,1.081,-3.224,-3.746,0.722,-4.468,-3.041,0.573,-3.614,-0.77,0.592,-1.362,-0.789,0.301,-1.09,-2.794,0.608,-3.402
645500,G2 Esports,Cloud9,1,0.588,0.455,0.134,0.6,0.4,0.2,1.6,-8.2,9.8,5.5,2,0,11,2,1.0,1.0,0.1,201.8,191.0,10.8,1.05,0.96,0.09,0.73,0.72,0.0,132.9,124.7,8.2,0.7,0.7,0.0,0.29,0.29,-0.0,1.034,0.986,0.048,0.631,-0.463,1.094,0.366,-1.193,1.559,0.552,-0.652,1.204,0.975,0.692,0.283,0.475,-1.184,1.659,0.401,-0.952,1.353,0.683,0.756,-0.073,0.335,-0.083,0.418,0.584,-0.499,1.083
660388,Team Liquid,Gentle Mates,0,0.647,0.571,0.076,0.6,0.5,0.1,1.2,-3.6,4.8,-1.7,1,2,-5,3,1.0,1.1,-0.0,201.8,207.3,-5.5,1.05,1.05,0.0,0.73,0.73,0.01,134.8,136.1,-1.3,0.7,0.7,-0.0,0.29,0.29,-0.0,1.054,0.947,0.107,0.777,0.947,-0.17,0.366,1.164,-0.798,0.63,0.621,0.009,1.404,1.022,0.382,0.865,1.127,-0.262,0.276,1.059,-0.783,0.538,0.683,-0.145,0.503,-0.441,0.944,0.673,0.807,-0.134
660387,Team Heretics,BBL Esports,1,0.5,0.583,-0.083,0.5,0.5,0.0,4.0,-3.0,7.0,5.5,2,0,11,2,1.0,1.0,0.0,203.3,197.5,5.8,1.04,1.0,0.04,0.73,0.71,0.02,134.5,128.8,5.7,0.7,0.7,0.0,0.25,0.34,-0.09,1.163,0.835,0.328,0.461,0.431,0.03,0.587,-0.255,0.842,0.447,-0.023,0.47,1.26,-0.142,1.402,0.802,-0.34,1.142,0.65,-0.297,0.947,-0.77,2.318,-3.088,1.371,-1.545,2.916,0.618,0.027,0.591
666495,KIWOOM DRX,Nongshim RedForce,1,0.583,0.769,-0.186,0.6,0.7,-0.1,-3.8,0.8,-4.6,3.0,2,1,9,3,1.0,1.0,-0.0,197.0,201.6,-4.6,1.0,1.04,-0.04,0.72,0.72,0.0,132.0,130.5,1.5,0.7,0.7,-0.0,0.25,0.28,-0.03,0.1,1.01,-0.91,0.0,0.412,-0.412,0.0,0.337,-0.337,0.0,0.499,-0.499,0.0,0.411,-0.411,0.0,-0.005,0.005,0.0,0.401,-0.401,0.0,0.32,-0.32,0.0,0.128,-0.128,0.0,0.437,-0.437
659487,Xi Lai Gaming,Dragon Ranger Gaming,1,0.733,0.5,0.233,0.8,0.6,0.2,7.4,3.6,3.8,4.2,3,1,17,4,1.0,1.0,0.0,204.2,197.5,6.7,1.02,0.98,0.04,0.71,0.72,-0.01,130.6,128.7,1.9,0.7,0.7,0.0,0.26,0.31,-0.05,1.083,0.985,0.098,-0.147,-0.177,0.03,0.707,-0.255,0.962,0.158,-0.369,0.527,0.087,0.435,-0.348,0.012,-0.381,0.393,0.443,-0.244,0.687,-0.467,1.47,-1.937,0.745,-0.092,0.837,0.206,-0.115,0.321
666494,Rex Regum Qeon,DetonatioN FocusMe,1,0.571,0.5,0.071,0.5,0.5,0.0,1.0,-2.4,3.4,1.0,2,1,3,3,1.0,1.0,0.0,195.6,198.0,-2.4,0.99,0.97,0.02,0.71,0.71,0.01,128.4,128.4,0.0,0.7,0.7,-0.0,0.28,0.26,0.02,0.904,0.946,-0.042,-0.025,-0.354,0.329,-0.529,-0.183,-0.346,-0.23,-0.51,0.28,-0.005,-0.416,0.411,-0.432,-0.432,0.0,-0.557,-0.362,-0.195,0.465,-0.261,0.726,-0.847,-0.447,-0.4,-0.242,-0.358,0.116
645499,FURIA,100 Thieves,0,0.7,0.583,0.117,0.7,0.6,0.1,2.0,-0.6,2.6,-2.7,1,2,-8,3,1.1,1.0,0.0,202.7,200.6,2.1,1.09,1.08,0.01,0.74,0.73,0.0,134.5,130.8,3.7,0.7,0.7,0.0,0.31,0.3,0.01,0.947,1.07,-0.123,1.373,0.85,0.523,0.491,0.192,0.299,1.049,0.914,0.135,1.742,1.548,0.194,0.815,0.06,0.755,0.547,0.339,0.208,1.289,1.119,0.17,-0.441,0.636,-1.077,0.855,0.788,0.067
645498,KRÜ Esports,Evil Geniuses,1,0.429,0.222,0.206,0.429,0.222,0.206,0.8,-8.8,9.6,2.3,2,1,7,3,1.1,1.0,0.1,208.5,192.8,15.7,1.18,0.94,0.24,0.7,0.7,0.0,136.9,128.5,8.4,0.8,0.7,0.1,0.2,0.26,-0.06,1.225,1.006,0.219,1.616,-0.755,2.371,1.332,-0.933,2.265,2.122,-0.941,3.063,-0.822,-1.09,0.268,1.307,-0.411,1.718,2.0,-0.952,2.952,-2.586,-0.479,-2.107,1.826,0.093,1.733,1.073,-0.778,1.851
660384,FNATIC,Team Vitality,0,0.75,0.6,0.15,0.8,0.6,0.2,9.0,1.6,7.4,-5.5,0,2,-11,2,1.0,1.0,-0.0,205.8,205.0,0.8,1.05,1.09,-0.04,0.7,0.73,-0.02,135.8,135.3,0.5,0.7,0.7,0.0,0.22,0.27,-0.05,1.042,1.124,-0.082,0.385,0.814,-0.429,0.935,0.827,0.108,0.578,1.091,-0.513,-0.653,0.975,-1.628,1.068,0.963,0.105,0.881,0.835,0.046,-1.859,0.029,-1.888,0.407,1.069,-0.662,0.384,0.884,-0.5
660383,FUT Esports,Eternal Fire,1,0.583,0.692,-0.109,0.7,0.7,0.0,2.6,6.2,-3.6,1.0,2,1,3,3,1.0,1.0,0.0,196.0,199.8,-3.8,0.98,0.95,0.03,0.71,0.69,0.02,128.9,131.4,-2.5,0.7,0.7,-0.0,0.26,0.26,0.0,1.006,1.03,-0.024,-0.427,-0.527,0.1,-0.471,0.07,-0.541,-0.341,-0.76,0.419,-0.416,-1.817,1.401,-0.322,0.183,-0.505,-0.297,-0.057,-0.24,-0.406,-0.406,0.0,0.093,0.301,-0.208,-0.294,-0.373,0.079
666491,T1,FULL SENSE,0,0.786,0.545,0.24,0.8,0.5,0.3,9.4,3.6,5.8,-4.5,0,2,-9,2,1.0,1.0,0.0,196.2,205.5,-9.3,1.03,1.03,-0.0,0.72,0.71,0.01,128.7,132.5,-3.8,0.7,0.7,-0.0,0.29,0.23,0.06,1.09,1.08,0.01,0.035,0.02,0.015,-0.447,0.899,-1.346,0.314,0.38,-0.066,0.668,0.203,0.465,-0.381,0.402,-0.783,-0.297,0.804,-1.101,0.683,-1.587,2.27,0.799,0.718,0.081,0.18,0.261,-0.081
659486,All Gamers,Dragon Ranger Gaming,0,0.625,0.467,0.158,0.5,0.5,0.0,0.8,1.6,-0.8,-2.3,1,2,-7,3,1.0,1.0,0.0,202.8,197.5,5.3,1.04,0.98,0.06,0.72,0.72,-0.0,130.2,128.7,1.5,0.7,0.7,0.0,0.28,0.31,-0.03,1.06,0.985,0.075,0.339,-0.177,0.516,0.51,-0.255,0.765,0.42,-0.369,0.789,0.272,0.435,-0.163,-0.07,-0.381,0.311,0.401,-0.244,0.645,0.247,1.47,-1.223,0.553,-0.092,0.645,0.375,-0.115,0.49
659480,Xi Lai Gaming,EDward Gaming,0,0.786,0.706,0.08,0.8,0.7,0.1,10.4,4.0,6.4,-4.5,0,2,-9,2,1.0,1.0,-0.0,204.2,201.8,2.4,1.02,1.01,0.0,0.71,0.71,0.01,130.6,130.8,-0.2,0.7,0.7,0.0,0.26,0.29,-0.03,1.083,0.973,0.11,-0.147,-0.086,-0.061,0.707,0.37,0.337,0.158,0.112,0.046,0.087,-0.256,0.343,0.012,0.063,-0.051,0.443,0.287,0.156,-0.467,0.804,-1.271,0.745,-0.197,0.942,0.206,0.116,0.09
666490,Paper Rex,Global Esports,0,0.783,0.583,0.199,0.7,0.6,0.1,9.6,-0.6,10.2,-1.7,1,2,-5,3,1.1,1.0,0.0,205.8,201.0,4.8,1.09,1.03,0.07,0.73,0.71,0.02,136.9,132.0,4.9,0.7,0.7,0.0,0.27,0.25,0.02,1.138,1.01,0.128,0.886,0.266,0.62,0.943,0.25,0.693,1.116,0.26,0.856,1.26,0.133,1.127,1.301,0.296,1.005,1.079,0.339,0.74,-0.116,-0.842,0.726,1.178,0.128,1.05,1.052,0.201,0.851
660382,Team Liquid,Team Vitality,0,0.688,0.571,0.116,0.7,0.5,0.2,5.2,2.4,2.8,-3.7,1,2,-11,3,1.0,1.0,-0.0,201.8,205.0,-3.2,1.05,1.09,-0.04,0.73,0.73,0.01,134.8,135.3,-0.5,0.7,0.7,-0.0,0.29,0.27,0.01,1.054,1.124,-0.07,0.777,0.814,-0.037,0.366,0.827,-0.461,0.63,1.091,-0.461,1.404,0.975,0.429,0.865,0.963,-0.098,0.276,0.835,-0.559,0.538,0.029,0.509,0.503,1.069,-0.566,0.673,0.884,-0.211
660381,Eternal Fire,Team Heretics,1,0.667,0.545,0.121,0.7,0.6,0.1,2.6,4.6,-2.0,2.3,2,1,7,3,1.0,1.0,-0.1,199.8,203.3,-3.5,0.95,1.04,-0.09,0.69,0.73,-0.04,131.4,134.5,-3.1,0.7,0.7,-0.0,0.26,0.25,0.01,1.03,1.163,-0.133,-0.527,0.461,-0.988,0.07,0.587,-0.517,-0.76,0.447,-1.207,-1.817,1.26,-3.077,0.183,0.802,-0.619,-0.057,0.65,-0.707,-0.406,-0.77,0.364,0.301,1.371,-1.07,-0.373,0.618,-0.991
666489,KIWOOM DRX,FULL SENSE,0,0.636,0.5,0.136,0.7,0.5,0.2,0.2,4.0,-3.8,-5.0,0,2,-10,2,1.0,1.0,-0.0,197.0,205.5,-8.5,1.0,1.03,-0.03,0.72,0.71,0.01,132.0,132.5,-0.5,0.7,0.7,-0.0,0.25,0.23,0.02,0.1,1.08,-0.98,0.0,0.02,-0.02,0.0,0.899,-0.899,0.0,0.38,-0.38,0.0,0.203,-0.203,0.0,0.402,-0.402,0.0,0.804,-0.804,0.0,-1.587,1.587,0.0,0.718,-0.718,0.0,0.261,-0.261
666488,Rex Regum Qeon,Global Esports,0,0.615,0.545,0.07,0.6,0.5,0.1,2.6,1.2,1.4,-2.5,0,2,-5,2,1.0,1.0,-0.0,195.6,201.0,-5.4,0.99,1.03,-0.04,0.71,0.71,-0.0,128.4,132.0,-3.6,0.7,0.7,-0.0,0.28,0.25,0.04,0.904,1.01,-0.106,-0.025,0.266,-0.291,-0.529,0.25,-0.779,-0.23,0.26,-0.49,-0.005,0.133,-0.138,-0.432,0.296,-0.728,-0.557,0.339,-0.896,0.465,-0.842,1.307,-0.847,0.128,-0.975,-0.242,0.201,-0.443
659484,All Gamers,TYLOO,1,0.6,0.611,-0.011,0.5,0.6,-0.1,-3.2,0.8,-4.0,3.0,2,1,9,3,1.0,1.0,-0.0,202.8,201.5,1.3,1.04,1.01,0.02,0.72,0.72,-0.01,130.2,134.0,-3.8,0.7,0.7,0.0,0.28,0.3,-0.02,1.06,0.947,0.113,0.339,0.704,-0.365,0.51,0.322,0.188,0.42,0.112,0.308,0.272,0.786,-0.514,-0.07,0.71,-0.78,0.401,0.181,0.22,0.247,0.986,-0.739,0.553,-0.441,0.994,0.375,0.444,-0.069
659485,JD Gaming,Dragon Ranger Gaming,0,0.556,0.429,0.127,0.5,0.4,0.1,-0.2,-2.0,1.8,-6.5,0,2,-13,2,1.0,1.0,-0.0,193.2,197.5,-4.3,0.96,0.98,-0.02,0.7,0.72,-0.02,125.8,128.7,-2.9,0.7,0.7,-0.0,0.29,0.31,-0.02,0.832,0.985,-0.153,-0.718,-0.177,-0.541,-0.875,-0.255,-0.62,-0.71,-0.369,-0.341,-0.687,0.435,-1.122,-0.964,-0.381,-0.583,-0.82,-0.244,-0.576,0.829,1.47,-0.641,-1.577,-0.092,-1.485,-0.706,-0.115,-0.591
659479,All Gamers,EDward Gaming,0,0.643,0.688,-0.045,0.5,0.7,-0.2,1.6,3.6,-2.0,-6.5,0,2,-13,2,1.0,1.0,0.0,202.8,201.8,1.0,1.04,1.01,0.02,0.72,0.71,0.01,130.2,130.8,-0.6,0.7,0.7,0.0,0.28,0.29,-0.01,1.06,0.973,0.087,0.339,-0.086,0.425,0.51,0.37,0.14,0.42,0.112,0.308,0.272,-0.256,0.528,-0.07,0.063,-0.133,0.401,0.287,0.114,0.247,0.804,-0.557,0.553,-0.197,0.75,0.375,0.116,0.259
659478,Xi Lai Gaming,JD Gaming,1,0.769,0.588,0.181,0.8,0.6,0.2,7.6,1.8,5.8,10.5,2,0,21,2,1.0,1.0,0.0,204.2,193.2,11.0,1.02,0.96,0.06,0.71,0.7,0.01,130.6,125.8,4.8,0.7,0.7,0.0,0.26,0.29,-0.04,1.083,0.832,0.251,-0.147,-0.718,0.571,0.707,-0.875,1.582,0.158,-0.71,0.868,0.087,-0.687,0.774,0.012,-0.964,0.976,0.443,-0.82,1.263,-0.467,0.829,-1.296,0.745,-1.577,2.322,0.206,-0.706,0.912
645497,G2 Esports,ENVY,1,0.562,0.375,0.188,0.5,0.375,0.125,1.0,-4.0,5.0,8.0,2,0,16,2,1.0,0.8,0.2,201.8,177.0,24.8,1.05,0.8,0.25,0.73,0.68,0.05,132.9,112.1,20.8,0.7,0.6,0.1,0.29,0.25,0.04,1.034,0.91,0.124,0.631,-3.855,4.486,0.366,-3.213,3.579,0.552,-3.155,3.707,0.975,-2.143,3.118,0.475,-3.746,4.221,0.401,-3.041,3.442,0.683,-0.77,1.453,0.335,-0.789,1.124,0.584,-2.794,3.378
645496,LOUD,Cloud9,1,0.167,0.5,-0.333,0.167,0.5,-0.333,-8.4,-3.6,-4.8,3.0,2,1,9,3,1.0,1.0,0.1,197.0,191.0,6.0,1.04,0.96,0.08,0.71,0.72,-0.01,130.3,124.7,5.6,0.7,0.7,0.0,0.3,0.29,0.01,1.085,0.986,0.099,0.75,-0.463,1.213,-0.327,-1.193,0.866,0.413,-0.652,1.065,0.203,0.692,-0.489,-0.051,-1.184,1.133,-0.217,-0.952,0.735,1.228,0.756,0.472,0.758,-0.083,0.841,0.313,-0.499,0.812
659483,Trace Esports,Dragon Ranger Gaming,0,0.385,0.385,0.0,0.4,0.3,0.1,-2.6,-2.8,0.2,-6.5,0,2,-13,2,1.0,1.0,-0.0,197.8,197.5,0.3,0.96,0.98,-0.02,0.7,0.72,-0.02,129.4,128.7,0.7,0.7,0.7,0.0,0.27,0.31,-0.04,0.99,0.985,0.005,-0.573,-0.177,-0.396,-0.212,-0.255,0.043,-0.71,-0.369,-0.341,-0.956,0.435,-1.391,-0.232,-0.381,0.149,-0.169,-0.244,0.075,0.029,1.47,-1.441,-0.048,-0.092,0.044,-0.448,-0.115,-0.333
644682,Rex Regum Qeon,DetonatioN FocusMe,1,0.583,0.545,0.038,0.6,0.5,0.1,0.0,-4.0,4.0,1.7,2,1,5,3,1.0,1.0,0.0,195.6,198.0,-2.4,0.99,0.97,0.02,0.71,0.71,0.01,128.4,128.4,0.0,0.7,0.7,-0.0,0.28,0.26,0.02,0.904,0.946,-0.042,-0.025,-0.354,0.329,-0.529,-0.183,-0.346,-0.23,-0.51,0.28,-0.005,-0.416,0.411,-0.432,-0.432,0.0,-0.557,-0.362,-0.195,0.465,-0.261,0.726,-0.847,-0.447,-0.4,-0.242,-0.358,0.116
659482,Titan Esports Club,TYLOO,0,0.308,0.588,-0.281,0.3,0.6,-0.3,-0.2,1.4,-1.6,-0.3,1,2,-1,3,1.0,1.0,-0.0,202.0,201.5,0.5,0.99,1.01,-0.02,0.7,0.72,-0.02,132.7,134.0,-1.3,0.7,0.7,0.0,0.28,0.3,-0.02,0.822,0.947,-0.125,-0.098,0.704,-0.802,0.394,0.322,0.072,-0.23,0.112,-0.342,-0.822,0.786,-1.608,0.434,0.71,-0.276,0.276,0.181,0.095,0.32,0.986,-0.666,-1.683,-0.441,-1.242,-0.198,0.444,-0.642
644681,Paper Rex,KIWOOM DRX,1,0.773,0.7,0.073,0.7,0.7,0.0,2.2,3.4,-1.2,8.0,2,0,16,2,1.1,1.0,0.1,205.8,197.0,8.8,1.09,1.0,0.09,0.73,0.72,0.01,136.9,132.0,4.9,0.7,0.7,0.0,0.27,0.25,0.02,1.138,0.1,1.038,0.886,0.0,0.886,0.943,0.0,0.943,1.116,0.0,1.116,1.26,0.0,1.26,1.301,0.0,1.301,1.079,0.0,1.079,-0.116,0.0,-0.116,1.178,0.0,1.178,1.052,0.0,1.052
645495,FURIA,Sentinels,1,0.667,0.429,0.238,0.667,0.429,0.238,-2.0,-1.0,-1.0,3.0,2,1,9,3,1.1,1.0,0.1,202.7,193.2,9.5,1.09,1.01,0.08,0.74,0.71,0.03,134.5,128.9,5.6,0.7,0.7,0.0,0.31,0.27,0.04,0.947,0.905,0.042,1.373,0.157,1.216,0.491,-0.868,1.359,1.049,0.011,1.038,1.742,-0.313,2.055,0.815,-0.335,1.15,0.547,-0.869,1.416,1.289,-0.134,1.423,-0.441,-0.837,0.396,0.855,-0.356,1.211
645494,KRÜ Esports,100 Thieves,0,0.5,0.545,-0.045,0.5,0.5,0.0,1.8,-1.0,2.8,-4.3,1,2,-13,3,1.1,1.0,0.0,208.5,200.6,7.9,1.18,1.08,0.1,0.7,0.73,-0.03,136.9,130.8,6.1,0.8,0.7,0.1,0.2,0.3,-0.1,1.225,1.07,0.155,1.616,0.85,0.766,1.332,0.192,1.14,2.122,0.914,1.208,-0.822,1.548,-2.37,1.307,0.06,1.247,2.0,0.339,1.661,-2.586,1.119,-3.705,1.826,0.636,1.19,1.073,0.788,0.285
644680,Nongshim RedForce,Global Esports,0,0.833,0.5,0.333,0.8,0.5,0.3,6.6,0.0,6.6,-2.7,1,2,-8,3,1.0,1.0,0.0,201.6,201.0,0.6,1.04,1.03,0.02,0.72,0.71,0.0,130.5,132.0,-1.5,0.7,0.7,0.0,0.28,0.25,0.03,1.01,1.01,0.0,0.412,0.266,0.146,0.337,0.25,0.087,0.499,0.26,0.239,0.411,0.133,0.278,-0.005,0.296,-0.301,0.401,0.339,0.062,0.32,-0.842,1.162,0.128,0.128,0.0,0.437,0.201,0.236
659477,EDward Gaming,Dragon Ranger Gaming,1,0.667,0.417,0.25,0.7,0.4,0.3,3.8,1.2,2.6,2.0,2,1,6,3,1.0,1.0,0.0,201.8,197.5,4.3,1.01,0.98,0.03,0.71,0.72,-0.01,130.8,128.7,2.1,0.7,0.7,0.0,0.29,0.31,-0.02,0.973,0.985,-0.012,-0.086,-0.177,0.091,0.37,-0.255,0.625,0.112,-0.369,0.481,-0.256,0.435,-0.691,0.063,-0.381,0.444,0.287,-0.244,0.531,0.804,1.47,-0.666,-0.197,-0.092,-0.105,0.116,-0.115,0.231
659476,All Gamers,Trace Esports,1,0.615,0.417,0.199,0.5,0.4,0.1,-4.2,-0.8,-3.4,7.0,2,0,14,2,1.0,1.0,0.1,202.8,197.8,5.0,1.04,0.96,0.08,0.72,0.7,0.02,130.2,129.4,0.8,0.7,0.7,0.0,0.28,0.27,0.01,1.06,0.99,0.07,0.339,-0.573,0.912,0.51,-0.212,0.722,0.42,-0.71,1.13,0.272,-0.956,1.228,-0.07,-0.232,0.162,0.401,-0.169,0.57,0.247,0.029,0.218,0.553,-0.048,0.601,0.375,-0.448,0.823
644679,T1,FULL SENSE,1,0.769,0.556,0.214,0.8,0.556,0.244,6.4,2.4,4.0,2.0,2,1,6,3,1.0,1.0,0.0,196.2,205.5,-9.3,1.03,1.03,-0.0,0.72,0.71,0.01,128.7,132.5,-3.8,0.7,0.7,-0.0,0.29,0.23,0.06,1.09,1.08,0.01,0.035,0.02,0.015,-0.447,0.899,-1.346,0.314,0.38,-0.066,0.668,0.203,0.465,-0.381,0.402,-0.783,-0.297,0.804,-1.101,0.683,-1.587,2.27,0.799,0.718,0.081,0.18,0.261,-0.081
645493,LEVIATÁN,MIBR,0,0.625,0.5,0.125,0.625,0.5,0.125,4.2,-3.0,7.2,-3.0,0,2,-6,2,1.1,1.0,0.0,202.6,203.8,-1.2,1.13,1.05,0.08,0.74,0.73,0.01,132.7,134.1,-1.4,0.7,0.7,0.0,0.29,0.29,0.0,1.232,1.03,0.202,1.069,0.613,0.456,0.481,0.647,-0.166,1.562,0.545,1.017,2.133,1.081,1.052,0.443,0.722,-0.279,0.588,0.573,0.015,0.683,0.592,0.091,1.876,0.301,1.575,1.083,0.608,0.475
645492,Evil Geniuses,NRG,0,0.25,0.562,-0.312,0.25,0.5,-0.25,-5.0,-5.0,0.0,-4.5,0,2,-9,2,1.0,1.0,-0.1,192.8,197.2,-4.4,0.94,1.04,-0.1,0.7,0.73,-0.04,128.5,129.9,-1.4,0.7,0.7,-0.0,0.26,0.3,-0.04,1.006,1.118,-0.112,-0.755,0.704,-1.459,-0.933,-0.298,-0.635,-0.941,0.447,-1.388,-1.09,1.404,-2.494,-0.411,-0.123,-0.288,-0.952,-0.105,-0.847,-0.479,0.974,-1.453,0.093,1.022,-0.929,-0.778,0.538,-1.316
644739,Gentle Mates,Team Liquid,0,0.615,0.667,-0.051,0.5,0.7,-0.2,-3.0,1.2,-4.2,-4.5,0,2,-9,2,1.1,1.0,0.0,207.3,201.8,5.5,1.05,1.05,-0.0,0.73,0.73,-0.01,136.1,134.8,1.3,0.7,0.7,0.0,0.29,0.29,0.0,0.947,1.054,-0.107,0.947,0.777,0.17,1.164,0.366,0.798,0.621,0.63,-0.009,1.022,1.404,-0.382,1.127,0.865,0.262,1.059,0.276,0.783,0.683,0.538,0.145,-0.441,0.503,-0.944,0.807,0.673,0.134
644738,GIANTX,Eternal Fire,0,0.417,0.636,-0.22,0.4,0.6,-0.2,-5.0,2.2,-7.2,-2.5,0,2,-5,2,1.0,1.0,-0.0,195.7,199.8,-4.1,0.97,0.95,0.02,0.69,0.69,0.0,127.3,131.4,-4.1,0.7,0.7,-0.0,0.23,0.26,-0.03,0.94,1.03,-0.09,-0.755,-0.527,-0.228,-0.519,0.07,-0.589,-0.463,-0.76,0.297,-1.708,-1.817,0.109,-0.649,0.183,-0.832,-0.083,-0.057,-0.026,-1.496,-0.406,-1.09,-0.503,0.301,-0.804,-0.718,-0.373,-0.345
644678,VARREL,ZETA DIVISION,0,0.0,0.125,-0.125,0.0,0.125,-0.125,-6.6,-8.8,2.2,-1.7,1,2,-5,3,1.0,0.9,0.0,192.5,194.8,-2.3,0.95,0.91,0.05,0.69,0.69,-0.01,125.5,127.2,-1.7,0.7,0.7,-0.0,0.26,0.27,-0.01,1.058,0.875,0.183,-0.725,-1.302,0.577,-0.976,-0.652,-0.324,-0.748,-1.462,0.714,-1.488,-1.157,-0.331,-1.015,-0.686,-0.329,-1.008,-0.869,-0.139,-0.588,-0.225,-0.363,0.539,-1.134,1.673,-0.815,-1.096,0.281
659475,JD Gaming,TYLOO,1,0.562,0.625,-0.062,0.6,0.6,0.0,-3.4,5.4,-8.8,3.3,2,1,10,3,1.0,1.0,-0.1,193.2,201.5,-8.3,0.96,1.01,-0.06,0.7,0.72,-0.02,125.8,134.0,-8.2,0.7,0.7,-0.0,0.29,0.3,-0.0,0.832,0.947,-0.115,-0.718,0.704,-1.422,-0.875,0.322,-1.197,-0.71,0.112,-0.822,-0.687,0.786,-1.473,-0.964,0.71,-1.674,-0.82,0.181,-1.001,0.829,0.986,-0.157,-1.577,-0.441,-1.136,-0.706,0.444,-1.15
659474,Xi Lai Gaming,Titan Esports Club,1,0.75,0.333,0.417,0.7,0.3,0.4,6.6,-0.2,6.8,5.0,2,0,10,2,1.0,1.0,-0.0,204.2,202.0,2.2,1.02,0.99,0.03,0.71,0.7,0.01,130.6,132.7,-2.1,0.7,0.7,0.0,0.26,0.28,-0.02,1.083,0.822,0.261,-0.147,-0.098,-0.049,0.707,0.394,0.313,0.158,-0.23,0.388,0.087,-0.822,0.909,0.012,0.434,-0.422,0.443,0.276,0.167,-0.467,0.32,-0.787,0.745,-1.683,2.428,0.206,-0.198,0.404
644677,Gen.G,Team Secret,0,0.222,0.0,0.222,0.222,0.0,0.222,-4.8,-7.8,3.0,-2.0,1,2,-6,3,1.0,0.9,0.1,201.5,200.0,1.5,1.0,0.92,0.09,0.72,0.69,0.02,130.6,133.7,-3.1,0.7,0.7,0.0,0.26,0.21,0.05,1.018,0.995,0.023,0.005,-1.576,1.581,0.322,0.106,0.216,-0.023,-1.311,1.288,0.435,-1.157,1.592,0.005,0.646,-0.641,0.023,0.023,0.0,-0.285,-2.223,1.938,0.201,-0.003,0.204,0.045,-0.868,0.913
644737,BBL Esports,FNATIC,0,0.636,0.727,-0.091,0.6,0.8,-0.2,-2.0,3.0,-5.0,-9.0,0,2,-18,2,1.0,1.0,0.0,197.5,205.8,-8.3,1.0,1.05,-0.05,0.71,0.7,0.01,128.8,135.8,-7.0,0.7,0.7,-0.0,0.34,0.22,0.12,0.835,1.042,-0.207,0.431,0.385,0.046,-0.255,0.935,-1.19,-0.023,0.578,-0.601,-0.142,-0.653,0.511,-0.34,1.068,-1.408,-0.297,0.881,-1.178,2.318,-1.859,4.177,-1.545,0.407,-1.952,0.027,0.384,-0.357
644736,Natus Vincere,Karmine Corp,1,0.273,0.1,0.173,0.2,0.1,0.1,-4.2,-7.8,3.6,4.0,2,0,8,2,1.1,1.0,0.1,220.5,197.6,22.9,1.18,1.04,0.14,0.71,0.72,-0.01,145.7,128.8,16.9,0.8,0.7,0.1,0.27,0.26,0.0,1.045,1.088,-0.043,2.528,0.084,2.444,3.064,-0.24,3.304,2.122,0.447,1.675,0.203,0.833,-0.63,3.086,-0.346,3.432,2.716,0.023,2.693,-0.225,-0.334,0.109,0.428,0.783,-0.355,1.837,0.096,1.741
644735,Team Vitality,PCIFIC Esports,1,0.538,0.0,0.538,0.5,0.0,0.5,1.6,-6.0,7.6,8.5,2,0,17,2,1.0,1.0,0.0,205.0,197.0,8.0,1.09,1.0,0.09,0.73,0.72,0.01,135.3,132.0,3.3,0.7,0.7,0.0,0.27,0.25,0.02,1.124,0.1,1.024,0.814,0.0,0.814,0.827,0.0,0.827,1.091,0.0,1.091,0.975,0.0,0.975,0.963,0.0,0.963,0.835,0.0,0.835,0.029,0.0,0.029,1.069,0.0,1.069,0.884,0.0,0.884
644734,Team Heretics,FUT Esports,1,0.5,0.636,-0.136,0.5,0.7,-0.2,-0.4,2.8,-3.2,6.5,2,0,13,2,1.0,1.0,0.0,203.3,196.0,7.3,1.04,0.98,0.06,0.73,0.71,0.02,134.5,128.9,5.6,0.7,0.7,0.0,0.25,0.26,-0.01,1.163,1.006,0.157,0.461,-0.427,0.888,0.587,-0.471,1.058,0.447,-0.341,0.788,1.26,-0.416,1.676,0.802,-0.322,1.124,0.65,-0.297,0.947,-0.77,-0.406,-0.364,1.371,0.093,1.278,0.618,-0.294,0.912
645491,MIBR,Cloud9,0,0.571,0.444,0.127,0.571,0.444,0.127,-1.4,-5.6,4.2,-2.0,0,2,-4,2,1.0,1.0,0.1,203.8,191.0,12.8,1.05,0.96,0.09,0.73,0.72,0.01,134.1,124.7,9.4,0.7,0.7,0.0,0.29,0.29,-0.01,1.03,0.986,0.044,0.613,-0.463,1.076,0.647,-1.193,1.84,0.545,-0.652,1.197,1.081,0.692,0.389,0.722,-1.184,1.906,0.573,-0.952,1.525,0.592,0.756,-0.164,0.301,-0.083,0.384,0.608,-0.499,1.107
645490,Evil Geniuses,Sentinels,0,0.286,0.333,-0.048,0.286,0.333,-0.048,-1.4,-1.2,-0.2,-4.0,0,2,-8,2,1.0,1.0,-0.1,192.8,193.2,-0.4,0.94,1.01,-0.07,0.7,0.71,-0.01,128.5,128.9,-0.4,0.7,0.7,-0.0,0.26,0.27,-0.01,1.006,0.905,0.101,-0.755,0.157,-0.912,-0.933,-0.868,-0.065,-0.941,0.011,-0.952,-1.09,-0.313,-0.777,-0.411,-0.335,-0.076,-0.952,-0.869,-0.083,-0.479,-0.134,-0.345,0.093,-0.837,0.93,-0.778,-0.356,-0.422
644676,Nongshim RedForce,Team Secret,1,0.818,0.0,0.818,0.8,0.0,0.8,6.2,-9.4,15.6,2.7,2,1,8,3,1.0,0.9,0.1,201.6,200.0,1.6,1.04,0.92,0.13,0.72,0.69,0.02,130.5,133.7,-3.2,0.7,0.7,0.0,0.28,0.21,0.07,1.01,0.995,0.015,0.412,-1.576,1.988,0.337,0.106,0.231,0.499,-1.311,1.81,0.411,-1.157,1.568,-0.005,0.646,-0.651,0.401,0.023,0.378,0.32,-2.223,2.543,0.128,-0.003,0.131,0.437,-0.868,1.305
644675,T1,ZETA DIVISION,1,0.75,0.143,0.607,0.8,0.143,0.657,6.8,-5.8,12.6,6.5,2,0,13,2,1.0,0.9,0.1,196.2,194.8,1.4,1.03,0.91,0.12,0.72,0.69,0.03,128.7,127.2,1.5,0.7,0.7,0.0,0.29,0.27,0.02,1.09,0.875,0.215,0.035,-1.302,1.337,-0.447,-0.652,0.205,0.314,-1.462,1.776,0.668,-1.157,1.825,-0.381,-0.686,0.305,-0.297,-0.869,0.572,0.683,-0.225,0.908,0.799,-1.134,1.933,0.18,-1.096,1.276
645489,NRG,100 Thieves,1,0.533,0.6,-0.067,0.5,0.6,-0.1,-6.2,1.8,-8.0,3.3,2,1,10,3,1.0,1.0,-0.0,197.2,200.6,-3.4,1.04,1.08,-0.04,0.73,0.73,-0.0,129.9,130.8,-0.9,0.7,0.7,-0.0,0.3,0.3,-0.0,1.118,1.07,0.048,0.704,0.85,-0.146,-0.298,0.192,-0.49,0.447,0.914,-0.467,1.404,1.548,-0.144,-0.123,0.06,-0.183,-0.105,0.339,-0.444,0.974,1.119,-0.145,1.022,0.636,0.386,0.538,0.788,-0.25
645488,FURIA,KRÜ Esports,0,0.75,0.4,0.35,0.75,0.4,0.35,-0.4,-2.6,2.2,-6.0,0,2,-12,2,1.1,1.1,-0.0,202.7,208.5,-5.8,1.09,1.18,-0.09,0.74,0.7,0.04,134.5,136.9,-2.4,0.7,0.8,-0.0,0.31,0.2,0.11,0.947,1.225,-0.278,1.373,1.616,-0.243,0.491,1.332,-0.841,1.049,2.122,-1.073,1.742,-0.822,2.564,0.815,1.307,-0.492,0.547,2.0,-1.453,1.289,-2.586,3.875,-0.441,1.826,-2.267,0.855,1.073,-0.218
644674,DetonatioN FocusMe,VARREL,1,0.5,0.0,0.5,0.5,0.0,0.5,-6.4,-7.6,1.2,1.0,2,1,3,3,1.0,1.0,0.0,198.0,192.5,5.5,0.97,0.95,0.02,0.71,0.69,0.02,128.4,125.5,2.9,0.7,0.7,0.0,0.26,0.26,0.01,0.946,1.058,-0.112,-0.354,-0.725,0.371,-0.183,-0.976,0.793,-0.51,-0.748,0.238,-0.416,-1.488,1.072,-0.432,-1.015,0.583,-0.362,-1.008,0.646,-0.261,-0.588,0.327,-0.447,0.539,-0.986,-0.358,-0.815,0.457
644673,Gen.G,KIWOOM DRX,0,0.25,0.667,-0.417,0.25,0.667,-0.417,-4.8,7.2,-12.0,1.7,1,2,5,3,1.0,1.0,0.0,201.5,197.0,4.5,1.0,1.0,0.0,0.72,0.72,-0.0,130.6,132.0,-1.4,0.7,0.7,0.0,0.26,0.25,0.01,1.018,0.1,0.918,0.005,0.0,0.005,0.322,0.0,0.322,-0.023,0.0,-0.023,0.435,0.0,0.435,0.005,0.0,0.005,0.023,0.0,0.023,-0.285,0.0,-0.285,0.201,0.0,0.201,0.045,0.0,0.045
645487,G2 Esports,LOUD,1,0.533,0.2,0.333,0.5,0.2,0.3,-0.8,-8.6,7.8,3.5,2,0,7,2,1.0,1.0,-0.0,201.8,197.0,4.8,1.05,1.04,0.01,0.73,0.71,0.01,132.9,130.3,2.6,0.7,0.7,0.0,0.29,0.3,-0.02,1.034,1.085,-0.051,0.631,0.75,-0.119,0.366,-0.327,0.693,0.552,0.413,0.139,0.975,0.203,0.772,0.475,-0.051,0.526,0.401,-0.217,0.618,0.683,1.228,-0.545,0.335,0.758,-0.423,0.584,0.313,0.271
645486,LEVIATÁN,ENVY,1,0.571,0.429,0.143,0.571,0.429,0.143,3.0,1.2,1.8,9.0,2,0,18,2,1.1,0.8,0.3,202.6,177.0,25.6,1.13,0.8,0.33,0.74,0.68,0.06,132.7,112.1,20.6,0.7,0.6,0.1,0.29,0.25,0.04,1.232,0.91,0.322,1.069,-3.855,4.924,0.481,-3.213,3.694,1.562,-3.155,4.717,2.133,-2.143,4.276,0.443,-3.746,4.189,0.588,-3.041,3.629,0.683,-0.77,1.453,1.876,-0.789,2.665,1.083,-2.794,3.877
644733,BBL Esports,Team Vitality,1,0.6,0.583,0.017,0.6,0.5,0.1,-2.2,5.8,-8.0,2.0,2,1,6,3,1.0,1.0,-0.0,197.5,205.0,-7.5,1.0,1.09,-0.09,0.71,0.73,-0.02,128.8,135.3,-6.5,0.7,0.7,-0.0,0.34,0.27,0.06,0.835,1.124,-0.289,0.431,0.814,-0.383,-0.255,0.827,-1.082,-0.023,1.091,-1.114,-0.142,0.975,-1.117,-0.34,0.963,-1.303,-0.297,0.835,-1.132,2.318,0.029,2.289,-1.545,1.069,-2.614,0.027,0.884,-0.857
644732,Gentle Mates,Team Heretics,0,0.667,0.444,0.222,0.6,0.444,0.156,-1.8,0.6,-2.4,-6.0,0,2,-12,2,1.1,1.0,0.0,207.3,203.3,4.0,1.05,1.04,0.01,0.73,0.73,-0.0,136.1,134.5,1.6,0.7,0.7,0.0,0.29,0.25,0.04,0.947,1.163,-0.216,0.947,0.461,0.486,1.164,0.587,0.577,0.621,0.447,0.174,1.022,1.26,-0.238,1.127,0.802,0.325,1.059,0.65,0.409,0.683,-0.77,1.453,-0.441,1.371,-1.812,0.807,0.618,0.189
644672,Paper Rex,Global Esports,1,0.762,0.556,0.206,0.7,0.556,0.144,1.6,3.4,-1.8,7.5,2,0,15,2,1.1,1.0,0.0,205.8,201.0,4.8,1.09,1.03,0.07,0.73,0.71,0.02,136.9,132.0,4.9,0.7,0.7,0.0,0.27,0.25,0.02,1.138,1.01,0.128,0.886,0.266,0.62,0.943,0.25,0.693,1.116,0.26,0.856,1.26,0.133,1.127,1.301,0.296,1.005,1.079,0.339,0.74,-0.116,-0.842,0.726,1.178,0.128,1.05,1.052,0.201,0.851
644671,Rex Regum Qeon,FULL SENSE,1,0.545,0.625,-0.08,0.6,0.625,-0.025,-5.6,3.2,-8.8,3.0,2,1,9,3,1.0,1.0,-0.0,195.6,205.5,-9.9,0.99,1.03,-0.04,0.71,0.71,-0.0,128.4,132.5,-4.1,0.7,0.7,-0.0,0.28,0.23,0.06,0.904,1.08,-0.176,-0.025,0.02,-0.045,-0.529,0.899,-1.428,-0.23,0.38,-0.61,-0.005,0.203,-0.208,-0.432,0.402,-0.834,-0.557,0.804,-1.361,0.465,-1.587,2.052,-0.847,0.718,-1.565,-0.242,0.261,-0.503
644731,Karmine Corp,FUT Esports,0,0.111,0.6,-0.489,0.111,0.6,-0.489,-6.2,4.6,-10.8,-1.3,1,2,-4,3,1.0,1.0,0.0,197.6,196.0,1.6,1.04,0.98,0.06,0.72,0.71,0.02,128.8,128.9,-0.1,0.7,0.7,0.0,0.26,0.26,0.0,1.088,1.006,0.082,0.084,-0.427,0.511,-0.24,-0.471,0.231,0.447,-0.341,0.788,0.833,-0.416,1.249,-0.346,-0.322,-0.024,0.023,-0.297,0.32,-0.334,-0.406,0.072,0.783,0.093,0.69,0.096,-0.294,0.39
644730,GIANTX,FNATIC,0,0.455,0.7,-0.245,0.5,0.7,-0.2,-7.6,1.8,-9.4,0.0,1,2,0,3,1.0,1.0,-0.1,195.7,205.8,-10.1,0.97,1.05,-0.08,0.69,0.7,-0.02,127.3,135.8,-8.5,0.7,0.7,-0.0,0.23,0.22,0.01,0.94,1.042,-0.102,-0.755,0.385,-1.14,-0.519,0.935,-1.454,-0.463,0.578,-1.041,-1.708,-0.653,-1.055,-0.649,1.068,-1.717,-0.083,0.881,-0.964,-1.496,-1.859,0.363,-0.503,0.407,-0.91,-0.718,0.384,-1.102
644729,Natus Vincere,Team Liquid,0,0.3,0.643,-0.343,0.3,0.7,-0.4,-5.6,-2.4,-3.2,-2.0,1,2,-6,3,1.1,1.0,0.1,220.5,201.8,18.7,1.18,1.05,0.12,0.71,0.73,-0.02,145.7,134.8,10.9,0.8,0.7,0.1,0.27,0.29,-0.02,1.045,1.054,-0.009,2.528,0.777,1.751,3.064,0.366,2.698,2.122,0.63,1.492,0.203,1.404,-1.201,3.086,0.865,2.221,2.716,0.276,2.44,-0.225,0.538,-0.763,0.428,0.503,-0.075,1.837,0.673,1.164
644728,Eternal Fire,PCIFIC Esports,1,0.6,0.0,0.6,0.6,0.0,0.6,2.6,-7.2,9.8,0.0,2,1,0,3,1.0,1.0,-0.0,199.8,197.0,2.8,0.95,1.0,-0.05,0.69,0.72,-0.03,131.4,132.0,-0.6,0.7,0.7,-0.0,0.26,0.25,0.01,1.03,0.1,0.93,-0.527,0.0,-0.527,0.07,0.0,0.07,-0.76,0.0,-0.76,-1.817,0.0,-1.817,0.183,0.0,0.183,-0.057,0.0,-0.057,-0.406,0.0,-0.406,0.301,0.0,0.301,-0.373,0.0,-0.373
645485,100 Thieves,Sentinels,0,0.667,0.2,0.467,0.667,0.2,0.467,1.6,-4.2,5.8,-2.5,0,2,-5,2,1.0,1.0,0.0,200.6,193.2,7.4,1.08,1.01,0.07,0.73,0.71,0.03,130.8,128.9,1.9,0.7,0.7,0.0,0.3,0.27,0.03,1.07,0.905,0.165,0.85,0.157,0.693,0.192,-0.868,1.06,0.914,0.011,0.903,1.548,-0.313,1.861,0.06,-0.335,0.395,0.339,-0.869,1.208,1.119,-0.134,1.253,0.636,-0.837,1.473,0.788,-0.356,1.144
645484,NRG,KRÜ Esports,0,0.571,0.25,0.321,0.6,0.25,0.35,-4.2,-5.2,1.0,-4.0,0,2,-8,2,1.0,1.1,-0.1,197.2,208.5,-11.3,1.04,1.18,-0.14,0.73,0.7,0.03,129.9,136.9,-7.0,0.7,0.8,-0.1,0.3,0.2,0.1,1.118,1.225,-0.107,0.704,1.616,-0.912,-0.298,1.332,-1.63,0.447,2.122,-1.675,1.404,-0.822,2.226,-0.123,1.307,-1.43,-0.105,2.0,-2.105,0.974,-2.586,3.56,1.022,1.826,-0.804,0.538,1.073,-0.535
642945,All Gamers,Xi Lai Gaming,0,0.667,0.727,-0.061,0.6,0.7,-0.1,-2.0,7.2,-9.2,-2.7,1,2,-8,3,1.0,1.0,0.0,202.8,204.2,-1.4,1.04,1.02,0.02,0.72,0.71,0.0,130.2,130.6,-0.4,0.7,0.7,-0.0,0.28,0.26,0.02,1.06,1.083,-0.023,0.339,-0.147,0.486,0.51,0.707,-0.197,0.42,0.158,0.262,0.272,0.087,0.185,-0.07,0.012,-0.082,0.401,0.443,-0.042,0.247,-0.467,0.714,0.553,0.745,-0.192,0.375,0.206,0.169
644670,Nongshim RedForce,Gen.G,1,0.8,0.286,0.514,0.8,0.286,0.514,3.6,-2.4,6.0,7.5,2,0,15,2,1.0,1.0,0.0,201.6,201.5,0.1,1.04,1.0,0.04,0.72,0.72,0.0,130.5,130.6,-0.1,0.7,0.7,0.0,0.28,0.26,0.02,1.01,1.018,-0.008,0.412,0.005,0.407,0.337,0.322,0.015,0.499,-0.023,0.522,0.411,0.435,-0.024,-0.005,0.005,-0.01,0.401,0.023,0.378,0.32,-0.285,0.605,0.128,0.201,-0.073,0.437,0.045,0.392
642948,Titan Esports Club,Trace Esports,0,0.364,0.364,0.0,0.4,0.4,0.0,0.0,0.2,-0.2,-1.3,1,2,-4,3,1.0,1.0,0.0,202.0,197.8,4.2,0.99,0.96,0.03,0.7,0.7,0.0,132.7,129.4,3.3,0.7,0.7,0.0,0.28,0.27,0.01,0.822,0.99,-0.168,-0.098,-0.573,0.475,0.394,-0.212,0.606,-0.23,-0.71,0.48,-0.822,-0.956,0.134,0.434,-0.232,0.666,0.276,-0.169,0.445,0.32,0.029,0.291,-1.683,-0.048,-1.635,-0.198,-0.448,0.25
644669,Rex Regum Qeon,T1,0,0.6,0.727,-0.127,0.6,0.8,-0.2,-7.0,3.8,-10.8,-4.0,0,2,-8,2,1.0,1.0,-0.0,195.6,196.2,-0.6,0.99,1.03,-0.04,0.71,0.72,-0.01,128.4,128.7,-0.3,0.7,0.7,-0.0,0.28,0.29,-0.01,0.904,1.09,-0.186,-0.025,0.035,-0.06,-0.529,-0.447,-0.082,-0.23,0.314,-0.544,-0.005,0.668,-0.673,-0.432,-0.381,-0.051,-0.557,-0.297,-0.26,0.465,0.683,-0.218,-0.847,0.799,-1.646,-0.242,0.18,-0.422
645483,MIBR,LOUD,1,0.5,0.25,0.25,0.5,0.25,0.25,-3.8,-7.8,4.0,6.0,2,0,12,2,1.0,1.0,-0.0,203.8,197.0,6.8,1.05,1.04,0.01,0.73,0.71,0.01,134.1,130.3,3.8,0.7,0.7,0.0,0.29,0.3,-0.02,1.03,1.085,-0.055,0.613,0.75,-0.137,0.647,-0.327,0.974,0.545,0.413,0.132,1.081,0.203,0.878,0.722,-0.051,0.773,0.573,-0.217,0.79,0.592,1.228,-0.636,0.301,0.758,-0.457,0.608,0.313,0.295
645482,G2 Esports,LEVIATÁN,0,0.571,0.5,0.071,0.6,0.5,0.1,1.8,0.6,1.2,1.0,1,2,3,3,1.0,1.1,-0.0,201.8,202.6,-0.8,1.05,1.13,-0.08,0.73,0.74,-0.02,132.9,132.7,0.2,0.7,0.7,-0.0,0.29,0.29,0.0,1.034,1.232,-0.198,0.631,1.069,-0.438,0.366,0.481,-0.115,0.552,1.562,-1.01,0.975,2.133,-1.158,0.475,0.443,0.032,0.401,0.588,-0.187,0.683,0.683,0.0,0.335,1.876,-1.541,0.584,1.083,-0.499
642946,JD Gaming,EDward Gaming,0,0.6,0.643,-0.043,0.6,0.7,-0.1,-1.8,7.4,-9.2,-1.0,1,2,-3,3,1.0,1.0,-0.0,193.2,201.8,-8.6,0.96,1.01,-0.06,0.7,0.71,-0.01,125.8,130.8,-5.0,0.7,0.7,-0.0,0.29,0.29,0.0,0.832,0.973,-0.141,-0.718,-0.086,-0.632,-0.875,0.37,-1.245,-0.71,0.112,-0.822,-0.687,-0.256,-0.431,-0.964,0.063,-1.027,-0.82,0.287,-1.107,0.829,0.804,0.025,-1.577,-0.197,-1.38,-0.706,0.116,-0.822
644668,ZETA DIVISION,DetonatioN FocusMe,0,0.167,0.444,-0.278,0.167,0.444,-0.278,-4.8,-7.6,2.8,-3.7,1,2,-11,3,0.9,1.0,-0.1,194.8,198.0,-3.2,0.91,0.97,-0.06,0.69,0.71,-0.01,127.2,128.4,-1.2,0.7,0.7,-0.0,0.27,0.26,0.0,0.875,0.946,-0.071,-1.302,-0.354,-0.948,-0.652,-0.183,-0.469,-1.462,-0.51,-0.952,-1.157,-0.416,-0.741,-0.686,-0.432,-0.254,-0.869,-0.362,-0.507,-0.225,-0.261,0.036,-1.134,-0.447,-0.687,-1.096,-0.358,-0.738
642947,TYLOO,Dragon Ranger Gaming,1,0.6,0.455,0.145,0.6,0.4,0.2,3.8,0.8,3.0,4.5,2,0,9,2,1.0,1.0,0.0,201.5,197.5,4.0,1.01,0.98,0.03,0.72,0.72,0.01,134.0,128.7,5.3,0.7,0.7,0.0,0.3,0.31,-0.01,0.947,0.985,-0.038,0.704,-0.177,0.881,0.322,-0.255,0.577,0.112,-0.369,0.481,0.786,0.435,0.351,0.71,-0.381,1.091,0.181,-0.244,0.425,0.986,1.47,-0.484,-0.441,-0.092,-0.349,0.444,-0.115,0.559
644667,KIWOOM DRX,Global Esports,1,0.625,0.625,0.0,0.625,0.625,0.0,6.2,5.4,0.8,4.5,2,0,9,2,1.0,1.0,-0.0,197.0,201.0,-4.0,1.0,1.03,-0.03,0.72,0.71,0.01,132.0,132.0,0.0,0.7,0.7,-0.0,0.25,0.25,0.0,0.1,1.01,-0.91,0.0,0.266,-0.266,0.0,0.25,-0.25,0.0,0.26,-0.26,0.0,0.133,-0.133,0.0,0.296,-0.296,0.0,0.339,-0.339,0.0,-0.842,0.842,0.0,0.128,-0.128,0.0,0.201,-0.201
645481,FURIA,Evil Geniuses,1,0.714,0.333,0.381,0.714,0.333,0.381,-0.4,-1.0,0.6,3.0,2,1,9,3,1.1,1.0,0.1,202.7,192.8,9.9,1.09,0.94,0.15,0.74,0.7,0.04,134.5,128.5,6.0,0.7,0.7,0.0,0.31,0.26,0.05,0.947,1.006,-0.059,1.373,-0.755,2.128,0.491,-0.933,1.424,1.049,-0.941,1.99,1.742,-1.09,2.832,0.815,-0.411,1.226,0.547,-0.952,1.499,1.289,-0.479,1.768,-0.441,0.093,-0.534,0.855,-0.778,1.633
645480,Cloud9,ENVY,0,0.5,0.333,0.167,0.5,0.333,0.167,-3.8,-2.4,-1.4,-3.3,1,2,-10,3,1.0,0.8,0.2,191.0,177.0,14.0,0.96,0.8,0.16,0.72,0.68,0.04,124.7,112.1,12.6,0.7,0.6,0.1,0.29,0.25,0.04,0.986,0.91,0.076,-0.463,-3.855,3.392,-1.193,-3.213,2.02,-0.652,-3.155,2.503,0.692,-2.143,2.835,-1.184,-3.746,2.562,-0.952,-3.041,2.089,0.756,-0.77,1.526,-0.083,-0.789,0.706,-0.499,-2.794,2.295
644727,PCIFIC Esports,FNATIC,0,0.0,0.667,-0.667,0.0,0.667,-0.667,-6.2,2.2,-8.4,-5.5,0,2,-11,2,1.0,1.0,-0.0,197.0,205.8,-8.8,1.0,1.05,-0.05,0.72,0.7,0.02,132.0,135.8,-3.8,0.7,0.7,-0.0,0.25,0.22,0.03,0.1,1.042,-0.942,0.0,0.385,-0.385,0.0,0.935,-0.935,0.0,0.578,-0.578,0.0,-0.653,0.653,0.0,1.068,-1.068,0.0,0.881,-0.881,0.0,-1.859,1.859,0.0,0.407,-0.407,0.0,0.384,-0.384
644726,FUT Esports,Team Liquid,1,0.556,0.692,-0.137,0.556,0.8,-0.244,2.6,0.2,2.4,3.0,2,0,6,2,1.0,1.0,-0.1,196.0,201.8,-5.8,0.98,1.05,-0.07,0.71,0.73,-0.03,128.9,134.8,-5.9,0.7,0.7,-0.0,0.26,0.29,-0.03,1.006,1.054,-0.048,-0.427,0.777,-1.204,-0.471,0.366,-0.837,-0.341,0.63,-0.971,-0.416,1.404,-1.82,-0.322,0.865,-1.187,-0.297,0.276,-0.573,-0.406,0.538,-0.944,0.093,0.503,-0.41,-0.294,0.673,-0.967
644666,Team Secret,Paper Rex,0,0.0,0.75,-0.75,0.0,0.7,-0.7,-9.8,1.6,-11.4,-5.5,0,2,-11,2,0.9,1.1,-0.1,200.0,205.8,-5.8,0.92,1.09,-0.18,0.69,0.73,-0.04,133.7,136.9,-3.2,0.7,0.7,-0.0,0.21,0.27,-0.06,0.995,1.138,-0.143,-1.576,0.886,-2.462,0.106,0.943,-0.837,-1.311,1.116,-2.427,-1.157,1.26,-2.417,0.646,1.301,-0.655,0.023,1.079,-1.056,-2.223,-0.116,-2.107,-0.003,1.178,-1.181,-0.868,1.052,-1.92
644665,FULL SENSE,VARREL,1,0.571,0.0,0.571,0.571,0.0,0.571,-1.4,-8.0,6.6,5.0,2,0,10,2,1.0,1.0,0.0,205.5,192.5,13.0,1.03,0.95,0.08,0.71,0.69,0.03,132.5,125.5,7.0,0.7,0.7,0.1,0.23,0.26,-0.03,1.08,1.058,0.022,0.02,-0.725,0.745,0.899,-0.976,1.875,0.38,-0.748,1.128,0.203,-1.488,1.691,0.402,-1.015,1.417,0.804,-1.008,1.812,-1.587,-0.588,-0.999,0.718,0.539,0.179,0.261,-0.815,1.076
644725,Karmine Corp,Team Heretics,0,0.125,0.375,-0.25,0.125,0.375,-0.25,-3.4,-2.2,-1.2,-3.3,1,2,-10,3,1.0,1.0,-0.0,197.6,203.3,-5.7,1.04,1.04,0.0,0.72,0.73,-0.01,128.8,134.5,-5.7,0.7,0.7,-0.0,0.26,0.25,0.01,1.088,1.163,-0.075,0.084,0.461,-0.377,-0.24,0.587,-0.827,0.447,0.447,0.0,0.833,1.26,-0.427,-0.346,0.802,-1.148,0.023,0.65,-0.627,-0.334,-0.77,0.436,0.783,1.371,-0.588,0.096,0.618,-0.522
644724,Eternal Fire,Team Vitality,1,0.556,0.636,-0.081,0.556,0.6,-0.044,-0.2,9.4,-9.6,4.5,2,0,9,2,1.0,1.0,-0.1,199.8,205.0,-5.2,0.95,1.09,-0.14,0.69,0.73,-0.04,131.4,135.3,-3.9,0.7,0.7,-0.0,0.26,0.27,-0.01,1.03,1.124,-0.094,-0.527,0.814,-1.341,0.07,0.827,-0.757,-0.76,1.091,-1.851,-1.817,0.975,-2.792,0.183,0.963,-0.78,-0.057,0.835,-0.892,-0.406,0.029,-0.435,0.301,1.069,-0.768,-0.373,0.884,-1.257
642944,EDward Gaming,Xi Lai Gaming,0,0.692,0.7,-0.008,0.8,0.7,0.1,5.8,2.8,3.0,-2.3,1,2,-7,3,1.0,1.0,0.0,201.8,204.2,-2.4,1.01,1.02,-0.0,0.71,0.71,-0.01,130.8,130.6,0.2,0.7,0.7,-0.0,0.29,0.26,0.03,0.973,1.083,-0.11,-0.086,-0.147,0.061,0.37,0.707,-0.337,0.112,0.158,-0.046,-0.256,0.087,-0.343,0.063,0.012,0.051,0.287,0.443,-0.156,0.804,-0.467,1.271,-0.197,0.745,-0.942,0.116,0.206,-0.09
642943,Nova Esports,Wolves Esports,1,0.0,0.2,-0.2,0.0,0.2,-0.2,-11.2,-4.8,-6.4,4.0,2,0,8,2,1.0,1.0,0.0,207.0,197.4,9.6,1.05,0.94,0.11,0.7,0.7,0.0,132.5,129.6,2.9,0.7,0.7,0.0,0.25,0.28,-0.02,1.038,0.86,0.178,-0.281,-0.39,0.109,1.116,-0.269,1.385,0.526,-1.0,1.526,-0.552,-0.687,0.135,0.41,-0.184,0.594,0.896,-0.557,1.453,-0.624,0.175,-0.799,0.369,-1.286,1.655,0.211,-0.651,0.862
644723,Gentle Mates,Natus Vincere,1,0.636,0.333,0.303,0.6,0.333,0.267,-1.0,-7.4,6.4,4.0,2,0,8,2,1.1,1.1,-0.1,207.3,220.5,-13.2,1.05,1.18,-0.12,0.73,0.71,0.01,136.1,145.7,-9.6,0.7,0.8,-0.1,0.29,0.27,0.02,0.947,1.045,-0.098,0.947,2.528,-1.581,1.164,3.064,-1.9,0.621,2.122,-1.501,1.022,0.203,0.819,1.127,3.086,-1.959,1.059,2.716,-1.657,0.683,-0.225,0.908,-0.441,0.428,-0.869,0.807,1.837,-1.03
644722,BBL Esports,GIANTX,0,0.667,0.4,0.267,0.667,0.4,0.267,-2.6,-5.2,2.6,0.0,1,2,0,3,1.0,1.0,0.1,197.5,195.7,1.8,1.0,0.97,0.03,0.71,0.69,0.02,128.8,127.3,1.5,0.7,0.7,-0.0,0.34,0.23,0.11,0.835,0.94,-0.105,0.431,-0.755,1.186,-0.255,-0.519,0.264,-0.023,-0.463,0.44,-0.142,-1.708,1.566,-0.34,-0.649,0.309,-0.297,-0.083,-0.214,2.318,-1.496,3.814,-1.545,-0.503,-1.042,0.027,-0.718,0.745
642942,All Gamers,Bilibili Gaming,1,0.636,0.643,-0.006,0.6,0.6,0.0,-4.8,7.8,-12.6,0.7,2,1,2,3,1.0,1.0,0.0,202.8,200.4,2.4,1.04,1.0,0.04,0.72,0.7,0.02,130.2,128.2,2.0,0.7,0.7,0.0,0.28,0.28,-0.0,1.06,0.841,0.219,0.339,-0.364,0.703,0.51,0.168,0.342,0.42,-0.092,0.512,0.272,-0.822,1.094,-0.07,-0.478,0.408,0.401,0.068,0.333,0.247,0.372,-0.125,0.553,-1.478,2.031,0.375,-0.236,0.611
642941,Titan Esports Club,FunPlus Phoenix,1,0.3,0.3,0.0,0.3,0.3,0.0,-3.4,-5.2,1.8,7.0,2,0,14,2,1.0,1.0,-0.0,202.0,200.2,1.8,0.99,1.02,-0.03,0.7,0.7,-0.01,132.7,131.3,1.4,0.7,0.7,-0.0,0.28,0.22,0.06,0.822,1.123,-0.301,-0.098,0.111,-0.209,0.394,0.142,0.252,-0.23,0.214,-0.444,-0.822,-0.484,-0.338,0.434,0.153,0.281,0.276,0.339,-0.063,0.32,-1.769,2.089,-1.683,1.057,-2.74,-0.198,0.042,-0.24
642940,Trace Esports,Dragon Ranger Gaming,0,0.4,0.4,0.0,0.4,0.4,0.0,-3.2,1.6,-4.8,1.0,1,2,3,3,1.0,1.0,-0.0,197.8,197.5,0.3,0.96,0.98,-0.02,0.7,0.72,-0.02,129.4,128.7,0.7,0.7,0.7,0.0,0.27,0.31,-0.04,0.99,0.985,0.005,-0.573,-0.177,-0.396,-0.212,-0.255,0.043,-0.71,-0.369,-0.341,-0.956,0.435,-1.391,-0.232,-0.381,0.149,-0.169,-0.244,0.075,0.029,1.47,-1.441,-0.048,-0.092,0.044,-0.448,-0.115,-0.333
642939,TYLOO,JD Gaming,0,0.643,0.571,0.071,0.6,0.6,0.0,1.8,1.2,0.6,-3.5,0,2,-7,2,1.0,1.0,0.1,201.5,193.2,8.3,1.01,0.96,0.06,0.72,0.7,0.02,134.0,125.8,8.2,0.7,0.7,0.0,0.3,0.29,0.0,0.947,0.832,0.115,0.704,-0.718,1.422,0.322,-0.875,1.197,0.112,-0.71,0.822,0.786,-0.687,1.473,0.71,-0.964,1.674,0.181,-0.82,1.001,0.986,0.829,0.157,-0.441,-1.577,1.136,0.444,-0.706,1.15
645479,FURIA,NRG,1,0.667,0.615,0.051,0.667,0.6,0.067,-0.2,-0.2,0.0,4.5,2,0,9,2,1.1,1.0,0.0,202.7,197.2,5.5,1.09,1.04,0.05,0.74,0.73,0.01,134.5,129.9,4.6,0.7,0.7,0.0,0.31,0.3,0.01,0.947,1.118,-0.171,1.373,0.704,0.669,0.491,-0.298,0.789,1.049,0.447,0.602,1.742,1.404,0.338,0.815,-0.123,0.938,0.547,-0.105,0.652,1.289,0.974,0.315,-0.441,1.022,-1.463,0.855,0.538,0.317
645478,Cloud9,LEVIATÁN,0,0.571,0.4,0.171,0.571,0.4,0.171,2.2,-3.4,5.6,-7.5,0,2,-15,2,1.0,1.1,-0.1,191.0,202.6,-11.6,0.96,1.13,-0.17,0.72,0.74,-0.02,124.7,132.7,-8.0,0.7,0.7,-0.0,0.29,0.29,0.0,0.986,1.232,-0.246,-0.463,1.069,-1.532,-1.193,0.481,-1.674,-0.652,1.562,-2.214,0.692,2.133,-1.441,-1.184,0.443,-1.627,-0.952,0.588,-1.54,0.756,0.683,0.073,-0.083,1.876,-1.959,-0.499,1.083,-1.582
642938,Xi Lai Gaming,Wolves Esports,1,0.667,0.222,0.444,0.667,0.222,0.444,-1.2,-5.6,4.4,2.0,2,1,6,3,1.0,1.0,0.0,204.2,197.4,6.8,1.02,0.94,0.08,0.71,0.7,0.01,130.6,129.6,1.0,0.7,0.7,0.0,0.26,0.28,-0.02,1.083,0.86,0.223,-0.147,-0.39,0.243,0.707,-0.269,0.976,0.158,-1.0,1.158,0.087,-0.687,0.774,0.012,-0.184,0.196,0.443,-0.557,1.0,-0.467,0.175,-0.642,0.745,-1.286,2.031,0.206,-0.651,0.857
644663,Gen.G,Paper Rex,1,0.167,0.789,-0.623,0.167,0.8,-0.633,-4.4,4.4,-8.8,0.7,2,1,2,3,1.0,1.1,-0.0,201.5,205.8,-4.3,1.0,1.09,-0.09,0.72,0.73,-0.01,130.6,136.9,-6.3,0.7,0.7,-0.0,0.26,0.27,-0.01,1.018,1.138,-0.12,0.005,0.886,-0.881,0.322,0.943,-0.621,-0.023,1.116,-1.139,0.435,1.26,-0.825,0.005,1.301,-1.296,0.023,1.079,-1.056,-0.285,-0.116,-0.169,0.201,1.178,-0.977,0.045,1.052,-1.007
642937,JD Gaming,Titan Esports Club,1,0.538,0.333,0.205,0.6,0.333,0.267,-1.6,-0.2,-1.4,3.0,2,0,6,2,1.0,1.0,-0.0,193.2,202.0,-8.8,0.96,0.99,-0.03,0.7,0.7,0.0,125.8,132.7,-6.9,0.7,0.7,-0.0,0.29,0.28,0.01,0.832,0.822,0.01,-0.718,-0.098,-0.62,-0.875,0.394,-1.269,-0.71,-0.23,-0.48,-0.687,-0.822,0.135,-0.964,0.434,-1.398,-0.82,0.276,-1.096,0.829,0.32,0.509,-1.577,-1.683,0.106,-0.706,-0.198,-0.508
644662,FULL SENSE,ZETA DIVISION,1,0.5,0.2,0.3,0.5,0.2,0.3,-2.6,-6.2,3.6,6.5,2,0,13,2,1.0,0.9,0.1,205.5,194.8,10.7,1.03,0.91,0.13,0.71,0.69,0.02,132.5,127.2,5.3,0.7,0.7,0.1,0.23,0.27,-0.04,1.08,0.875,0.205,0.02,-1.302,1.322,0.899,-0.652,1.551,0.38,-1.462,1.842,0.203,-1.157,1.36,0.402,-0.686,1.088,0.804,-0.869,1.673,-1.587,-0.225,-1.362,0.718,-1.134,1.852,0.261,-1.096,1.357
645477,ENVY,LOUD,0,0.4,0.0,0.4,0.4,0.0,0.4,-1.2,-11.3,10.1,-1.0,1,2,-3,3,0.8,1.0,-0.3,177.0,197.0,-20.0,0.8,1.04,-0.24,0.68,0.71,-0.03,112.1,130.3,-18.2,0.6,0.7,-0.1,0.25,0.3,-0.05,0.91,1.085,-0.175,-3.855,0.75,-4.605,-3.213,-0.327,-2.886,-3.155,0.413,-3.568,-2.143,0.203,-2.346,-3.746,-0.051,-3.695,-3.041,-0.217,-2.824,-0.77,1.228,-1.998,-0.789,0.758,-1.547,-2.794,0.313,-3.107
645476,100 Thieves,Evil Geniuses,1,0.625,0.4,0.225,0.625,0.4,0.225,-0.4,1.2,-1.6,7.0,2,0,14,2,1.0,1.0,0.1,200.6,192.8,7.8,1.08,0.94,0.14,0.73,0.7,0.04,130.8,128.5,2.3,0.7,0.7,0.0,0.3,0.26,0.04,1.07,1.006,0.064,0.85,-0.755,1.605,0.192,-0.933,1.125,0.914,-0.941,1.855,1.548,-1.09,2.638,0.06,-0.411,0.471,0.339,-0.952,1.291,1.119,-0.479,1.598,0.636,0.093,0.543,0.788,-0.778,1.566
642936,EDward Gaming,Dragon Ranger Gaming,1,0.667,0.444,0.222,0.7,0.444,0.256,3.2,-0.6,3.8,1.7,2,1,5,3,1.0,1.0,0.0,201.8,197.5,4.3,1.01,0.98,0.03,0.71,0.72,-0.01,130.8,128.7,2.1,0.7,0.7,0.0,0.29,0.31,-0.02,0.973,0.985,-0.012,-0.086,-0.177,0.091,0.37,-0.255,0.625,0.112,-0.369,0.481,-0.256,0.435,-0.691,0.063,-0.381,0.444,0.287,-0.244,0.531,0.804,1.47,-0.666,-0.197,-0.092,-0.105,0.116,-0.115,0.231
644661,Rex Regum Qeon,VARREL,1,0.556,0.0,0.556,0.556,0.0,0.556,-4.8,-9.0,4.2,2.0,2,0,4,2,1.0,1.0,0.0,195.6,192.5,3.1,0.99,0.95,0.04,0.71,0.69,0.02,128.4,125.5,2.9,0.7,0.7,0.0,0.28,0.26,0.03,0.904,1.058,-0.154,-0.025,-0.725,0.7,-0.529,-0.976,0.447,-0.23,-0.748,0.518,-0.005,-1.488,1.483,-0.432,-1.015,0.583,-0.557,-1.008,0.451,0.465,-0.588,1.053,-0.847,0.539,-1.386,-0.242,-0.815,0.573
642935,All Gamers,TYLOO,0,0.7,0.615,0.085,0.7,0.6,0.1,-1.4,3.2,-4.6,-3.7,1,2,-11,3,1.0,1.0,-0.0,202.8,201.5,1.3,1.04,1.01,0.02,0.72,0.72,-0.01,130.2,134.0,-3.8,0.7,0.7,0.0,0.28,0.3,-0.02,1.06,0.947,0.113,0.339,0.704,-0.365,0.51,0.322,0.188,0.42,0.112,0.308,0.272,0.786,-0.514,-0.07,0.71,-0.78,0.401,0.181,0.22,0.247,0.986,-0.739,0.553,-0.441,0.994,0.375,0.444,-0.069
644660,Team Secret,Global Esports,0,0.0,0.571,-0.571,0.0,0.571,-0.571,-10.2,5.0,-15.2,-4.0,0,2,-8,2,0.9,1.0,-0.1,200.0,201.0,-1.0,0.92,1.03,-0.11,0.69,0.71,-0.02,133.7,132.0,1.7,0.7,0.7,-0.0,0.21,0.25,-0.04,0.995,1.01,-0.015,-1.576,0.266,-1.842,0.106,0.25,-0.144,-1.311,0.26,-1.571,-1.157,0.133,-1.29,0.646,0.296,0.35,0.023,0.339,-0.316,-2.223,-0.842,-1.381,-0.003,0.128,-0.131,-0.868,0.201,-1.069
645475,G2 Esports,MIBR,0,0.615,0.4,0.215,0.7,0.4,0.3,5.0,-3.6,8.6,-3.5,0,2,-7,2,1.0,1.0,0.0,201.8,203.8,-2.0,1.05,1.05,0.0,0.73,0.73,-0.0,132.9,134.1,-1.2,0.7,0.7,-0.0,0.29,0.29,0.0,1.034,1.03,0.004,0.631,0.613,0.018,0.366,0.647,-0.281,0.552,0.545,0.007,0.975,1.081,-0.106,0.475,0.722,-0.247,0.401,0.573,-0.172,0.683,0.592,0.091,0.335,0.301,0.034,0.584,0.608,-0.024
645474,Sentinels,KRÜ Esports,0,0.25,0.0,0.25,0.25,0.0,0.25,-3.0,-10.0,7.0,-4.5,0,2,-9,2,1.0,1.1,-0.1,193.2,208.5,-15.3,1.01,1.18,-0.17,0.71,0.7,0.01,128.9,136.9,-8.0,0.7,0.8,-0.1,0.27,0.2,0.07,0.905,1.225,-0.32,0.157,1.616,-1.459,-0.868,1.332,-2.2,0.011,2.122,-2.111,-0.313,-0.822,0.509,-0.335,1.307,-1.642,-0.869,2.0,-2.869,-0.134,-2.586,2.452,-0.837,1.826,-2.663,-0.356,1.073,-1.429
644721,Gentle Mates,Karmine Corp,1,0.6,0.143,0.457,0.6,0.143,0.457,-0.2,-2.0,1.8,1.3,2,1,4,3,1.1,1.0,0.0,207.3,197.6,9.7,1.05,1.04,0.01,0.73,0.72,0.0,136.1,128.8,7.3,0.7,0.7,0.0,0.29,0.26,0.03,0.947,1.088,-0.141,0.947,0.084,0.863,1.164,-0.24,1.404,0.621,0.447,0.174,1.022,0.833,0.189,1.127,-0.346,1.473,1.059,0.023,1.036,0.683,-0.334,1.017,-0.441,0.783,-1.224,0.807,0.096,0.711
644720,FUT Esports,Natus Vincere,1,0.5,0.375,0.125,0.5,0.375,0.125,2.0,-5.6,7.6,2.3,2,1,7,3,1.0,1.1,-0.2,196.0,220.5,-24.5,0.98,1.18,-0.19,0.71,0.71,-0.01,128.9,145.7,-16.8,0.7,0.8,-0.1,0.26,0.27,-0.01,1.006,1.045,-0.039,-0.427,2.528,-2.955,-0.471,3.064,-3.535,-0.341,2.122,-2.463,-0.416,0.203,-0.619,-0.322,3.086,-3.408,-0.297,2.716,-3.013,-0.406,-0.225,-0.181,0.093,0.428,-0.335,-0.294,1.837,-2.131
642934,FunPlus Phoenix,Bilibili Gaming,0,0.333,0.615,-0.282,0.333,0.6,-0.267,-1.0,7.0,-8.0,-4.0,1,2,-12,3,1.0,1.0,0.0,200.2,200.4,-0.2,1.02,1.0,0.02,0.7,0.7,0.01,131.3,128.2,3.1,0.7,0.7,0.0,0.22,0.28,-0.06,1.123,0.841,0.282,0.111,-0.364,0.475,0.142,0.168,-0.026,0.214,-0.092,0.306,-0.484,-0.822,0.338,0.153,-0.478,0.631,0.339,0.068,0.271,-1.769,0.372,-2.141,1.057,-1.478,2.535,0.042,-0.236,0.278
644659,Nongshim RedForce,KIWOOM DRX,0,0.889,0.571,0.317,0.889,0.571,0.317,5.4,3.6,1.8,-1.0,1,2,-3,3,1.0,1.0,0.0,201.6,197.0,4.6,1.04,1.0,0.04,0.72,0.72,-0.0,130.5,132.0,-1.5,0.7,0.7,0.0,0.28,0.25,0.03,1.01,0.1,0.91,0.412,0.0,0.412,0.337,0.0,0.337,0.499,0.0,0.499,0.411,0.0,0.411,-0.005,0.0,-0.005,0.401,0.0,0.401,0.32,0.0,0.32,0.128,0.0,0.128,0.437,0.0,0.437
642933,Nova Esports,Trace Esports,0,0.0,0.333,-0.333,0.0,0.333,-0.333,-11.0,-5.8,-5.2,-2.5,0,2,-5,2,1.0,1.0,0.0,207.0,197.8,9.2,1.05,0.96,0.09,0.7,0.7,0.01,132.5,129.4,3.1,0.7,0.7,0.0,0.25,0.27,-0.02,1.038,0.99,0.048,-0.281,-0.573,0.292,1.116,-0.212,1.328,0.526,-0.71,1.236,-0.552,-0.956,0.404,0.41,-0.232,0.642,0.896,-0.169,1.065,-0.624,0.029,-0.653,0.369,-0.048,0.417,0.211,-0.448,0.659
644658,DetonatioN FocusMe,T1,0,0.5,0.7,-0.2,0.5,0.7,-0.2,-6.0,5.8,-11.8,-4.5,0,2,-9,2,1.0,1.0,-0.0,198.0,196.2,1.8,0.97,1.03,-0.06,0.71,0.72,-0.02,128.4,128.7,-0.3,0.7,0.7,-0.0,0.26,0.29,-0.03,0.946,1.09,-0.144,-0.354,0.035,-0.389,-0.183,-0.447,0.264,-0.51,0.314,-0.824,-0.416,0.668,-1.084,-0.432,-0.381,-0.051,-0.362,-0.297,-0.065,-0.261,0.683,-0.944,-0.447,0.799,-1.246,-0.358,0.18,-0.538
644719,Team Liquid,Team Heretics,1,0.667,0.429,0.238,0.7,0.429,0.271,1.0,-2.4,3.4,4.0,2,0,8,2,1.0,1.0,0.0,201.8,203.3,-1.5,1.05,1.04,0.01,0.73,0.73,0.0,134.8,134.5,0.3,0.7,0.7,-0.0,0.29,0.25,0.04,1.054,1.163,-0.109,0.777,0.461,0.316,0.366,0.587,-0.221,0.63,0.447,0.183,1.404,1.26,0.144,0.865,0.802,0.063,0.276,0.65,-0.374,0.538,-0.77,1.308,0.503,1.371,-0.868,0.673,0.618,0.055
644718,FNATIC,Team Vitality,1,0.625,0.7,-0.075,0.625,0.7,-0.075,0.8,8.6,-7.8,2.5,2,0,5,2,1.0,1.0,-0.0,205.8,205.0,0.8,1.05,1.09,-0.04,0.7,0.73,-0.02,135.8,135.3,0.5,0.7,0.7,0.0,0.22,0.27,-0.05,1.042,1.124,-0.082,0.385,0.814,-0.429,0.935,0.827,0.108,0.578,1.091,-0.513,-0.653,0.975,-1.628,1.068,0.963,0.105,0.881,0.835,0.046,-1.859,0.029,-1.888,0.407,1.069,-0.662,0.384,0.884,-0.5
642932,Dragon Ranger Gaming,Wolves Esports,1,0.375,0.25,0.125,0.375,0.25,0.125,-6.0,-3.0,-3.0,3.0,2,1,9,3,1.0,1.0,0.0,197.5,197.4,0.1,0.98,0.94,0.04,0.72,0.7,0.02,128.7,129.6,-0.9,0.7,0.7,0.0,0.31,0.28,0.04,0.985,0.86,0.125,-0.177,-0.39,0.213,-0.255,-0.269,0.014,-0.369,-1.0,0.631,0.435,-0.687,1.122,-0.381,-0.184,-0.197,-0.244,-0.557,0.313,1.47,0.175,1.295,-0.092,-1.286,1.194,-0.115,-0.651,0.536
642931,JD Gaming,All Gamers,0,0.583,0.667,-0.083,0.6,0.667,-0.067,3.4,-6.8,10.2,-5.5,0,2,-11,2,1.0,1.0,-0.1,193.2,202.8,-9.6,0.96,1.04,-0.08,0.7,0.72,-0.01,125.8,130.2,-4.4,0.7,0.7,-0.0,0.29,0.28,0.02,0.832,1.06,-0.228,-0.718,0.339,-1.057,-0.875,0.51,-1.385,-0.71,0.42,-1.13,-0.687,0.272,-0.959,-0.964,-0.07,-0.894,-0.82,0.401,-1.221,0.829,0.247,0.582,-1.577,0.553,-2.13,-0.706,0.375,-1.081
644717,BBL Esports,Eternal Fire,0,0.75,0.5,0.25,0.75,0.5,0.25,-0.6,-2.0,1.4,-5.0,0,2,-10,2,1.0,1.0,0.1,197.5,199.8,-2.3,1.0,0.95,0.05,0.71,0.69,0.02,128.8,131.4,-2.6,0.7,0.7,-0.0,0.34,0.26,0.08,0.835,1.03,-0.195,0.431,-0.527,0.958,-0.255,0.07,-0.325,-0.023,-0.76,0.737,-0.142,-1.817,1.675,-0.34,0.183,-0.523,-0.297,-0.057,-0.24,2.318,-0.406,2.724,-1.545,0.301,-1.846,0.027,-0.373,0.4
644716,PCIFIC Esports,GIANTX,0,0.0,0.333,-0.333,0.0,0.333,-0.333,-6.3,-7.2,0.9,-2.0,1,2,-6,3,1.0,1.0,0.0,197.0,195.7,1.3,1.0,0.97,0.03,0.72,0.69,0.03,132.0,127.3,4.7,0.7,0.7,0.0,0.25,0.23,0.02,0.1,0.94,-0.84,0.0,-0.755,0.755,0.0,-0.519,0.519,0.0,-0.463,0.463,0.0,-1.708,1.708,0.0,-0.649,0.649,0.0,-0.083,0.083,0.0,-1.496,1.496,0.0,-0.503,0.503,0.0,-0.718,0.718
642930,EDward Gaming,Trace Esports,1,0.636,0.375,0.261,0.6,0.375,0.225,2.8,-1.6,4.4,5.5,2,0,11,2,1.0,1.0,0.0,201.8,197.8,4.0,1.01,0.96,0.06,0.71,0.7,0.01,130.8,129.4,1.4,0.7,0.7,0.0,0.29,0.27,0.02,0.973,0.99,-0.017,-0.086,-0.573,0.487,0.37,-0.212,0.582,0.112,-0.71,0.822,-0.256,-0.956,0.7,0.063,-0.232,0.295,0.287,-0.169,0.456,0.804,0.029,0.775,-0.197,-0.048,-0.149,0.116,-0.448,0.564
642929,Xi Lai Gaming,Nova Esports,1,0.625,0.0,0.625,0.625,0.0,0.625,0.6,-12.0,12.6,3.5,2,0,7,2,1.0,1.0,0.0,204.2,207.0,-2.8,1.02,1.05,-0.03,0.71,0.7,0.01,130.6,132.5,-1.9,0.7,0.7,-0.0,0.26,0.25,0.0,1.083,1.038,0.045,-0.147,-0.281,0.134,0.707,1.116,-0.409,0.158,0.526,-0.368,0.087,-0.552,0.639,0.012,0.41,-0.398,0.443,0.896,-0.453,-0.467,-0.624,0.157,0.745,0.369,0.376,0.206,0.211,-0.005
642928,Titan Esports Club,Bilibili Gaming,1,0.25,0.667,-0.417,0.25,0.7,-0.45,-1.2,12.0,-13.2,2.5,2,0,5,2,1.0,1.0,0.0,202.0,200.4,1.6,0.99,1.0,-0.01,0.7,0.7,0.0,132.7,128.2,4.5,0.7,0.7,0.0,0.28,0.28,-0.0,0.822,0.841,-0.019,-0.098,-0.364,0.266,0.394,0.168,0.226,-0.23,-0.092,-0.138,-0.822,-0.822,0.0,0.434,-0.478,0.912,0.276,0.068,0.208,0.32,0.372,-0.052,-1.683,-1.478,-0.205,-0.198,-0.236,0.038
642927,FunPlus Phoenix,TYLOO,1,0.25,0.667,-0.417,0.25,0.7,-0.45,-1.8,3.0,-4.8,-1.3,2,1,-4,3,1.0,1.0,-0.0,200.2,201.5,-1.3,1.02,1.01,0.01,0.7,0.72,-0.02,131.3,134.0,-2.7,0.7,0.7,0.0,0.22,0.3,-0.08,1.123,0.947,0.176,0.111,0.704,-0.593,0.142,0.322,-0.18,0.214,0.112,0.102,-0.484,0.786,-1.27,0.153,0.71,-0.557,0.339,0.181,0.158,-1.769,0.986,-2.755,1.057,-0.441,1.498,0.042,0.444,-0.402
642925,Bilibili Gaming,JD Gaming,1,0.636,0.636,0.0,0.7,0.6,0.1,7.0,8.0,-1.0,8.0,2,0,16,2,1.0,1.0,0.0,200.4,193.2,7.2,1.0,0.96,0.04,0.7,0.7,-0.0,128.2,125.8,2.4,0.7,0.7,0.0,0.28,0.29,-0.01,0.841,0.832,0.009,-0.364,-0.718,0.354,0.168,-0.875,1.043,-0.092,-0.71,0.618,-0.822,-0.687,-0.135,-0.478,-0.964,0.486,0.068,-0.82,0.888,0.372,0.829,-0.457,-1.478,-1.577,0.099,-0.236,-0.706,0.47
644657,Rex Regum Qeon,ZETA DIVISION,1,0.5,0.25,0.25,0.5,0.25,0.25,-3.2,-7.0,3.8,1.0,2,1,3,3,1.0,0.9,0.1,195.6,194.8,0.8,0.99,0.91,0.08,0.71,0.69,0.02,128.4,127.2,1.2,0.7,0.7,0.0,0.28,0.27,0.02,0.904,0.875,0.029,-0.025,-1.302,1.277,-0.529,-0.652,0.123,-0.23,-1.462,1.232,-0.005,-1.157,1.152,-0.432,-0.686,0.254,-0.557,-0.869,0.312,0.465,-0.225,0.69,-0.847,-1.134,0.287,-0.242,-1.096,0.854
642924,Trace Esports,Xi Lai Gaming,0,0.429,0.571,-0.143,0.429,0.571,-0.143,-1.6,-0.4,-1.2,-1.7,1,2,-5,3,1.0,1.0,-0.0,197.8,204.2,-6.4,0.96,1.02,-0.06,0.7,0.71,-0.02,129.4,130.6,-1.2,0.7,0.7,-0.0,0.27,0.26,0.01,0.99,1.083,-0.093,-0.573,-0.147,-0.426,-0.212,0.707,-0.919,-0.71,0.158,-0.868,-0.956,0.087,-1.043,-0.232,0.012,-0.244,-0.169,0.443,-0.612,0.029,-0.467,0.496,-0.048,0.745,-0.793,-0.448,0.206,-0.654
644656,Team Secret,KIWOOM DRX,0,0.0,0.5,-0.5,0.0,0.5,-0.5,-10.3,3.2,-13.5,-5.0,0,2,-10,2,0.9,1.0,-0.1,200.0,197.0,3.0,0.92,1.0,-0.08,0.69,0.72,-0.03,133.7,132.0,1.7,0.7,0.7,0.0,0.21,0.25,-0.04,0.995,0.1,0.895,-1.576,0.0,-1.576,0.106,0.0,0.106,-1.311,0.0,-1.311,-1.157,0.0,-1.157,0.646,0.0,0.646,0.023,0.0,0.023,-2.223,0.0,-2.223,-0.003,0.0,-0.003,-0.868,0.0,-0.868
642923,Wolves Esports,EDward Gaming,0,0.286,0.6,-0.314,0.286,0.6,-0.314,-1.8,4.6,-6.4,-3.5,0,2,-7,2,1.0,1.0,-0.0,197.4,201.8,-4.4,0.94,1.01,-0.08,0.7,0.71,-0.01,129.6,130.8,-1.2,0.7,0.7,-0.0,0.28,0.29,-0.02,0.86,0.973,-0.113,-0.39,-0.086,-0.304,-0.269,0.37,-0.639,-1.0,0.112,-1.112,-0.687,-0.256,-0.431,-0.184,0.063,-0.247,-0.557,0.287,-0.844,0.175,0.804,-0.629,-1.286,-0.197,-1.089,-0.651,0.116,-0.767
644655,FULL SENSE,DetonatioN FocusMe,1,0.4,0.571,-0.171,0.4,0.571,-0.171,-1.0,-0.4,-0.6,6.0,2,0,12,2,1.0,1.0,0.0,205.5,198.0,7.5,1.03,0.97,0.06,0.71,0.71,0.01,132.5,128.4,4.1,0.7,0.7,0.0,0.23,0.26,-0.04,1.08,0.946,0.134,0.02,-0.354,0.374,0.899,-0.183,1.082,0.38,-0.51,0.89,0.203,-0.416,0.619,0.402,-0.432,0.834,0.804,-0.362,1.166,-1.587,-0.261,-1.326,0.718,-0.447,1.165,0.261,-0.358,0.619
642922,TYLOO,Titan Esports Club,1,0.636,0.286,0.351,0.6,0.286,0.314,1.0,-0.2,1.2,5.0,2,0,10,2,1.0,1.0,0.0,201.5,202.0,-0.5,1.01,0.99,0.02,0.72,0.7,0.02,134.0,132.7,1.3,0.7,0.7,-0.0,0.3,0.28,0.02,0.947,0.822,0.125,0.704,-0.098,0.802,0.322,0.394,-0.072,0.112,-0.23,0.342,0.786,-0.822,1.608,0.71,0.434,0.276,0.181,0.276,-0.095,0.986,0.32,0.666,-0.441,-1.683,1.242,0.444,-0.198,0.642
644654,Nongshim RedForce,Paper Rex,0,1.0,0.778,0.222,1.0,0.8,0.2,10.0,2.0,8.0,-2.7,1,2,-8,3,1.0,1.1,-0.0,201.6,205.8,-4.2,1.04,1.09,-0.05,0.72,0.73,-0.01,130.5,136.9,-6.4,0.7,0.7,-0.0,0.28,0.27,0.01,1.01,1.138,-0.128,0.412,0.886,-0.474,0.337,0.943,-0.606,0.499,1.116,-0.617,0.411,1.26,-0.849,-0.005,1.301,-1.306,0.401,1.079,-0.678,0.32,-0.116,0.436,0.128,1.178,-1.05,0.437,1.052,-0.615
644714,BBL Esports,PCIFIC Esports,1,0.714,0.0,0.714,0.714,0.0,0.714,-0.2,-6.0,5.8,3.5,2,0,7,2,1.0,1.0,0.0,197.5,197.0,0.5,1.0,1.0,0.0,0.71,0.72,-0.01,128.8,132.0,-3.2,0.7,0.7,-0.0,0.34,0.25,0.09,0.835,0.1,0.735,0.431,0.0,0.431,-0.255,0.0,-0.255,-0.023,0.0,-0.023,-0.142,0.0,-0.142,-0.34,0.0,-0.34,-0.297,0.0,-0.297,2.318,0.0,2.318,-1.545,0.0,-1.545,0.027,0.0,0.027
644713,Team Heretics,Natus Vincere,0,0.5,0.286,0.214,0.5,0.286,0.214,0.6,-8.4,9.0,-1.3,1,2,-4,3,1.0,1.1,-0.1,203.3,220.5,-17.2,1.04,1.18,-0.14,0.73,0.71,0.02,134.5,145.7,-11.2,0.7,0.8,-0.1,0.25,0.27,-0.02,1.163,1.045,0.118,0.461,2.528,-2.067,0.587,3.064,-2.477,0.447,2.122,-1.675,1.26,0.203,1.057,0.802,3.086,-2.284,0.65,2.716,-2.066,-0.77,-0.225,-0.545,1.371,0.428,0.943,0.618,1.837,-1.219
642921,FunPlus Phoenix,All Gamers,1,0.143,0.75,-0.607,0.143,0.75,-0.607,-6.0,-3.8,-2.2,7.5,2,0,15,2,1.0,1.0,-0.0,200.2,202.8,-2.6,1.02,1.04,-0.02,0.7,0.72,-0.01,131.3,130.2,1.1,0.7,0.7,-0.0,0.22,0.28,-0.06,1.123,1.06,0.063,0.111,0.339,-0.228,0.142,0.51,-0.368,0.214,0.42,-0.206,-0.484,0.272,-0.756,0.153,-0.07,0.223,0.339,0.401,-0.062,-1.769,0.247,-2.016,1.057,0.553,0.504,0.042,0.375,-0.333
644653,T1,VARREL,1,0.667,0.0,0.667,0.667,0.0,0.667,5.4,-8.3,13.7,5.5,2,0,11,2,1.0,1.0,0.0,196.2,192.5,3.7,1.03,0.95,0.08,0.72,0.69,0.03,128.7,125.5,3.2,0.7,0.7,0.0,0.29,0.26,0.03,1.09,1.058,0.032,0.035,-0.725,0.76,-0.447,-0.976,0.529,0.314,-0.748,1.062,0.668,-1.488,2.156,-0.381,-1.015,0.634,-0.297,-1.008,0.711,0.683,-0.588,1.271,0.799,0.539,0.26,0.18,-0.815,0.995
642920,Dragon Ranger Gaming,Nova Esports,1,0.286,0.0,0.286,0.286,0.0,0.286,-6.6,-10.8,4.2,7.0,2,0,14,2,1.0,1.0,0.0,197.5,207.0,-9.5,0.98,1.05,-0.07,0.72,0.7,0.01,128.7,132.5,-3.8,0.7,0.7,-0.0,0.31,0.25,0.06,0.985,1.038,-0.053,-0.177,-0.281,0.104,-0.255,1.116,-1.371,-0.369,0.526,-0.895,0.435,-0.552,0.987,-0.381,0.41,-0.791,-0.244,0.896,-1.14,1.47,-0.624,2.094,-0.092,0.369,-0.461,-0.115,0.211,-0.326
644652,Gen.G,Global Esports,0,0.2,0.5,-0.3,0.2,0.5,-0.3,-4.4,2.6,-7.0,-7.0,0,2,-14,2,1.0,1.0,-0.0,201.5,201.0,0.5,1.0,1.03,-0.02,0.72,0.71,0.0,130.6,132.0,-1.4,0.7,0.7,-0.0,0.26,0.25,0.02,1.018,1.01,0.008,0.005,0.266,-0.261,0.322,0.25,0.072,-0.023,0.26,-0.283,0.435,0.133,0.302,0.005,0.296,-0.291,0.023,0.339,-0.316,-0.285,-0.842,0.557,0.201,0.128,0.073,0.045,0.201,-0.156
644712,Gentle Mates,FUT Esports,0,0.667,0.429,0.238,0.667,0.429,0.238,2.8,-0.4,3.2,-3.0,1,2,-9,3,1.1,1.0,0.1,207.3,196.0,11.3,1.05,0.98,0.07,0.73,0.71,0.02,136.1,128.9,7.2,0.7,0.7,0.0,0.29,0.26,0.03,0.947,1.006,-0.059,0.947,-0.427,1.374,1.164,-0.471,1.635,0.621,-0.341,0.962,1.022,-0.416,1.438,1.127,-0.322,1.449,1.059,-0.297,1.356,0.683,-0.406,1.089,-0.441,0.093,-0.534,0.807,-0.294,1.101
644711,Team Vitality,GIANTX,1,0.667,0.375,0.292,0.667,0.375,0.292,3.0,-7.2,10.2,7.5,2,0,15,2,1.0,1.0,0.1,205.0,195.7,9.3,1.09,0.97,0.12,0.73,0.69,0.04,135.3,127.3,8.0,0.7,0.7,0.0,0.27,0.23,0.04,1.124,0.94,0.184,0.814,-0.755,1.569,0.827,-0.519,1.346,1.091,-0.463,1.554,0.975,-1.708,2.683,0.963,-0.649,1.612,0.835,-0.083,0.918,0.029,-1.496,1.525,1.069,-0.503,1.572,0.884,-0.718,1.602
642919,Bilibili Gaming,TYLOO,0,0.7,0.6,0.1,0.7,0.6,0.1,4.0,2.4,1.6,-0.3,1,2,-1,3,1.0,1.0,-0.1,200.4,201.5,-1.1,1.0,1.01,-0.01,0.7,0.72,-0.02,128.2,134.0,-5.8,0.7,0.7,-0.0,0.28,0.3,-0.02,0.841,0.947,-0.106,-0.364,0.704,-1.068,0.168,0.322,-0.154,-0.092,0.112,-0.204,-0.822,0.786,-1.608,-0.478,0.71,-1.188,0.068,0.181,-0.113,0.372,0.986,-0.614,-1.478,-0.441,-1.037,-0.236,0.444,-0.68
642918,Wolves Esports,Trace Esports,0,0.333,0.333,0.0,0.333,0.333,0.0,-3.2,-3.2,0.0,-4.5,0,2,-9,2,1.0,1.0,0.0,197.4,197.8,-0.4,0.94,0.96,-0.02,0.7,0.7,0.0,129.6,129.4,0.2,0.7,0.7,-0.0,0.28,0.27,0.0,0.86,0.99,-0.13,-0.39,-0.573,0.183,-0.269,-0.212,-0.057,-1.0,-0.71,-0.29,-0.687,-0.956,0.269,-0.184,-0.232,0.048,-0.557,-0.169,-0.388,0.175,0.029,0.146,-1.286,-0.048,-1.238,-0.651,-0.448,-0.203
644710,Team Liquid,Karmine Corp,1,0.636,0.167,0.47,0.7,0.167,0.533,1.0,0.4,0.6,4.5,2,0,9,2,1.0,1.0,0.0,201.8,197.6,4.2,1.05,1.04,0.01,0.73,0.72,0.01,134.8,128.8,6.0,0.7,0.7,0.0,0.29,0.26,0.02,1.054,1.088,-0.034,0.777,0.084,0.693,0.366,-0.24,0.606,0.63,0.447,0.183,1.404,0.833,0.571,0.865,-0.346,1.211,0.276,0.023,0.253,0.538,-0.334,0.872,0.503,0.783,-0.28,0.673,0.096,0.577
644709,FNATIC,Eternal Fire,1,0.571,0.571,0.0,0.571,0.571,0.0,1.0,3.0,-2.0,3.7,2,1,11,3,1.0,1.0,0.1,205.8,199.8,6.0,1.05,0.95,0.1,0.7,0.69,0.02,135.8,131.4,4.4,0.7,0.7,0.0,0.22,0.26,-0.04,1.042,1.03,0.012,0.385,-0.527,0.912,0.935,0.07,0.865,0.578,-0.76,1.338,-0.653,-1.817,1.164,1.068,0.183,0.885,0.881,-0.057,0.938,-1.859,-0.406,-1.453,0.407,0.301,0.106,0.384,-0.373,0.757
642917,Dragon Ranger Gaming,Xi Lai Gaming,0,0.333,0.5,-0.167,0.333,0.5,-0.167,-4.2,0.4,-4.6,-5.5,0,2,-11,2,1.0,1.0,-0.0,197.5,204.2,-6.7,0.98,1.02,-0.04,0.72,0.71,0.01,128.7,130.6,-1.9,0.7,0.7,-0.0,0.31,0.26,0.05,0.985,1.083,-0.098,-0.177,-0.147,-0.03,-0.255,0.707,-0.962,-0.369,0.158,-0.527,0.435,0.087,0.348,-0.381,0.012,-0.393,-0.244,0.443,-0.687,1.47,-0.467,1.937,-0.092,0.745,-0.837,-0.115,0.206,-0.321
642916,JD Gaming,FunPlus Phoenix,1,0.6,0.167,0.433,0.6,0.167,0.433,5.4,-8.8,14.2,1.7,2,1,5,3,1.0,1.0,-0.0,193.2,200.2,-7.0,0.96,1.02,-0.07,0.7,0.7,-0.0,125.8,131.3,-5.5,0.7,0.7,-0.0,0.29,0.22,0.07,0.832,1.123,-0.291,-0.718,0.111,-0.829,-0.875,0.142,-1.017,-0.71,0.214,-0.924,-0.687,-0.484,-0.203,-0.964,0.153,-1.117,-0.82,0.339,-1.159,0.829,-1.769,2.598,-1.577,1.057,-2.634,-0.706,0.042,-0.748
642915,Nova Esports,EDward Gaming,0,0.0,0.556,-0.556,0.0,0.556,-0.556,-8.2,0.4,-8.7,-10.5,0,2,-21,2,1.0,1.0,-0.0,207.0,201.8,5.2,1.05,1.01,0.03,0.7,0.71,-0.0,132.5,130.8,1.7,0.7,0.7,0.0,0.25,0.29,-0.04,1.038,0.973,0.065,-0.281,-0.086,-0.195,1.116,0.37,0.746,0.526,0.112,0.414,-0.552,-0.256,-0.296,0.41,0.063,0.347,0.896,0.287,0.609,-0.624,0.804,-1.428,0.369,-0.197,0.566,0.211,0.116,0.095
642914,Titan Esports Club,All Gamers,0,0.333,0.714,-0.381,0.333,0.714,-0.381,0.6,-4.6,5.2,-1.0,1,2,-3,3,1.0,1.0,-0.0,202.0,202.8,-0.8,0.99,1.04,-0.05,0.7,0.72,-0.02,132.7,130.2,2.5,0.7,0.7,-0.0,0.28,0.28,0.0,0.822,1.06,-0.238,-0.098,0.339,-0.437,0.394,0.51,-0.116,-0.23,0.42,-0.65,-0.822,0.272,-1.094,0.434,-0.07,0.504,0.276,0.401,-0.125,0.32,0.247,0.073,-1.683,0.553,-2.236,-0.198,0.375,-0.573
640026,TYLOO,Bilibili Gaming,0,0.667,0.667,0.0,0.667,0.667,0.0,3.6,4.2,-0.6,-4.2,1,3,-17,4,1.0,1.0,0.1,201.5,200.4,1.1,1.01,1.0,0.01,0.72,0.7,0.02,134.0,128.2,5.8,0.7,0.7,0.0,0.3,0.28,0.02,0.947,0.841,0.106,0.704,-0.364,1.068,0.322,0.168,0.154,0.112,-0.092,0.204,0.786,-0.822,1.608,0.71,-0.478,1.188,0.181,0.068,0.113,0.986,0.372,0.614,-0.441,-1.478,1.037,0.444,-0.236,0.68
640027,Any Questions Gaming,JD Gaming,0,0.667,0.556,0.111,0.667,0.556,0.111,-8.7,1.0,-9.7,-7.3,0,3,-22,3,1.0,1.0,0.0,197.0,193.2,3.8,1.0,0.96,0.04,0.72,0.7,0.02,132.0,125.8,6.2,0.7,0.7,0.0,0.25,0.29,-0.04,0.1,0.832,-0.732,0.0,-0.718,0.718,0.0,-0.875,0.875,0.0,-0.71,0.71,0.0,-0.687,0.687,0.0,-0.964,0.964,0.0,-0.82,0.82,0.0,0.829,-0.829,0.0,-1.577,1.577,0.0,-0.706,0.706
640025,JD Gaming,Bilibili Gaming,0,0.625,0.625,0.0,0.625,0.625,0.0,4.2,4.6,-0.4,-4.0,0,2,-8,2,1.0,1.0,-0.0,193.2,200.4,-7.2,0.96,1.0,-0.04,0.7,0.7,0.0,125.8,128.2,-2.4,0.7,0.7,-0.0,0.29,0.28,0.01,0.832,0.841,-0.009,-0.718,-0.364,-0.354,-0.875,0.168,-1.043,-0.71,-0.092,-0.618,-0.687,-0.822,0.135,-0.964,-0.478,-0.486,-0.82,0.068,-0.888,0.829,0.372,0.457,-1.577,-1.478,-0.099,-0.706,-0.236,-0.47
640024,Any Questions Gaming,TYLOO,0,1.0,0.625,0.375,1.0,0.625,0.375,-4.0,1.0,-5.0,-9.0,0,2,-18,2,1.0,1.0,-0.0,197.0,201.5,-4.5,1.0,1.01,-0.01,0.72,0.72,-0.0,132.0,134.0,-2.0,0.7,0.7,-0.0,0.25,0.3,-0.05,0.1,0.947,-0.847,0.0,0.704,-0.704,0.0,0.322,-0.322,0.0,0.112,-0.112,0.0,0.786,-0.786,0.0,0.71,-0.71,0.0,0.181,-0.181,0.0,0.986,-0.986,0.0,-0.441,0.441,0.0,0.444,-0.444
640023,Bilibili Gaming,FunPlus Phoenix,1,0.571,0.2,0.371,0.571,0.2,0.371,1.6,-7.8,9.4,10.0,2,0,20,2,1.0,1.0,-0.0,200.4,200.2,0.2,1.0,1.02,-0.02,0.7,0.7,-0.01,128.2,131.3,-3.1,0.7,0.7,-0.0,0.28,0.22,0.06,0.841,1.123,-0.282,-0.364,0.111,-0.475,0.168,0.142,0.026,-0.092,0.214,-0.306,-0.822,-0.484,-0.338,-0.478,0.153,-0.631,0.068,0.339,-0.271,0.372,-1.769,2.141,-1.478,1.057,-2.535,-0.236,0.042,-0.278
640022,Trace Esports,JD Gaming,0,0.4,0.571,-0.171,0.4,0.571,-0.171,-1.2,1.2,-2.4,-7.0,0,2,-14,2,1.0,1.0,0.0,197.8,193.2,4.6,0.96,0.96,0.0,0.7,0.7,-0.0,129.4,125.8,3.6,0.7,0.7,0.0,0.27,0.29,-0.02,0.99,0.832,0.158,-0.573,-0.718,0.145,-0.212,-0.875,0.663,-0.71,-0.71,0.0,-0.956,-0.687,-0.269,-0.232,-0.964,0.732,-0.169,-0.82,0.651,0.029,0.829,-0.8,-0.048,-1.577,1.529,-0.448,-0.706,0.258
640021,TYLOO,Titan Esports Club,1,0.571,0.4,0.171,0.571,0.4,0.171,2.8,0.6,2.2,1.0,2,1,3,3,1.0,1.0,0.0,201.5,202.0,-0.5,1.01,0.99,0.02,0.72,0.7,0.02,134.0,132.7,1.3,0.7,0.7,-0.0,0.3,0.28,0.02,0.947,0.822,0.125,0.704,-0.098,0.802,0.322,0.394,-0.072,0.112,-0.23,0.342,0.786,-0.822,1.608,0.71,0.434,0.276,0.181,0.276,-0.095,0.986,0.32,0.666,-0.441,-1.683,1.242,0.444,-0.198,0.642
640020,Dragon Ranger Gaming,Any Questions Gaming,0,0.4,1.0,-0.6,0.4,1.0,-0.6,-3.0,-7.0,4.0,0.3,1,2,1,3,1.0,1.0,-0.0,197.5,197.0,0.5,0.98,1.0,-0.02,0.72,0.72,-0.0,128.7,132.0,-3.3,0.7,0.7,-0.0,0.31,0.25,0.06,0.985,0.1,0.885,-0.177,0.0,-0.177,-0.255,0.0,-0.255,-0.369,0.0,-0.369,0.435,0.0,0.435,-0.381,0.0,-0.381,-0.244,0.0,-0.244,1.47,0.0,1.47,-0.092,0.0,-0.092,-0.115,0.0,-0.115
640019,FunPlus Phoenix,Nova Esports,1,0.0,0.0,0.0,0.0,0.0,0.0,-12.0,-8.0,-4.0,4.5,2,0,9,2,1.0,1.0,0.0,200.2,207.0,-6.8,1.02,1.05,-0.02,0.7,0.7,0.0,131.3,132.5,-1.2,0.7,0.7,-0.0,0.22,0.25,-0.03,1.123,1.038,0.085,0.111,-0.281,0.392,0.142,1.116,-0.974,0.214,0.526,-0.312,-0.484,-0.552,0.068,0.153,0.41,-0.257,0.339,0.896,-0.557,-1.769,-0.624,-1.145,1.057,0.369,0.688,0.042,0.211,-0.169
640017,JD Gaming,Rare Atom,1,0.5,0.0,0.5,0.5,0.0,0.5,-1.6,0.0,-1.6,3.5,2,0,7,2,1.0,1.0,-0.0,193.2,197.0,-3.8,0.96,1.0,-0.04,0.7,0.72,-0.02,125.8,132.0,-6.2,0.7,0.7,-0.0,0.29,0.25,0.04,0.832,0.1,0.732,-0.718,0.0,-0.718,-0.875,0.0,-0.875,-0.71,0.0,-0.71,-0.687,0.0,-0.687,-0.964,0.0,-0.964,-0.82,0.0,-0.82,0.829,0.0,0.829,-1.577,0.0,-1.577,-0.706,0.0,-0.706
640015,Titan Esports Club,World Sports Invictus Gaming,1,0.25,0.0,0.25,0.25,0.0,0.25,-1.8,0.0,-1.8,5.0,2,0,10,2,1.0,1.0,-0.0,202.0,197.0,5.0,0.99,1.0,-0.01,0.7,0.72,-0.02,132.7,132.0,0.7,0.7,0.7,0.0,0.28,0.25,0.03,0.822,0.1,0.722,-0.098,0.0,-0.098,0.394,0.0,0.394,-0.23,0.0,-0.23,-0.822,0.0,-0.822,0.434,0.0,0.434,0.276,0.0,0.276,0.32,0.0,0.32,-1.683,0.0,-1.683,-0.198,0.0,-0.198
640013,Wolves Esports,Any Questions Gaming,0,0.4,0.0,0.4,0.4,0.0,0.4,-3.8,0.0,-3.8,2.3,1,2,7,3,1.0,1.0,-0.0,197.4,197.0,0.4,0.94,1.0,-0.06,0.7,0.72,-0.02,129.6,132.0,-2.4,0.7,0.7,-0.0,0.28,0.25,0.03,0.86,0.1,0.76,-0.39,0.0,-0.39,-0.269,0.0,-0.269,-1.0,0.0,-1.0,-0.687,0.0,-0.687,-0.184,0.0,-0.184,-0.557,0.0,-0.557,0.175,0.0,0.175,-1.286,0.0,-1.286,-0.651,0.0,-0.651
626544,Nongshim RedForce,Paper Rex,1,1.0,0.824,0.176,1.0,0.9,0.1,8.4,8.4,0.0,7.0,3,0,21,3,1.0,1.1,-0.0,201.6,205.8,-4.2,1.04,1.09,-0.05,0.72,0.73,-0.01,130.5,136.9,-6.4,0.7,0.7,-0.0,0.28,0.27,0.01,1.01,1.138,-0.128,0.412,0.886,-0.474,0.337,0.943,-0.606,0.499,1.116,-0.617,0.411,1.26,-0.849,-0.005,1.301,-1.306,0.401,1.079,-0.678,0.32,-0.116,0.436,0.128,1.178,-1.05,0.437,1.052,-0.615
626550,NRG,Paper Rex,0,0.667,0.812,-0.146,0.7,0.9,-0.2,1.8,6.4,-4.6,-3.0,1,3,-12,4,1.0,1.1,-0.0,197.2,205.8,-8.6,1.04,1.09,-0.05,0.73,0.73,0.0,129.9,136.9,-7.0,0.7,0.7,-0.0,0.3,0.27,0.03,1.118,1.138,-0.02,0.704,0.886,-0.182,-0.298,0.943,-1.241,0.447,1.116,-0.669,1.404,1.26,0.144,-0.123,1.301,-1.424,-0.105,1.079,-1.184,0.974,-0.116,1.09,1.022,1.178,-0.156,0.538,1.052,-0.514
626549,Paper Rex,G2 Esports,1,0.8,0.667,0.133,0.8,0.7,0.1,6.6,10.2,-3.6,3.7,2,1,11,3,1.1,1.0,0.0,205.8,201.8,4.0,1.09,1.05,0.04,0.73,0.73,0.0,136.9,132.9,4.0,0.7,0.7,0.0,0.27,0.29,-0.02,1.138,1.034,0.104,0.886,0.631,0.255,0.943,0.366,0.577,1.116,0.552,0.564,1.26,0.975,0.285,1.301,0.475,0.826,1.079,0.401,0.678,-0.116,0.683,-0.799,1.178,0.335,0.843,1.052,0.584,0.468
626543,Nongshim RedForce,NRG,1,1.0,0.727,0.273,1.0,0.7,0.3,9.0,5.8,3.2,3.0,2,0,6,2,1.0,1.0,-0.0,201.6,197.2,4.4,1.04,1.04,0.0,0.72,0.73,-0.01,130.5,129.9,0.6,0.7,0.7,0.0,0.28,0.3,-0.02,1.01,1.118,-0.108,0.412,0.704,-0.292,0.337,-0.298,0.635,0.499,0.447,0.052,0.411,1.404,-0.993,-0.005,-0.123,0.118,0.401,-0.105,0.506,0.32,0.974,-0.654,0.128,1.022,-0.894,0.437,0.538,-0.101
626547,Paper Rex,All Gamers,1,0.786,0.833,-0.048,0.7,0.833,-0.133,5.8,0.4,5.4,4.0,2,1,12,3,1.1,1.0,0.0,205.8,202.8,3.0,1.09,1.04,0.05,0.73,0.72,0.01,136.9,130.2,6.7,0.7,0.7,0.0,0.27,0.28,-0.01,1.138,1.06,0.078,0.886,0.339,0.547,0.943,0.51,0.433,1.116,0.42,0.696,1.26,0.272,0.988,1.301,-0.07,1.371,1.079,0.401,0.678,-0.116,0.247,-0.363,1.178,0.553,0.625,1.052,0.375,0.677
626548,G2 Esports,BBL Esports,1,0.636,0.833,-0.197,0.7,0.833,-0.133,5.2,4.6,0.6,6.5,2,0,13,2,1.0,1.0,0.0,201.8,197.5,4.3,1.05,1.0,0.04,0.73,0.71,0.02,132.9,128.8,4.1,0.7,0.7,0.0,0.29,0.34,-0.05,1.034,0.835,0.199,0.631,0.431,0.2,0.366,-0.255,0.621,0.552,-0.023,0.575,0.975,-0.142,1.117,0.475,-0.34,0.815,0.401,-0.297,0.698,0.683,2.318,-1.635,0.335,-1.545,1.88,0.584,0.027,0.557
626542,Paper Rex,NRG,0,0.846,0.7,0.146,0.8,0.7,0.1,9.2,6.6,2.6,-2.0,0,2,-4,2,1.1,1.0,0.0,205.8,197.2,8.6,1.09,1.04,0.05,0.73,0.73,-0.0,136.9,129.9,7.0,0.7,0.7,0.0,0.27,0.3,-0.03,1.138,1.118,0.02,0.886,0.704,0.182,0.943,-0.298,1.241,1.116,0.447,0.669,1.26,1.404,-0.144,1.301,-0.123,1.424,1.079,-0.105,1.184,-0.116,0.974,-1.09,1.178,1.022,0.156,1.052,0.538,0.514
626541,Nongshim RedForce,G2 Esports,1,1.0,0.7,0.3,1.0,0.7,0.3,11.2,10.0,1.2,0.7,2,1,2,3,1.0,1.0,-0.0,201.6,201.8,-0.2,1.04,1.05,-0.0,0.72,0.73,-0.01,130.5,132.9,-2.4,0.7,0.7,0.0,0.28,0.29,-0.01,1.01,1.034,-0.024,0.412,0.631,-0.219,0.337,0.366,-0.029,0.499,0.552,-0.053,0.411,0.975,-0.564,-0.005,0.475,-0.48,0.401,0.401,0.0,0.32,0.683,-0.363,0.128,0.335,-0.207,0.437,0.584,-0.147
626545,Gentle Mates,All Gamers,0,0.75,0.8,-0.05,0.75,0.8,-0.05,4.0,0.8,3.2,-2.0,1,2,-6,3,1.1,1.0,0.0,207.3,202.8,4.5,1.05,1.04,0.01,0.73,0.72,0.01,136.1,130.2,5.9,0.7,0.7,0.0,0.29,0.28,0.01,0.947,1.06,-0.113,0.947,0.339,0.608,1.164,0.51,0.654,0.621,0.42,0.201,1.022,0.272,0.75,1.127,-0.07,1.197,1.059,0.401,0.658,0.683,0.247,0.436,-0.441,0.553,-0.994,0.807,0.375,0.432
626546,FURIA,BBL Esports,0,0.8,0.8,0.0,0.8,0.8,0.0,2.8,4.8,-2.0,-1.7,1,2,-5,3,1.1,1.0,0.1,202.7,197.5,5.2,1.09,1.0,0.08,0.74,0.71,0.03,134.5,128.8,5.7,0.7,0.7,0.0,0.31,0.34,-0.03,0.947,0.835,0.112,1.373,0.431,0.942,0.491,-0.255,0.746,1.049,-0.023,1.072,1.742,-0.142,1.884,0.815,-0.34,1.155,0.547,-0.297,0.844,1.289,2.318,-1.029,-0.441,-1.545,1.104,0.855,0.027,0.828
626538,All Gamers,G2 Esports,0,1.0,0.667,0.333,1.0,0.667,0.333,5.0,9.8,-4.8,-8.0,0,2,-16,2,1.0,1.0,-0.0,202.8,201.8,1.0,1.04,1.05,-0.01,0.72,0.73,-0.01,130.2,132.9,-2.7,0.7,0.7,0.0,0.28,0.29,-0.01,1.06,1.034,0.026,0.339,0.631,-0.292,0.51,0.366,0.144,0.42,0.552,-0.132,0.272,0.975,-0.703,-0.07,0.475,-0.545,0.401,0.401,0.0,0.247,0.683,-0.436,0.553,0.335,0.218,0.375,0.584,-0.209
626540,BBL Esports,NRG,0,1.0,0.667,0.333,1.0,0.667,0.333,6.5,9.2,-2.7,-0.7,1,2,-2,3,1.0,1.0,-0.0,197.5,197.2,0.3,1.0,1.04,-0.04,0.71,0.73,-0.02,128.8,129.9,-1.1,0.7,0.7,-0.0,0.34,0.3,0.04,0.835,1.118,-0.283,0.431,0.704,-0.273,-0.255,-0.298,0.043,-0.023,0.447,-0.47,-0.142,1.404,-1.546,-0.34,-0.123,-0.217,-0.297,-0.105,-0.192,2.318,0.974,1.344,-1.545,1.022,-2.567,0.027,0.538,-0.511
626537,Nongshim RedForce,Gentle Mates,1,1.0,0.857,0.143,1.0,0.857,0.143,12.5,7.2,5.3,3.0,2,0,6,2,1.0,1.1,-0.0,201.6,207.3,-5.7,1.04,1.05,-0.01,0.72,0.73,-0.01,130.5,136.1,-5.6,0.7,0.7,-0.0,0.28,0.29,-0.01,1.01,0.947,0.063,0.412,0.947,-0.535,0.337,1.164,-0.827,0.499,0.621,-0.122,0.411,1.022,-0.611,-0.005,1.127,-1.132,0.401,1.059,-0.658,0.32,0.683,-0.363,0.128,-0.441,0.569,0.437,0.807,-0.37
626539,FURIA,Paper Rex,0,1.0,0.833,0.167,1.0,0.8,0.2,6.2,7.0,-0.8,-3.7,1,2,-11,3,1.1,1.1,0.0,202.7,205.8,-3.1,1.09,1.09,-0.01,0.74,0.73,0.01,134.5,136.9,-2.4,0.7,0.7,-0.0,0.31,0.27,0.04,0.947,1.138,-0.191,1.373,0.886,0.487,0.491,0.943,-0.452,1.049,1.116,-0.067,1.742,1.26,0.482,0.815,1.301,-0.486,0.547,1.079,-0.532,1.289,-0.116,1.405,-0.441,1.178,-1.619,0.855,1.052,-0.197
626534,G2 Esports,T1,1,0.625,0.75,-0.125,0.625,0.75,-0.125,9.2,8.4,0.8,4.5,2,0,9,2,1.0,1.0,0.0,201.8,196.2,5.6,1.05,1.03,0.02,0.73,0.72,0.0,132.9,128.7,4.2,0.7,0.7,0.0,0.29,0.29,0.0,1.034,1.09,-0.056,0.631,0.035,0.596,0.366,-0.447,0.813,0.552,0.314,0.238,0.975,0.668,0.307,0.475,-0.381,0.856,0.401,-0.297,0.698,0.683,0.683,0.0,0.335,0.799,-0.464,0.584,0.18,0.404
626535,NRG,Team Liquid,1,0.625,0.7,-0.075,0.625,0.7,-0.075,4.0,5.6,-1.6,5.5,2,0,11,2,1.0,1.0,-0.0,197.2,201.8,-4.6,1.04,1.05,-0.01,0.73,0.73,0.0,129.9,134.8,-4.9,0.7,0.7,-0.0,0.3,0.29,0.01,1.118,1.054,0.064,0.704,0.777,-0.073,-0.298,0.366,-0.664,0.447,0.63,-0.183,1.404,1.404,0.0,-0.123,0.865,-0.988,-0.105,0.276,-0.381,0.974,0.538,0.436,1.022,0.503,0.519,0.538,0.673,-0.135
626533,Xi Lai Gaming,G2 Esports,0,0.6,0.571,0.029,0.6,0.571,0.029,6.6,4.4,2.2,-7.5,0,2,-15,2,1.0,1.0,-0.0,204.2,201.8,2.4,1.02,1.05,-0.03,0.71,0.73,-0.01,130.6,132.9,-2.3,0.7,0.7,0.0,0.26,0.29,-0.03,1.083,1.034,0.049,-0.147,0.631,-0.778,0.707,0.366,0.341,0.158,0.552,-0.394,0.087,0.975,-0.888,0.012,0.475,-0.463,0.443,0.401,0.042,-0.467,0.683,-1.15,0.745,0.335,0.41,0.206,0.584,-0.378
626532,EDward Gaming,T1,0,0.625,0.714,-0.089,0.625,0.714,-0.089,5.0,7.4,-2.4,-7.5,0,2,-15,2,1.0,1.0,-0.0,201.8,196.2,5.6,1.01,1.03,-0.02,0.71,0.72,-0.01,130.8,128.7,2.1,0.7,0.7,0.0,0.29,0.29,0.0,0.973,1.09,-0.117,-0.086,0.035,-0.121,0.37,-0.447,0.817,0.112,0.314,-0.202,-0.256,0.668,-0.924,0.063,-0.381,0.444,0.287,-0.297,0.584,0.804,0.683,0.121,-0.197,0.799,-0.996,0.116,0.18,-0.064
626530,Gentle Mates,Team Liquid,1,0.833,0.778,0.056,0.833,0.778,0.056,6.0,8.8,-2.8,6.0,2,0,12,2,1.1,1.0,0.0,207.3,201.8,5.5,1.05,1.05,-0.0,0.73,0.73,-0.01,136.1,134.8,1.3,0.7,0.7,0.0,0.29,0.29,0.0,0.947,1.054,-0.107,0.947,0.777,0.17,1.164,0.366,0.798,0.621,0.63,-0.009,1.022,1.404,-0.382,1.127,0.865,0.262,1.059,0.276,0.783,0.683,0.538,0.145,-0.441,0.503,-0.944,0.807,0.673,0.134
626529,Paper Rex,NRG,1,0.818,0.714,0.104,0.8,0.714,0.086,6.2,5.6,0.6,0.7,2,1,2,3,1.1,1.0,0.0,205.8,197.2,8.6,1.09,1.04,0.05,0.73,0.73,-0.0,136.9,129.9,7.0,0.7,0.7,0.0,0.27,0.3,-0.03,1.138,1.118,0.02,0.886,0.704,0.182,0.943,-0.298,1.241,1.116,0.447,0.669,1.26,1.404,-0.144,1.301,-0.123,1.424,1.079,-0.105,1.184,-0.116,0.974,-1.09,1.178,1.022,0.156,1.052,0.538,0.514
625789,T1,Team Liquid,0,0.833,0.75,0.083,0.833,0.75,0.083,9.4,8.4,1.0,-3.5,0,2,-7,2,1.0,1.0,-0.0,196.2,201.8,-5.6,1.03,1.05,-0.02,0.72,0.73,-0.01,128.7,134.8,-6.1,0.7,0.7,-0.0,0.29,0.29,0.0,1.09,1.054,0.036,0.035,0.777,-0.742,-0.447,0.366,-0.813,0.314,0.63,-0.316,0.668,1.404,-0.736,-0.381,0.865,-1.246,-0.297,0.276,-0.573,0.683,0.538,0.145,0.799,0.503,0.296,0.18,0.673,-0.493
625790,G2 Esports,Paper Rex,0,0.667,0.8,-0.133,0.667,0.8,-0.133,6.2,2.6,3.6,-6.0,0,2,-12,2,1.0,1.1,-0.0,201.8,205.8,-4.0,1.05,1.09,-0.04,0.73,0.73,-0.0,132.9,136.9,-4.0,0.7,0.7,-0.0,0.29,0.27,0.02,1.034,1.138,-0.104,0.631,0.886,-0.255,0.366,0.943,-0.577,0.552,1.116,-0.564,0.975,1.26,-0.285,0.475,1.301,-0.826,0.401,1.079,-0.678,0.683,-0.116,0.799,0.335,1.178,-0.843,0.584,1.052,-0.468
625791,Xi Lai Gaming,NRG,0,0.75,0.667,0.083,0.75,0.667,0.083,11.8,2.8,8.9,-7.0,0,2,-14,2,1.0,1.0,-0.0,204.2,197.2,7.0,1.02,1.04,-0.02,0.71,0.73,-0.02,130.6,129.9,0.7,0.7,0.7,0.0,0.26,0.3,-0.04,1.083,1.118,-0.035,-0.147,0.704,-0.851,0.707,-0.298,1.005,0.158,0.447,-0.289,0.087,1.404,-1.317,0.012,-0.123,0.135,0.443,-0.105,0.548,-0.467,0.974,-1.441,0.745,1.022,-0.277,0.206,0.538,-0.332
625788,Gentle Mates,EDward Gaming,1,0.8,0.714,0.086,0.8,0.714,0.086,6.8,4.6,2.2,4.0,2,0,8,2,1.1,1.0,0.1,207.3,201.8,5.5,1.05,1.01,0.04,0.73,0.71,0.02,136.1,130.8,5.3,0.7,0.7,0.0,0.29,0.29,-0.0,0.947,0.973,-0.026,0.947,-0.086,1.033,1.164,0.37,0.794,0.621,0.112,0.509,1.022,-0.256,1.278,1.127,0.063,1.064,1.059,0.287,0.772,0.683,0.804,-0.121,-0.441,-0.197,-0.244,0.807,0.116,0.691
626114,FUT Esports,Enterprise Esports,0,0.5,1.0,-0.5,0.5,1.0,-0.5,0.0,14.0,-14.0,-6.0,0,2,-12,2,1.0,1.0,-0.0,196.0,197.0,-1.0,0.98,1.0,-0.02,0.71,0.72,-0.01,128.9,132.0,-3.1,0.7,0.7,-0.0,0.26,0.25,0.01,1.006,0.1,0.906,-0.427,0.0,-0.427,-0.471,0.0,-0.471,-0.341,0.0,-0.341,-0.416,0.0,-0.416,-0.322,0.0,-0.322,-0.297,0.0,-0.297,-0.406,0.0,-0.406,0.093,0.0,0.093,-0.294,0.0,-0.294
626124,Team Vitality,UCAM Esports Club,1,0.625,1.0,-0.375,0.625,1.0,-0.375,3.4,4.0,-0.6,6.5,2,0,13,2,1.0,1.0,0.0,205.0,197.0,8.0,1.09,1.0,0.09,0.73,0.72,0.01,135.3,132.0,3.3,0.7,0.7,0.0,0.27,0.25,0.02,1.124,0.1,1.024,0.814,0.0,0.814,0.827,0.0,0.827,1.091,0.0,1.091,0.975,0.0,0.975,0.963,0.0,0.963,0.835,0.0,0.835,0.029,0.0,0.029,1.069,0.0,1.069,0.884,0.0,0.884
626128,GIANTX,Enterprise Esports,0,0.429,1.0,-0.571,0.429,1.0,-0.571,-2.2,12.0,-14.2,-5.3,1,2,-16,3,1.0,1.0,-0.0,195.7,197.0,-1.3,0.97,1.0,-0.03,0.69,0.72,-0.03,127.3,132.0,-4.7,0.7,0.7,-0.0,0.23,0.25,-0.02,0.94,0.1,0.84,-0.755,0.0,-0.755,-0.519,0.0,-0.519,-0.463,0.0,-0.463,-1.708,0.0,-1.708,-0.649,0.0,-0.649,-0.083,0.0,-0.083,-1.496,0.0,-1.496,-0.503,0.0,-0.503,-0.718,0.0,-0.718
626113,GIANTX,FUT Esports,0,0.5,0.4,0.1,0.5,0.4,0.1,1.6,-5.0,6.6,-6.5,0,2,-13,2,1.0,1.0,-0.0,195.7,196.0,-0.3,0.97,0.98,-0.01,0.69,0.71,-0.02,127.3,128.9,-1.6,0.7,0.7,0.0,0.23,0.26,-0.03,0.94,1.006,-0.066,-0.755,-0.427,-0.328,-0.519,-0.471,-0.048,-0.463,-0.341,-0.122,-1.708,-0.416,-1.292,-0.649,-0.322,-0.327,-0.083,-0.297,0.214,-1.496,-0.406,-1.09,-0.503,0.093,-0.596,-0.718,-0.294,-0.424
626123,Team Vitality,ULF Esports,1,0.571,0.25,0.321,0.571,0.25,0.321,-1.4,-6.2,4.8,7.5,2,0,15,2,1.0,1.0,0.0,205.0,197.0,8.0,1.09,1.0,0.09,0.73,0.72,0.01,135.3,132.0,3.3,0.7,0.7,0.0,0.27,0.25,0.02,1.124,0.1,1.024,0.814,0.0,0.814,0.827,0.0,0.827,1.091,0.0,1.091,0.975,0.0,0.975,0.963,0.0,0.963,0.835,0.0,0.835,0.029,0.0,0.029,1.069,0.0,1.069,0.884,0.0,0.884
626125,Karmine Corp,Enterprise Esports,0,0.2,0.0,0.2,0.2,0.0,0.2,1.2,0.0,1.2,-6.0,0,2,-12,2,1.0,1.0,0.0,197.6,197.0,0.6,1.04,1.0,0.04,0.72,0.72,0.0,128.8,132.0,-3.2,0.7,0.7,0.0,0.26,0.25,0.01,1.088,0.1,0.988,0.084,0.0,0.084,-0.24,0.0,-0.24,0.447,0.0,0.447,0.833,0.0,0.833,-0.346,0.0,-0.346,0.023,0.0,0.023,-0.334,0.0,-0.334,0.783,0.0,0.783,0.096,0.0,0.096
626115,Natus Vincere,UCAM Esports Club,0,0.333,0.0,0.333,0.333,0.0,0.333,-6.0,0.0,-6.0,-1.3,1,2,-4,3,1.1,1.0,0.1,220.5,197.0,23.5,1.18,1.0,0.18,0.71,0.72,-0.01,145.7,132.0,13.7,0.8,0.7,0.1,0.27,0.25,0.02,1.045,0.1,0.945,2.528,0.0,2.528,3.064,0.0,3.064,2.122,0.0,2.122,0.203,0.0,0.203,3.086,0.0,3.086,2.716,0.0,2.716,-0.225,0.0,-0.225,0.428,0.0,0.428,1.837,0.0,1.837
626112,Karmine Corp,FUT Esports,0,0.25,0.25,0.0,0.25,0.25,0.0,0.5,-5.2,5.8,1.3,1,2,4,3,1.0,1.0,0.0,197.6,196.0,1.6,1.04,0.98,0.06,0.72,0.71,0.02,128.8,128.9,-0.1,0.7,0.7,0.0,0.26,0.26,0.0,1.088,1.006,0.082,0.084,-0.427,0.511,-0.24,-0.471,0.231,0.447,-0.341,0.788,0.833,-0.416,1.249,-0.346,-0.322,-0.024,0.023,-0.297,0.32,-0.334,-0.406,0.072,0.783,0.093,0.69,0.096,-0.294,0.39
626111,Team Vitality,FOKUS,1,0.5,0.0,0.5,0.5,0.0,0.5,-2.4,0.0,-2.4,4.5,2,0,9,2,1.0,1.0,0.0,205.0,197.0,8.0,1.09,1.0,0.09,0.73,0.72,0.01,135.3,132.0,3.3,0.7,0.7,0.0,0.27,0.25,0.02,1.124,0.1,1.024,0.814,0.0,0.814,0.827,0.0,0.827,1.091,0.0,1.091,0.975,0.0,0.975,0.963,0.0,0.963,0.835,0.0,0.835,0.029,0.0,0.029,1.069,0.0,1.069,0.884,0.0,0.884
626121,GIANTX,Stallions Esports,1,0.4,0.0,0.4,0.4,0.0,0.4,-2.0,0.0,-2.0,6.0,2,0,12,2,1.0,1.0,-0.0,195.7,197.0,-1.3,0.97,1.0,-0.03,0.69,0.72,-0.03,127.3,132.0,-4.7,0.7,0.7,-0.0,0.23,0.25,-0.02,0.94,0.1,0.84,-0.755,0.0,-0.755,-0.519,0.0,-0.519,-0.463,0.0,-0.463,-1.708,0.0,-1.708,-0.649,0.0,-0.649,-0.083,0.0,-0.083,-1.496,0.0,-1.496,-0.503,0.0,-0.503,-0.718,0.0,-0.718
626122,Natus Vincere,ULF Esports,0,0.4,0.0,0.4,0.4,0.0,0.4,-1.8,-12.7,10.9,-6.5,0,2,-13,2,1.1,1.0,0.1,220.5,197.0,23.5,1.18,1.0,0.18,0.71,0.72,-0.01,145.7,132.0,13.7,0.8,0.7,0.1,0.27,0.25,0.02,1.045,0.1,0.945,2.528,0.0,2.528,3.064,0.0,3.064,2.122,0.0,2.122,0.203,0.0,0.203,3.086,0.0,3.086,2.716,0.0,2.716,-0.225,0.0,-0.225,0.428,0.0,0.428,1.837,0.0,1.837
626110,FUT Esports,Joblife,1,0.0,0.0,0.0,0.0,0.0,0.0,-8.3,0.0,-8.3,2.0,2,0,4,2,1.0,1.0,-0.0,196.0,197.0,-1.0,0.98,1.0,-0.02,0.71,0.72,-0.01,128.9,132.0,-3.1,0.7,0.7,-0.0,0.26,0.25,0.01,1.006,0.1,0.906,-0.427,0.0,-0.427,-0.471,0.0,-0.471,-0.341,0.0,-0.341,-0.416,0.0,-0.416,-0.322,0.0,-0.322,-0.297,0.0,-0.297,-0.406,0.0,-0.406,0.093,0.0,0.093,-0.294,0.0,-0.294
596427,MIBR,NRG,0,0.5,0.6,-0.1,0.5,0.6,-0.1,-2.5,4.2,-6.7,-1.6,2,3,-8,5,1.0,1.0,-0.0,203.8,197.2,6.6,1.05,1.04,0.01,0.73,0.73,-0.0,134.1,129.9,4.2,0.7,0.7,0.0,0.29,0.3,-0.01,1.03,1.118,-0.088,0.613,0.704,-0.091,0.647,-0.298,0.945,0.545,0.447,0.098,1.081,1.404,-0.323,0.722,-0.123,0.845,0.573,-0.105,0.678,0.592,0.974,-0.382,0.301,1.022,-0.721,0.608,0.538,0.07
594769,FNATIC,Team Liquid,0,0.667,0.714,-0.048,0.667,0.714,-0.048,5.4,3.6,1.8,-4.0,0,3,-12,3,1.0,1.0,-0.0,205.8,201.8,4.0,1.05,1.05,-0.0,0.7,0.73,-0.03,135.8,134.8,1.0,0.7,0.7,0.0,0.22,0.29,-0.07,1.042,1.054,-0.012,0.385,0.777,-0.392,0.935,0.366,0.569,0.578,0.63,-0.052,-0.653,1.404,-2.057,1.068,0.865,0.203,0.881,0.276,0.605,-1.859,0.538,-2.397,0.407,0.503,-0.096,0.384,0.673,-0.289
595659,Rex Regum Qeon,Paper Rex,0,0.571,0.778,-0.206,0.571,0.778,-0.206,-1.2,-2.0,0.8,-2.0,1,3,-8,4,1.0,1.1,-0.1,195.6,205.8,-10.2,0.99,1.09,-0.1,0.71,0.73,-0.02,128.4,136.9,-8.5,0.7,0.7,-0.1,0.28,0.27,0.02,0.904,1.138,-0.234,-0.025,0.886,-0.911,-0.529,0.943,-1.472,-0.23,1.116,-1.346,-0.005,1.26,-1.265,-0.432,1.301,-1.733,-0.557,1.079,-1.636,0.465,-0.116,0.581,-0.847,1.178,-2.025,-0.242,1.052,-1.294
596418,MIBR,G2 Esports,0,0.667,0.6,0.067,0.667,0.6,0.067,4.0,-0.4,4.4,-7.3,0,3,-22,3,1.0,1.0,-0.0,203.8,201.8,2.0,1.05,1.05,0.0,0.73,0.73,0.0,134.1,132.9,1.2,0.7,0.7,0.0,0.29,0.29,-0.0,1.03,1.034,-0.004,0.613,0.631,-0.018,0.647,0.366,0.281,0.545,0.552,-0.007,1.081,0.975,0.106,0.722,0.475,0.247,0.573,0.401,0.172,0.592,0.683,-0.091,0.301,0.335,-0.034,0.608,0.584,0.024
596426,NRG,100 Thieves,1,0.5,0.714,-0.214,0.5,0.714,-0.214,1.5,5.8,-4.3,7.5,2,0,15,2,1.0,1.0,-0.0,197.2,200.6,-3.4,1.04,1.08,-0.04,0.73,0.73,-0.0,129.9,130.8,-0.9,0.7,0.7,-0.0,0.3,0.3,-0.0,1.118,1.07,0.048,0.704,0.85,-0.146,-0.298,0.192,-0.49,0.447,0.914,-0.467,1.404,1.548,-0.144,-0.123,0.06,-0.183,-0.105,0.339,-0.444,0.974,1.119,-0.145,1.022,0.636,0.386,0.538,0.788,-0.25
594760,Gentle Mates,FNATIC,1,0.75,0.8,-0.05,0.75,0.8,-0.05,7.0,4.4,2.6,1.2,3,2,6,5,1.1,1.0,0.0,207.3,205.8,1.5,1.05,1.05,0.0,0.73,0.7,0.02,136.1,135.8,0.3,0.7,0.7,0.0,0.29,0.22,0.07,0.947,1.042,-0.095,0.947,0.385,0.562,1.164,0.935,0.229,0.621,0.578,0.043,1.022,-0.653,1.675,1.127,1.068,0.059,1.059,0.881,0.178,0.683,-1.859,2.542,-0.441,0.407,-0.848,0.807,0.384,0.423
594768,Team Vitality,Team Liquid,0,0.6,0.667,-0.067,0.6,0.667,-0.067,3.8,1.2,2.6,-3.0,1,2,-9,3,1.0,1.0,0.0,205.0,201.8,3.2,1.09,1.05,0.04,0.73,0.73,-0.01,135.3,134.8,0.5,0.7,0.7,0.0,0.27,0.29,-0.01,1.124,1.054,0.07,0.814,0.777,0.037,0.827,0.366,0.461,1.091,0.63,0.461,0.975,1.404,-0.429,0.963,0.865,0.098,0.835,0.276,0.559,0.029,0.538,-0.509,1.069,0.503,0.566,0.884,0.673,0.211
595650,Rex Regum Qeon,T1,0,0.667,0.8,-0.133,0.667,0.8,-0.133,5.0,3.8,1.2,-6.3,0,3,-19,3,1.0,1.0,-0.0,195.6,196.2,-0.6,0.99,1.03,-0.04,0.71,0.72,-0.01,128.4,128.7,-0.3,0.7,0.7,-0.0,0.28,0.29,-0.01,0.904,1.09,-0.186,-0.025,0.035,-0.06,-0.529,-0.447,-0.082,-0.23,0.314,-0.544,-0.005,0.668,-0.673,-0.432,-0.381,-0.051,-0.557,-0.297,-0.26,0.465,0.683,-0.218,-0.847,0.799,-1.646,-0.242,0.18,-0.422
595658,DetonatioN FocusMe,Paper Rex,0,0.667,0.75,-0.083,0.667,0.75,-0.083,0.0,-5.0,5.0,-6.5,0,2,-13,2,1.0,1.1,-0.1,198.0,205.8,-7.8,0.97,1.09,-0.12,0.71,0.73,-0.02,128.4,136.9,-8.5,0.7,0.7,-0.0,0.26,0.27,-0.0,0.946,1.138,-0.192,-0.354,0.886,-1.24,-0.183,0.943,-1.126,-0.51,1.116,-1.626,-0.416,1.26,-1.676,-0.432,1.301,-1.733,-0.362,1.079,-1.441,-0.261,-0.116,-0.145,-0.447,1.178,-1.625,-0.358,1.052,-1.41
596408,MIBR,FURIA,0,1.0,1.0,0.0,1.0,1.0,0.0,4.0,9.7,-5.7,0.8,2,3,4,5,1.0,1.1,-0.0,203.8,202.7,1.1,1.05,1.09,-0.04,0.73,0.74,-0.01,134.1,134.5,-0.4,0.7,0.7,0.0,0.29,0.31,-0.02,1.03,0.947,0.083,0.613,1.373,-0.76,0.647,0.491,0.156,0.545,1.049,-0.504,1.081,1.742,-0.661,0.722,0.815,-0.093,0.573,0.547,0.026,0.592,1.289,-0.697,0.301,-0.441,0.742,0.608,0.855,-0.247
596425,100 Thieves,Cloud9,1,0.667,0.667,0.0,0.667,0.667,0.0,4.2,1.4,2.8,3.7,2,1,11,3,1.0,1.0,0.1,200.6,191.0,9.6,1.08,0.96,0.12,0.73,0.72,0.01,130.8,124.7,6.1,0.7,0.7,0.0,0.3,0.29,0.01,1.07,0.986,0.084,0.85,-0.463,1.313,0.192,-1.193,1.385,0.914,-0.652,1.566,1.548,0.692,0.856,0.06,-1.184,1.244,0.339,-0.952,1.291,1.119,0.756,0.363,0.636,-0.083,0.719,0.788,-0.499,1.287
594750,Gentle Mates,BBL Esports,0,1.0,1.0,0.0,1.0,1.0,0.0,9.3,8.7,0.7,0.0,2,3,0,5,1.1,1.0,0.0,207.3,197.5,9.8,1.05,1.0,0.05,0.73,0.71,0.02,136.1,128.8,7.3,0.7,0.7,0.0,0.29,0.34,-0.05,0.947,0.835,0.112,0.947,0.431,0.516,1.164,-0.255,1.419,0.621,-0.023,0.644,1.022,-0.142,1.164,1.127,-0.34,1.467,1.059,-0.297,1.356,0.683,2.318,-1.635,-0.441,-1.545,1.104,0.807,0.027,0.78
594759,FNATIC,Team Vitality,1,0.75,0.75,0.0,0.75,0.75,0.0,2.2,8.0,-5.8,6.5,2,0,13,2,1.0,1.0,-0.0,205.8,205.0,0.8,1.05,1.09,-0.04,0.7,0.73,-0.02,135.8,135.3,0.5,0.7,0.7,0.0,0.22,0.27,-0.05,1.042,1.124,-0.082,0.385,0.814,-0.429,0.935,0.827,0.108,0.578,1.091,-0.513,-0.653,0.975,-1.628,1.068,0.963,0.105,0.881,0.835,0.046,-1.859,0.029,-1.888,0.407,1.069,-0.662,0.384,0.884,-0.5
595640,Nongshim RedForce,Rex Regum Qeon,1,1.0,0.8,0.2,1.0,0.8,0.2,11.7,6.6,5.1,3.0,3,2,15,5,1.0,1.0,0.0,201.6,195.6,6.0,1.04,0.99,0.05,0.72,0.71,0.01,130.5,128.4,2.1,0.7,0.7,0.0,0.28,0.28,-0.0,1.01,0.904,0.106,0.412,-0.025,0.437,0.337,-0.529,0.866,0.499,-0.23,0.729,0.411,-0.005,0.416,-0.005,-0.432,0.427,0.401,-0.557,0.958,0.32,0.465,-0.145,0.128,-0.847,0.975,0.437,-0.242,0.679
595649,DetonatioN FocusMe,T1,0,0.8,0.75,0.05,0.8,0.75,0.05,3.4,2.5,0.9,-4.5,0,2,-9,2,1.0,1.0,-0.0,198.0,196.2,1.8,0.97,1.03,-0.06,0.71,0.72,-0.02,128.4,128.7,-0.3,0.7,0.7,-0.0,0.26,0.29,-0.03,0.946,1.09,-0.144,-0.354,0.035,-0.389,-0.183,-0.447,0.264,-0.51,0.314,-0.824,-0.416,0.668,-1.084,-0.432,-0.381,-0.051,-0.362,-0.297,-0.065,-0.261,0.683,-0.944,-0.447,0.799,-1.246,-0.358,0.18,-0.538
594767,Team Heretics,Team Liquid,0,0.6,0.6,0.0,0.6,0.6,0.0,1.4,-2.0,3.4,-6.0,0,2,-12,2,1.0,1.0,-0.0,203.3,201.8,1.5,1.04,1.05,-0.01,0.73,0.73,-0.0,134.5,134.8,-0.3,0.7,0.7,0.0,0.25,0.29,-0.04,1.163,1.054,0.109,0.461,0.777,-0.316,0.587,0.366,0.221,0.447,0.63,-0.183,1.26,1.404,-0.144,0.802,0.865,-0.063,0.65,0.276,0.374,-0.77,0.538,-1.308,1.371,0.503,0.868,0.618,0.673,-0.055
595657,KIWOOM DRX,Paper Rex,0,0.6,0.714,-0.114,0.6,0.714,-0.114,1.8,-2.2,4.0,0.0,1,2,0,3,1.0,1.1,-0.1,197.0,205.8,-8.8,1.0,1.09,-0.09,0.72,0.73,-0.01,132.0,136.9,-4.9,0.7,0.7,-0.0,0.25,0.27,-0.02,0.1,1.138,-1.038,0.0,0.886,-0.886,0.0,0.943,-0.943,0.0,1.116,-1.116,0.0,1.26,-1.26,0.0,1.301,-1.301,0.0,1.079,-1.079,0.0,-0.116,0.116,0.0,1.178,-1.178,0.0,1.052,-1.052
598950,Bilibili Gaming,EDward Gaming,0,0.667,0.667,0.0,0.667,0.667,0.0,4.6,-0.2,4.8,-2.2,1,3,-9,4,1.0,1.0,-0.0,200.4,201.8,-1.4,1.0,1.01,-0.01,0.7,0.71,-0.01,128.2,130.8,-2.6,0.7,0.7,-0.0,0.28,0.29,-0.01,0.841,0.973,-0.132,-0.364,-0.086,-0.278,0.168,0.37,-0.202,-0.092,0.112,-0.204,-0.822,-0.256,-0.566,-0.478,0.063,-0.541,0.068,0.287,-0.219,0.372,0.804,-0.432,-1.478,-0.197,-1.281,-0.236,0.116,-0.352
600864,Eternal Fire,Fire Flux Esports,0,0.667,0.0,0.667,0.667,0.0,0.667,0.4,0.0,0.4,1.0,1,2,3,3,1.0,1.0,-0.0,199.8,197.0,2.8,0.95,1.0,-0.05,0.69,0.72,-0.03,131.4,132.0,-0.6,0.7,0.7,-0.0,0.26,0.25,0.01,1.03,0.1,0.93,-0.527,0.0,-0.527,0.07,0.0,0.07,-0.76,0.0,-0.76,-1.817,0.0,-1.817,0.183,0.0,0.183,-0.057,0.0,-0.057,-0.406,0.0,-0.406,0.301,0.0,0.301,-0.373,0.0,-0.373
595656,Paper Rex,Global Esports,1,0.667,0.6,0.067,0.667,0.6,0.067,1.2,4.6,-3.4,-0.7,2,1,-2,3,1.1,1.0,0.0,205.8,201.0,4.8,1.09,1.03,0.07,0.73,0.71,0.02,136.9,132.0,4.9,0.7,0.7,0.0,0.27,0.25,0.02,1.138,1.01,0.128,0.886,0.266,0.62,0.943,0.25,0.693,1.116,0.26,0.856,1.26,0.133,1.127,1.301,0.296,1.005,1.079,0.339,0.74,-0.116,-0.842,0.726,1.178,0.128,1.05,1.052,0.201,0.851
598941,Xi Lai Gaming,Bilibili Gaming,1,0.667,0.8,-0.133,0.667,0.8,-0.133,10.3,5.2,5.1,3.2,3,2,16,5,1.0,1.0,0.0,204.2,200.4,3.8,1.02,1.0,0.02,0.71,0.7,0.01,130.6,128.2,2.4,0.7,0.7,0.0,0.26,0.28,-0.02,1.083,0.841,0.242,-0.147,-0.364,0.217,0.707,0.168,0.539,0.158,-0.092,0.25,0.087,-0.822,0.909,0.012,-0.478,0.49,0.443,0.068,0.375,-0.467,0.372,-0.839,0.745,-1.478,2.223,0.206,-0.236,0.442
595655,FULL SENSE,KIWOOM DRX,0,0.5,0.5,0.0,0.5,0.5,0.0,2.2,-1.2,3.5,-7.0,0,2,-14,2,1.0,1.0,0.0,205.5,197.0,8.5,1.03,1.0,0.03,0.71,0.72,-0.01,132.5,132.0,0.5,0.7,0.7,0.0,0.23,0.25,-0.02,1.08,0.1,0.98,0.02,0.0,0.02,0.899,0.0,0.899,0.38,0.0,0.38,0.203,0.0,0.203,0.402,0.0,0.402,0.804,0.0,0.804,-1.587,0.0,-1.587,0.718,0.0,0.718,0.261,0.0,0.261
596417,NRG,G2 Esports,0,0.667,0.5,0.167,0.667,0.5,0.167,7.0,-4.2,11.2,-7.5,0,2,-15,2,1.0,1.0,0.0,197.2,201.8,-4.6,1.04,1.05,-0.01,0.73,0.73,0.01,129.9,132.9,-3.0,0.7,0.7,-0.0,0.3,0.29,0.01,1.118,1.034,0.084,0.704,0.631,0.073,-0.298,0.366,-0.664,0.447,0.552,-0.105,1.404,0.975,0.429,-0.123,0.475,-0.598,-0.105,0.401,-0.506,0.974,0.683,0.291,1.022,0.335,0.687,0.538,0.584,-0.046
596424,Cloud9,LEVIATÁN,1,0.6,0.5,0.1,0.6,0.5,0.1,0.2,-0.8,0.9,7.0,2,0,14,2,1.0,1.1,-0.1,191.0,202.6,-11.6,0.96,1.13,-0.17,0.72,0.74,-0.02,124.7,132.7,-8.0,0.7,0.7,-0.0,0.29,0.29,0.0,0.986,1.232,-0.246,-0.463,1.069,-1.532,-1.193,0.481,-1.674,-0.652,1.562,-2.214,0.692,2.133,-1.441,-1.184,0.443,-1.627,-0.952,0.588,-1.54,0.756,0.683,0.073,-0.083,1.876,-1.959,-0.499,1.083,-1.582
596423,100 Thieves,Evil Geniuses,1,0.6,0.5,0.1,0.6,0.5,0.1,4.4,2.5,1.9,2.0,2,0,4,2,1.0,1.0,0.1,200.6,192.8,7.8,1.08,0.94,0.14,0.73,0.7,0.04,130.8,128.5,2.3,0.7,0.7,0.0,0.3,0.26,0.04,1.07,1.006,0.064,0.85,-0.755,1.605,0.192,-0.933,1.125,0.914,-0.941,1.855,1.548,-1.09,2.638,0.06,-0.411,0.471,0.339,-0.952,1.291,1.119,-0.479,1.598,0.636,0.093,0.543,0.788,-0.778,1.566
595654,Global Esports,Gen.G,1,0.5,0.25,0.25,0.5,0.25,0.25,5.2,-5.0,10.2,0.7,2,1,2,3,1.0,1.0,0.0,201.0,201.5,-0.5,1.03,1.0,0.02,0.71,0.72,-0.0,132.0,130.6,1.4,0.7,0.7,0.0,0.25,0.26,-0.02,1.01,1.018,-0.008,0.266,0.005,0.261,0.25,0.322,-0.072,0.26,-0.023,0.283,0.133,0.435,-0.302,0.296,0.005,0.291,0.339,0.023,0.316,-0.842,-0.285,-0.557,0.128,0.201,-0.073,0.201,0.045,0.156
598931,All Gamers,Xi Lai Gaming,1,1.0,1.0,0.0,1.0,1.0,0.0,6.7,15.5,-8.8,0.0,3,2,0,5,1.0,1.0,0.0,202.8,204.2,-1.4,1.04,1.02,0.02,0.72,0.71,0.0,130.2,130.6,-0.4,0.7,0.7,-0.0,0.28,0.26,0.02,1.06,1.083,-0.023,0.339,-0.147,0.486,0.51,0.707,-0.197,0.42,0.158,0.262,0.272,0.087,0.185,-0.07,0.012,-0.082,0.401,0.443,-0.042,0.247,-0.467,0.714,0.553,0.745,-0.192,0.375,0.206,0.169
595653,KIWOOM DRX,ZETA DIVISION,1,0.333,0.333,0.0,0.333,0.333,0.0,-3.0,-8.0,5.0,1.3,2,1,4,3,1.0,0.9,0.1,197.0,194.8,2.2,1.0,0.91,0.09,0.72,0.69,0.03,132.0,127.2,4.8,0.7,0.7,0.0,0.25,0.27,-0.02,0.1,0.875,-0.775,0.0,-1.302,1.302,0.0,-0.652,0.652,0.0,-1.462,1.462,0.0,-1.157,1.157,0.0,-0.686,0.686,0.0,-0.869,0.869,0.0,-0.225,0.225,0.0,-1.134,1.134,0.0,-1.096,1.096
598949,Dragon Ranger Gaming,EDward Gaming,0,0.5,0.6,-0.1,0.5,0.6,-0.1,0.2,-1.4,1.6,-5.3,1,2,-16,3,1.0,1.0,-0.0,197.5,201.8,-4.3,0.98,1.01,-0.03,0.72,0.71,0.01,128.7,130.8,-2.1,0.7,0.7,-0.0,0.31,0.29,0.02,0.985,0.973,0.012,-0.177,-0.086,-0.091,-0.255,0.37,-0.625,-0.369,0.112,-0.481,0.435,-0.256,0.691,-0.381,0.063,-0.444,-0.244,0.287,-0.531,1.47,0.804,0.666,-0.092,-0.197,0.105,-0.115,0.116,-0.231
596422,Sentinels,LEVIATÁN,0,0.333,0.333,0.0,0.333,0.333,0.0,-2.3,-2.7,0.3,-2.5,0,2,-5,2,1.0,1.1,-0.1,193.2,202.6,-9.4,1.01,1.13,-0.12,0.71,0.74,-0.04,128.9,132.7,-3.8,0.7,0.7,-0.0,0.27,0.29,-0.02,0.905,1.232,-0.327,0.157,1.069,-0.912,-0.868,0.481,-1.349,0.011,1.562,-1.551,-0.313,2.133,-2.446,-0.335,0.443,-0.778,-0.869,0.588,-1.457,-0.134,0.683,-0.817,-0.837,1.876,-2.713,-0.356,1.083,-1.439
596421,ENVY,Evil Geniuses,0,0.5,0.333,0.167,0.5,0.333,0.167,1.0,0.0,1.0,-5.0,0,2,-10,2,0.8,1.0,-0.2,177.0,192.8,-15.8,0.8,0.94,-0.14,0.68,0.7,-0.02,112.1,128.5,-16.4,0.6,0.7,-0.1,0.25,0.26,-0.01,0.91,1.006,-0.096,-3.855,-0.755,-3.1,-3.213,-0.933,-2.28,-3.155,-0.941,-2.214,-2.143,-1.09,-1.053,-3.746,-0.411,-3.335,-3.041,-0.952,-2.089,-0.77,-0.479,-0.291,-0.789,0.093,-0.882,-2.794,-0.778,-2.016
594766,GIANTX,Team Liquid,0,0.5,0.5,0.0,0.5,0.5,0.0,-1.5,-3.5,2.0,-1.3,1,2,-4,3,1.0,1.0,-0.1,195.7,201.8,-6.1,0.97,1.05,-0.08,0.69,0.73,-0.04,127.3,134.8,-7.5,0.7,0.7,-0.0,0.23,0.29,-0.06,0.94,1.054,-0.114,-0.755,0.777,-1.532,-0.519,0.366,-0.885,-0.463,0.63,-1.093,-1.708,1.404,-3.112,-0.649,0.865,-1.514,-0.083,0.276,-0.359,-1.496,0.538,-2.034,-0.503,0.503,-1.006,-0.718,0.673,-1.391
594765,Natus Vincere,Team Heretics,0,0.5,0.5,0.0,0.5,0.5,0.0,2.0,-2.5,4.5,-8.5,0,2,-17,2,1.1,1.0,0.1,220.5,203.3,17.2,1.18,1.04,0.14,0.71,0.73,-0.02,145.7,134.5,11.2,0.8,0.7,0.1,0.27,0.25,0.02,1.045,1.163,-0.118,2.528,0.461,2.067,3.064,0.587,2.477,2.122,0.447,1.675,0.203,1.26,-1.057,3.086,0.802,2.284,2.716,0.65,2.066,-0.225,-0.77,0.545,0.428,1.371,-0.943,1.837,0.618,1.219
595648,Paper Rex,T1,0,0.8,0.667,0.133,0.8,0.667,0.133,4.6,1.3,3.3,-2.0,1,2,-6,3,1.1,1.0,0.0,205.8,196.2,9.6,1.09,1.03,0.06,0.73,0.72,0.01,136.9,128.7,8.2,0.7,0.7,0.0,0.27,0.29,-0.02,1.138,1.09,0.048,0.886,0.035,0.851,0.943,-0.447,1.39,1.116,0.314,0.802,1.26,0.668,0.592,1.301,-0.381,1.682,1.079,-0.297,1.376,-0.116,0.683,-0.799,1.178,0.799,0.379,1.052,0.18,0.872
598948,TYLOO,EDward Gaming,0,0.667,0.5,0.167,0.667,0.5,0.167,0.8,-1.8,2.5,0.0,1,2,0,3,1.0,1.0,0.0,201.5,201.8,-0.3,1.01,1.01,0.0,0.72,0.71,0.02,134.0,130.8,3.2,0.7,0.7,-0.0,0.3,0.29,0.01,0.947,0.973,-0.026,0.704,-0.086,0.79,0.322,0.37,-0.048,0.112,0.112,0.0,0.786,-0.256,1.042,0.71,0.063,0.647,0.181,0.287,-0.106,0.986,0.804,0.182,-0.441,-0.197,-0.244,0.444,0.116,0.328
598940,Dragon Ranger Gaming,Bilibili Gaming,0,0.667,0.75,-0.083,0.667,0.75,-0.083,6.3,2.0,4.3,-9.0,0,2,-18,2,1.0,1.0,0.0,197.5,200.4,-2.9,0.98,1.0,-0.02,0.72,0.7,0.02,128.7,128.2,0.5,0.7,0.7,-0.0,0.31,0.28,0.03,0.985,0.841,0.144,-0.177,-0.364,0.187,-0.255,0.168,-0.423,-0.369,-0.092,-0.277,0.435,-0.822,1.257,-0.381,-0.478,0.097,-0.244,0.068,-0.312,1.47,0.372,1.098,-0.092,-1.478,1.386,-0.115,-0.236,0.121
595647,FULL SENSE,DetonatioN FocusMe,0,0.667,0.75,-0.083,0.667,0.75,-0.083,4.7,3.0,1.7,-1.7,1,2,-5,3,1.0,1.0,0.0,205.5,198.0,7.5,1.03,0.97,0.06,0.71,0.71,0.01,132.5,128.4,4.1,0.7,0.7,0.0,0.23,0.26,-0.04,1.08,0.946,0.134,0.02,-0.354,0.374,0.899,-0.183,1.082,0.38,-0.51,0.89,0.203,-0.416,0.619,0.402,-0.432,0.834,0.804,-0.362,1.166,-1.587,-0.261,-1.326,0.718,-0.447,1.165,0.261,-0.358,0.619
594764,Team Liquid,ULF Esports,1,0.333,0.0,0.333,0.333,0.0,0.333,-6.3,-16.5,10.2,1.7,2,1,5,3,1.0,1.0,0.0,201.8,197.0,4.8,1.05,1.0,0.05,0.73,0.72,0.01,134.8,132.0,2.8,0.7,0.7,0.0,0.29,0.25,0.04,1.054,0.1,0.954,0.777,0.0,0.777,0.366,0.0,0.366,0.63,0.0,0.63,1.404,0.0,1.404,0.865,0.0,0.865,0.276,0.0,0.276,0.538,0.0,0.538,0.503,0.0,0.503,0.673,0.0,0.673
594763,Team Heretics,Karmine Corp,1,0.333,0.333,0.0,0.333,0.333,0.0,-2.0,-0.7,-1.3,-1.3,2,1,-4,3,1.0,1.0,0.0,203.3,197.6,5.7,1.04,1.04,0.0,0.73,0.72,0.01,134.5,128.8,5.7,0.7,0.7,0.0,0.25,0.26,-0.01,1.163,1.088,0.075,0.461,0.084,0.377,0.587,-0.24,0.827,0.447,0.447,0.0,1.26,0.833,0.427,0.802,-0.346,1.148,0.65,0.023,0.627,-0.77,-0.334,-0.436,1.371,0.783,0.588,0.618,0.096,0.522
598947,EDward Gaming,JD Gaming,1,0.333,0.6,-0.267,0.333,0.6,-0.267,-5.0,0.6,-5.6,2.7,2,1,8,3,1.0,1.0,0.0,201.8,193.2,8.6,1.01,0.96,0.06,0.71,0.7,0.01,130.8,125.8,5.0,0.7,0.7,0.0,0.29,0.29,-0.0,0.973,0.832,0.141,-0.086,-0.718,0.632,0.37,-0.875,1.245,0.112,-0.71,0.822,-0.256,-0.687,0.431,0.063,-0.964,1.027,0.287,-0.82,1.107,0.804,0.829,-0.025,-0.197,-1.577,1.38,0.116,-0.706,0.822
595652,VARREL,Gen.G,0,0.0,0.0,0.0,0.0,0.0,0.0,-10.0,-8.3,-1.7,-1.7,1,2,-5,3,1.0,1.0,-0.0,192.5,201.5,-9.0,0.95,1.0,-0.05,0.69,0.72,-0.03,125.5,130.6,-5.1,0.7,0.7,-0.0,0.26,0.26,-0.01,1.058,1.018,0.04,-0.725,0.005,-0.73,-0.976,0.322,-1.298,-0.748,-0.023,-0.725,-1.488,0.435,-1.923,-1.015,0.005,-1.02,-1.008,0.023,-1.031,-0.588,-0.285,-0.303,0.539,0.201,0.338,-0.815,0.045,-0.86
598946,TYLOO,Trace Esports,1,0.6,0.5,0.1,0.6,0.5,0.1,3.0,0.5,2.5,4.0,2,0,8,2,1.0,1.0,0.1,201.5,197.8,3.7,1.01,0.96,0.06,0.72,0.7,0.03,134.0,129.4,4.6,0.7,0.7,0.0,0.3,0.27,0.03,0.947,0.99,-0.043,0.704,-0.573,1.277,0.322,-0.212,0.534,0.112,-0.71,0.822,0.786,-0.956,1.742,0.71,-0.232,0.942,0.181,-0.169,0.35,0.986,0.029,0.957,-0.441,-0.048,-0.393,0.444,-0.448,0.892
595651,Team Secret,ZETA DIVISION,0,0.0,0.0,0.0,0.0,0.0,0.0,-14.5,-13.0,-1.5,-0.7,1,2,-2,3,0.9,0.9,-0.0,200.0,194.8,5.2,0.92,0.91,0.01,0.69,0.69,0.0,133.7,127.2,6.5,0.7,0.7,0.0,0.21,0.27,-0.06,0.995,0.875,0.12,-1.576,-1.302,-0.274,0.106,-0.652,0.758,-1.311,-1.462,0.151,-1.157,-1.157,0.0,0.646,-0.686,1.332,0.023,-0.869,0.892,-2.223,-0.225,-1.998,-0.003,-1.134,1.131,-0.868,-1.096,0.228
594758,Team Vitality,GIANTX,1,0.667,0.667,0.0,0.667,0.667,0.0,5.7,3.0,2.7,7.5,2,0,15,2,1.0,1.0,0.1,205.0,195.7,9.3,1.09,0.97,0.12,0.73,0.69,0.04,135.3,127.3,8.0,0.7,0.7,0.0,0.27,0.23,0.04,1.124,0.94,0.184,0.814,-0.755,1.569,0.827,-0.519,1.346,1.091,-0.463,1.554,0.975,-1.708,2.683,0.963,-0.649,1.612,0.835,-0.083,0.918,0.029,-1.496,1.525,1.069,-0.503,1.572,0.884,-0.718,1.602
594757,Natus Vincere,FNATIC,0,0.667,0.667,0.0,0.667,0.667,0.0,2.0,3.7,-1.7,0.7,1,2,2,3,1.1,1.0,0.1,220.5,205.8,14.7,1.18,1.05,0.12,0.71,0.7,0.01,145.7,135.8,9.9,0.8,0.7,0.1,0.27,0.22,0.05,1.045,1.042,0.003,2.528,0.385,2.143,3.064,0.935,2.129,2.122,0.578,1.544,0.203,-0.653,0.856,3.086,1.068,2.018,2.716,0.881,1.835,-0.225,-1.859,1.634,0.428,0.407,0.021,1.837,0.384,1.453
598939,EDward Gaming,Bilibili Gaming,0,0.5,0.667,-0.167,0.5,0.667,-0.167,-2.5,-0.7,-1.8,-3.3,1,2,-10,3,1.0,1.0,0.0,201.8,200.4,1.4,1.01,1.0,0.01,0.71,0.7,0.01,130.8,128.2,2.6,0.7,0.7,0.0,0.29,0.28,0.01,0.973,0.841,0.132,-0.086,-0.364,0.278,0.37,0.168,0.202,0.112,-0.092,0.204,-0.256,-0.822,0.566,0.063,-0.478,0.541,0.287,0.068,0.219,0.804,0.372,0.432,-0.197,-1.478,1.281,0.116,-0.236,0.352
598945,Titan Esports Club,JD Gaming,0,0.333,0.5,-0.167,0.333,0.5,-0.167,-2.3,0.8,-3.1,0.0,1,2,0,3,1.0,1.0,0.0,202.0,193.2,8.8,0.99,0.96,0.03,0.7,0.7,-0.0,132.7,125.8,6.9,0.7,0.7,0.0,0.28,0.29,-0.01,0.822,0.832,-0.01,-0.098,-0.718,0.62,0.394,-0.875,1.269,-0.23,-0.71,0.48,-0.822,-0.687,-0.135,0.434,-0.964,1.398,0.276,-0.82,1.096,0.32,0.829,-0.509,-1.683,-1.577,-0.106,-0.198,-0.706,0.508
594761,Karmine Corp,FUT Esports,1,0.0,0.0,0.0,0.0,0.0,0.0,-2.5,-11.0,8.5,1.0,2,1,3,3,1.0,1.0,0.0,197.6,196.0,1.6,1.04,0.98,0.06,0.72,0.71,0.02,128.8,128.9,-0.1,0.7,0.7,0.0,0.26,0.26,0.0,1.088,1.006,0.082,0.084,-0.427,0.511,-0.24,-0.471,0.231,0.447,-0.341,0.788,0.833,-0.416,1.249,-0.346,-0.322,-0.024,0.023,-0.297,0.32,-0.334,-0.406,0.072,0.783,0.093,0.69,0.096,-0.294,0.39
598938,Dragon Ranger Gaming,TYLOO,1,0.5,0.75,-0.25,0.5,0.75,-0.25,4.0,6.5,-2.5,3.7,2,1,11,3,1.0,1.0,-0.0,197.5,201.5,-4.0,0.98,1.01,-0.03,0.72,0.72,-0.01,128.7,134.0,-5.3,0.7,0.7,-0.0,0.31,0.3,0.01,0.985,0.947,0.038,-0.177,0.704,-0.881,-0.255,0.322,-0.577,-0.369,0.112,-0.481,0.435,0.786,-0.351,-0.381,0.71,-1.091,-0.244,0.181,-0.425,1.47,0.986,0.484,-0.092,-0.441,0.349,-0.115,0.444,-0.559
598944,Trace Esports,Wolves Esports,1,0.333,0.5,-0.167,0.333,0.5,-0.167,-2.7,-2.2,-0.4,3.3,2,1,10,3,1.0,1.0,-0.0,197.8,197.4,0.4,0.96,0.94,0.02,0.7,0.7,-0.0,129.4,129.6,-0.2,0.7,0.7,0.0,0.27,0.28,-0.0,0.99,0.86,0.13,-0.573,-0.39,-0.183,-0.212,-0.269,0.057,-0.71,-1.0,0.29,-0.956,-0.687,-0.269,-0.232,-0.184,-0.048,-0.169,-0.557,0.388,0.029,0.175,-0.146,-0.048,-1.286,1.238,-0.448,-0.651,0.203
600860,Eternal Fire,S2G Esports,1,0.6,0.0,0.6,0.6,0.0,0.6,1.2,0.0,1.2,0.7,2,1,2,3,1.0,1.0,-0.0,199.8,197.0,2.8,0.95,1.0,-0.05,0.69,0.72,-0.03,131.4,132.0,-0.6,0.7,0.7,-0.0,0.26,0.25,0.01,1.03,0.1,0.93,-0.527,0.0,-0.527,0.07,0.0,0.07,-0.76,0.0,-0.76,-1.817,0.0,-1.817,0.183,0.0,0.183,-0.057,0.0,-0.057,-0.406,0.0,-0.406,0.301,0.0,0.301,-0.373,0.0,-0.373
596416,G2 Esports,Cloud9,1,0.333,0.75,-0.417,0.333,0.75,-0.417,-7.7,1.8,-9.4,3.0,2,0,6,2,1.0,1.0,0.1,201.8,191.0,10.8,1.05,0.96,0.09,0.73,0.72,0.0,132.9,124.7,8.2,0.7,0.7,0.0,0.29,0.29,-0.0,1.034,0.986,0.048,0.631,-0.463,1.094,0.366,-1.193,1.559,0.552,-0.652,1.204,0.975,0.692,0.283,0.475,-1.184,1.659,0.401,-0.952,1.353,0.683,0.756,-0.073,0.335,-0.083,0.418,0.584,-0.499,1.083
596415,NRG,100 Thieves,1,0.5,0.75,-0.25,0.5,0.75,-0.25,7.5,7.0,0.5,3.0,2,0,6,2,1.0,1.0,-0.0,197.2,200.6,-3.4,1.04,1.08,-0.04,0.73,0.73,-0.0,129.9,130.8,-0.9,0.7,0.7,-0.0,0.3,0.3,-0.0,1.118,1.07,0.048,0.704,0.85,-0.146,-0.298,0.192,-0.49,0.447,0.914,-0.467,1.404,1.548,-0.144,-0.123,0.06,-0.183,-0.105,0.339,-0.444,0.974,1.119,-0.145,1.022,0.636,0.386,0.538,0.788,-0.25
598930,Xi Lai Gaming,EDward Gaming,1,1.0,1.0,0.0,1.0,1.0,0.0,16.0,10.0,6.0,7.5,2,0,15,2,1.0,1.0,-0.0,204.2,201.8,2.4,1.02,1.01,0.0,0.71,0.71,0.01,130.6,130.8,-0.2,0.7,0.7,0.0,0.26,0.29,-0.03,1.083,0.973,0.11,-0.147,-0.086,-0.061,0.707,0.37,0.337,0.158,0.112,0.046,0.087,-0.256,0.343,0.012,0.063,-0.051,0.443,0.287,0.156,-0.467,0.804,-1.271,0.745,-0.197,0.942,0.206,0.116,0.09
595646,KIWOOM DRX,T1,0,0.5,0.5,0.0,0.5,0.5,0.0,0.5,-3.0,3.5,-5.0,0,2,-10,2,1.0,1.0,-0.0,197.0,196.2,0.8,1.0,1.03,-0.03,0.72,0.72,-0.0,132.0,128.7,3.3,0.7,0.7,0.0,0.25,0.29,-0.04,0.1,1.09,-0.99,0.0,0.035,-0.035,0.0,-0.447,0.447,0.0,0.314,-0.314,0.0,0.668,-0.668,0.0,-0.381,0.381,0.0,-0.297,0.297,0.0,0.683,-0.683,0.0,0.799,-0.799,0.0,0.18,-0.18
598943,JD Gaming,FunPlus Phoenix,1,0.333,0.0,0.333,0.333,0.0,0.333,-1.7,-13.3,11.7,2.7,2,1,8,3,1.0,1.0,-0.0,193.2,200.2,-7.0,0.96,1.02,-0.07,0.7,0.7,-0.0,125.8,131.3,-5.5,0.7,0.7,-0.0,0.29,0.22,0.07,0.832,1.123,-0.291,-0.718,0.111,-0.829,-0.875,0.142,-1.017,-0.71,0.214,-0.924,-0.687,-0.484,-0.203,-0.964,0.153,-1.117,-0.82,0.339,-1.159,0.829,-1.769,2.598,-1.577,1.057,-2.634,-0.706,0.042,-0.748
595645,DetonatioN FocusMe,Global Esports,1,0.667,0.667,0.0,0.667,0.667,0.0,4.3,6.7,-2.3,-0.3,2,1,-1,3,1.0,1.0,-0.0,198.0,201.0,-3.0,0.97,1.03,-0.06,0.71,0.71,-0.01,128.4,132.0,-3.6,0.7,0.7,-0.0,0.26,0.25,0.02,0.946,1.01,-0.064,-0.354,0.266,-0.62,-0.183,0.25,-0.433,-0.51,0.26,-0.77,-0.416,0.133,-0.549,-0.432,0.296,-0.728,-0.362,0.339,-0.701,-0.261,-0.842,0.581,-0.447,0.128,-0.575,-0.358,0.201,-0.559
596420,KRÜ Esports,LEVIATÁN,0,0.0,0.0,0.0,0.0,0.0,0.0,-9.0,-10.0,1.0,-6.0,0,2,-12,2,1.1,1.1,0.0,208.5,202.6,5.9,1.18,1.13,0.05,0.7,0.74,-0.04,136.9,132.7,4.2,0.8,0.7,0.0,0.2,0.29,-0.09,1.225,1.232,-0.007,1.616,1.069,0.547,1.332,0.481,0.851,2.122,1.562,0.56,-0.822,2.133,-2.955,1.307,0.443,0.864,2.0,0.588,1.412,-2.586,0.683,-3.269,1.826,1.876,-0.05,1.073,1.083,-0.01
596419,LOUD,Evil Geniuses,0,0.0,0.0,0.0,0.0,0.0,0.0,-12.0,-5.0,-7.0,-5.0,0,2,-10,2,1.0,1.0,0.1,197.0,192.8,4.2,1.04,0.94,0.1,0.71,0.7,0.02,130.3,128.5,1.8,0.7,0.7,0.0,0.3,0.26,0.05,1.085,1.006,0.079,0.75,-0.755,1.505,-0.327,-0.933,0.606,0.413,-0.941,1.354,0.203,-1.09,1.293,-0.051,-0.411,0.36,-0.217,-0.952,0.735,1.228,-0.479,1.707,0.758,0.093,0.665,0.313,-0.778,1.091
600856,Eternal Fire,FUT Esports Academy,0,0.75,0.0,0.75,0.75,0.0,0.75,2.8,0.0,2.8,-2.5,0,2,-5,2,1.0,1.0,-0.0,199.8,197.0,2.8,0.95,1.0,-0.05,0.69,0.72,-0.03,131.4,132.0,-0.6,0.7,0.7,-0.0,0.26,0.25,0.01,1.03,0.1,0.93,-0.527,0.0,-0.527,0.07,0.0,0.07,-0.76,0.0,-0.76,-1.817,0.0,-1.817,0.183,0.0,0.183,-0.057,0.0,-0.057,-0.406,0.0,-0.406,0.301,0.0,0.301,-0.373,0.0,-0.373
598929,All Gamers,Dragon Ranger Gaming,1,1.0,1.0,0.0,1.0,1.0,0.0,10.5,7.0,3.5,-0.3,2,1,-1,3,1.0,1.0,0.0,202.8,197.5,5.3,1.04,0.98,0.06,0.72,0.72,-0.0,130.2,128.7,1.5,0.7,0.7,0.0,0.28,0.31,-0.03,1.06,0.985,0.075,0.339,-0.177,0.516,0.51,-0.255,0.765,0.42,-0.369,0.789,0.272,0.435,-0.163,-0.07,-0.381,0.311,0.401,-0.244,0.645,0.247,1.47,-1.223,0.553,-0.092,0.645,0.375,-0.115,0.49
595639,Paper Rex,Rex Regum Qeon,0,1.0,0.75,0.25,1.0,0.75,0.25,9.5,4.5,5.0,-7.5,0,2,-15,2,1.1,1.0,0.1,205.8,195.6,10.2,1.09,0.99,0.1,0.73,0.71,0.02,136.9,128.4,8.5,0.7,0.7,0.1,0.27,0.28,-0.02,1.138,0.904,0.234,0.886,-0.025,0.911,0.943,-0.529,1.472,1.116,-0.23,1.346,1.26,-0.005,1.265,1.301,-0.432,1.733,1.079,-0.557,1.636,-0.116,0.465,-0.581,1.178,-0.847,2.025,1.052,-0.242,1.294
598942,Nova Esports,Wolves Esports,0,0.0,0.333,-0.333,0.0,0.333,-0.333,-10.0,-4.3,-5.7,-1.3,1,2,-4,3,1.0,1.0,0.0,207.0,197.4,9.6,1.05,0.94,0.11,0.7,0.7,0.0,132.5,129.6,2.9,0.7,0.7,0.0,0.25,0.28,-0.02,1.038,0.86,0.178,-0.281,-0.39,0.109,1.116,-0.269,1.385,0.526,-1.0,1.526,-0.552,-0.687,0.135,0.41,-0.184,0.594,0.896,-0.557,1.453,-0.624,0.175,-0.799,0.369,-1.286,1.655,0.211,-0.651,0.862
595638,Nongshim RedForce,FULL SENSE,1,1.0,1.0,0.0,1.0,1.0,0.0,11.0,13.5,-2.5,6.5,2,0,13,2,1.0,1.0,0.0,201.6,205.5,-3.9,1.04,1.03,0.01,0.72,0.71,0.0,130.5,132.5,-2.0,0.7,0.7,-0.0,0.28,0.23,0.05,1.01,1.08,-0.07,0.412,0.02,0.392,0.337,0.899,-0.562,0.499,0.38,0.119,0.411,0.203,0.208,-0.005,0.402,-0.407,0.401,0.804,-0.403,0.32,-1.587,1.907,0.128,0.718,-0.59,0.437,0.261,0.176
596407,FURIA,G2 Esports,1,1.0,0.5,0.5,1.0,0.5,0.5,10.0,-7.0,17.0,3.0,2,1,9,3,1.1,1.0,0.0,202.7,201.8,0.9,1.09,1.05,0.04,0.74,0.73,0.01,134.5,132.9,1.6,0.7,0.7,0.0,0.31,0.29,0.02,0.947,1.034,-0.087,1.373,0.631,0.742,0.491,0.366,0.125,1.049,0.552,0.497,1.742,0.975,0.767,0.815,0.475,0.34,0.547,0.401,0.146,1.289,0.683,0.606,-0.441,0.335,-0.776,0.855,0.584,0.271
596406,NRG,MIBR,0,1.0,1.0,0.0,1.0,1.0,0.0,15.0,8.0,7.0,0.0,1,2,0,3,1.0,1.0,0.0,197.2,203.8,-6.6,1.04,1.05,-0.01,0.73,0.73,0.0,129.9,134.1,-4.2,0.7,0.7,-0.0,0.3,0.29,0.01,1.118,1.03,0.088,0.704,0.613,0.091,-0.298,0.647,-0.945,0.447,0.545,-0.098,1.404,1.081,0.323,-0.123,0.722,-0.845,-0.105,0.573,-0.678,0.974,0.592,0.382,1.022,0.301,0.721,0.538,0.608,-0.07
594756,GIANTX,Team Heretics,1,0.5,0.5,0.0,0.5,0.5,0.0,0.0,1.5,-1.5,4.5,2,0,9,2,1.0,1.0,-0.1,195.7,203.3,-7.6,0.97,1.04,-0.07,0.69,0.73,-0.04,127.3,134.5,-7.2,0.7,0.7,-0.0,0.23,0.25,-0.02,0.94,1.163,-0.223,-0.755,0.461,-1.216,-0.519,0.587,-1.106,-0.463,0.447,-0.91,-1.708,1.26,-2.968,-0.649,0.802,-1.451,-0.083,0.65,-0.733,-1.496,-0.77,-0.726,-0.503,1.371,-1.874,-0.718,0.618,-1.336
594755,Team Liquid,FNATIC,0,0.5,0.5,0.0,0.5,0.5,0.0,-3.5,-0.5,-3.0,-6.0,0,2,-12,2,1.0,1.0,0.0,201.8,205.8,-4.0,1.05,1.05,0.0,0.73,0.7,0.03,134.8,135.8,-1.0,0.7,0.7,-0.0,0.29,0.22,0.07,1.054,1.042,0.012,0.777,0.385,0.392,0.366,0.935,-0.569,0.63,0.578,0.052,1.404,-0.653,2.057,0.865,1.068,-0.203,0.276,0.881,-0.605,0.538,-1.859,2.397,0.503,0.407,0.096,0.673,0.384,0.289
598937,Trace Esports,Bilibili Gaming,0,0.5,0.5,0.0,0.5,0.5,0.0,-1.5,-3.5,2.0,-2.5,0,2,-5,2,1.0,1.0,-0.0,197.8,200.4,-2.6,0.96,1.0,-0.04,0.7,0.7,-0.0,129.4,128.2,1.2,0.7,0.7,-0.0,0.27,0.28,-0.01,0.99,0.841,0.149,-0.573,-0.364,-0.209,-0.212,0.168,-0.38,-0.71,-0.092,-0.618,-0.956,-0.822,-0.134,-0.232,-0.478,0.246,-0.169,0.068,-0.237,0.029,0.372,-0.343,-0.048,-1.478,1.43,-0.448,-0.236,-0.212
595644,Gen.G,T1,0,0.0,0.0,0.0,0.0,0.0,0.0,-11.0,-9.0,-2.0,-1.0,1,2,-3,3,1.0,1.0,-0.0,201.5,196.2,5.3,1.0,1.03,-0.03,0.72,0.72,-0.0,130.6,128.7,1.9,0.7,0.7,0.0,0.26,0.29,-0.03,1.018,1.09,-0.072,0.005,0.035,-0.03,0.322,-0.447,0.769,-0.023,0.314,-0.337,0.435,0.668,-0.233,0.005,-0.381,0.386,0.023,-0.297,0.32,-0.285,0.683,-0.968,0.201,0.799,-0.598,0.045,0.18,-0.135
598936,TYLOO,Titan Esports Club,1,0.667,0.5,0.167,0.667,0.5,0.167,7.0,-1.0,8.0,1.7,2,1,5,3,1.0,1.0,0.0,201.5,202.0,-0.5,1.01,0.99,0.02,0.72,0.7,0.02,134.0,132.7,1.3,0.7,0.7,-0.0,0.3,0.28,0.02,0.947,0.822,0.125,0.704,-0.098,0.802,0.322,0.394,-0.072,0.112,-0.23,0.342,0.786,-0.822,1.608,0.71,0.434,0.276,0.181,0.276,-0.095,0.986,0.32,0.666,-0.441,-1.683,1.242,0.444,-0.198,0.642
595643,VARREL,KIWOOM DRX,0,0.0,0.0,0.0,0.0,0.0,0.0,-12.0,-7.0,-5.0,-2.7,1,2,-8,3,1.0,1.0,-0.0,192.5,197.0,-4.5,0.95,1.0,-0.05,0.69,0.72,-0.03,125.5,132.0,-6.5,0.7,0.7,-0.0,0.26,0.25,0.01,1.058,0.1,0.958,-0.725,0.0,-0.725,-0.976,0.0,-0.976,-0.748,0.0,-0.748,-1.488,0.0,-1.488,-1.015,0.0,-1.015,-1.008,0.0,-1.008,-0.588,0.0,-0.588,0.539,0.0,0.539,-0.815,0.0,-0.815
594749,BBL Esports,Team Vitality,1,1.0,1.0,0.0,1.0,1.0,0.0,8.5,13.0,-4.5,4.5,2,0,9,2,1.0,1.0,-0.0,197.5,205.0,-7.5,1.0,1.09,-0.09,0.71,0.73,-0.02,128.8,135.3,-6.5,0.7,0.7,-0.0,0.34,0.27,0.06,0.835,1.124,-0.289,0.431,0.814,-0.383,-0.255,0.827,-1.082,-0.023,1.091,-1.114,-0.142,0.975,-1.117,-0.34,0.963,-1.303,-0.297,0.835,-1.132,2.318,0.029,2.289,-1.545,1.069,-2.614,0.027,0.884,-0.857
594748,Natus Vincere,Gentle Mates,0,1.0,1.0,0.0,1.0,1.0,0.0,8.0,9.0,-1.0,-5.0,0,2,-10,2,1.1,1.1,0.1,220.5,207.3,13.2,1.18,1.05,0.12,0.71,0.73,-0.01,145.7,136.1,9.6,0.8,0.7,0.1,0.27,0.29,-0.02,1.045,0.947,0.098,2.528,0.947,1.581,3.064,1.164,1.9,2.122,0.621,1.501,0.203,1.022,-0.819,3.086,1.127,1.959,2.716,1.059,1.657,-0.225,0.683,-0.908,0.428,-0.441,0.869,1.837,0.807,1.03
598935,FunPlus Phoenix,Bilibili Gaming,0,0.0,0.0,0.0,0.0,0.0,0.0,-17.0,-13.0,-4.0,-3.0,0,2,-6,2,1.0,1.0,0.0,200.2,200.4,-0.2,1.02,1.0,0.02,0.7,0.7,0.01,131.3,128.2,3.1,0.7,0.7,0.0,0.22,0.28,-0.06,1.123,0.841,0.282,0.111,-0.364,0.475,0.142,0.168,-0.026,0.214,-0.092,0.306,-0.484,-0.822,0.338,0.153,-0.478,0.631,0.339,0.068,0.271,-1.769,0.372,-2.141,1.057,-1.478,2.535,0.042,-0.236,0.278
595642,ZETA DIVISION,Global Esports,0,0.0,0.5,-0.5,0.0,0.5,-0.5,-20.0,7.0,-27.0,-3.0,0,2,-6,2,0.9,1.0,-0.1,194.8,201.0,-6.2,0.91,1.03,-0.12,0.69,0.71,-0.02,127.2,132.0,-4.8,0.7,0.7,-0.0,0.27,0.25,0.02,0.875,1.01,-0.135,-1.302,0.266,-1.568,-0.652,0.25,-0.902,-1.462,0.26,-1.722,-1.157,0.133,-1.29,-0.686,0.296,-0.982,-0.869,0.339,-1.208,-0.225,-0.842,0.617,-1.134,0.128,-1.262,-1.096,0.201,-1.297
598934,Trace Esports,JD Gaming,1,0.0,0.5,-0.5,0.0,0.5,-0.5,-4.0,-2.0,-2.0,0.3,2,1,1,3,1.0,1.0,0.0,197.8,193.2,4.6,0.96,0.96,0.0,0.7,0.7,-0.0,129.4,125.8,3.6,0.7,0.7,0.0,0.27,0.29,-0.02,0.99,0.832,0.158,-0.573,-0.718,0.145,-0.212,-0.875,0.663,-0.71,-0.71,0.0,-0.956,-0.687,-0.269,-0.232,-0.964,0.732,-0.169,-0.82,0.651,0.029,0.829,-0.8,-0.048,-1.577,1.529,-0.448,-0.706,0.258
595641,Team Secret,DetonatioN FocusMe,0,0.0,0.5,-0.5,0.0,0.5,-0.5,-13.0,-1.5,-11.5,-8.0,0,2,-16,2,0.9,1.0,-0.1,200.0,198.0,2.0,0.92,0.97,-0.05,0.69,0.71,-0.01,133.7,128.4,5.3,0.7,0.7,0.0,0.21,0.26,-0.05,0.995,0.946,0.049,-1.576,-0.354,-1.222,0.106,-0.183,0.289,-1.311,-0.51,-0.801,-1.157,-0.416,-0.741,0.646,-0.432,1.078,0.023,-0.362,0.385,-2.223,-0.261,-1.962,-0.003,-0.447,0.444,-0.868,-0.358,-0.51
594754,ULF Esports,Team Heretics,0,0.0,0.0,0.0,0.0,0.0,0.0,-22.0,-8.0,-14.0,-5.5,0,2,-11,2,1.0,1.0,-0.0,197.0,203.3,-6.3,1.0,1.04,-0.04,0.72,0.73,-0.01,132.0,134.5,-2.5,0.7,0.7,-0.0,0.25,0.25,0.0,0.1,1.163,-1.063,0.0,0.461,-0.461,0.0,0.587,-0.587,0.0,0.447,-0.447,0.0,1.26,-1.26,0.0,0.802,-0.802,0.0,0.65,-0.65,0.0,-0.77,0.77,0.0,1.371,-1.371,0.0,0.618,-0.618
594753,PCIFIC Esports,GIANTX,0,0.0,0.0,0.0,0.0,0.0,0.0,-6.0,-6.0,0.0,-2.0,1,2,-6,3,1.0,1.0,0.0,197.0,195.7,1.3,1.0,0.97,0.03,0.72,0.69,0.03,132.0,127.3,4.7,0.7,0.7,0.0,0.25,0.23,0.02,0.1,0.94,-0.84,0.0,-0.755,0.755,0.0,-0.519,0.519,0.0,-0.463,0.463,0.0,-1.708,1.708,0.0,-0.649,0.649,0.0,-0.083,0.083,0.0,-1.496,1.496,0.0,-0.503,0.503,0.0,-0.718,0.718
598933,Titan Esports Club,Wolves Esports,1,0.0,0.5,-0.5,0.0,0.5,-0.5,-3.0,-6.0,3.0,0.3,2,1,1,3,1.0,1.0,0.0,202.0,197.4,4.6,0.99,0.94,0.05,0.7,0.7,-0.0,132.7,129.6,3.1,0.7,0.7,0.0,0.28,0.28,0.0,0.822,0.86,-0.038,-0.098,-0.39,0.292,0.394,-0.269,0.663,-0.23,-1.0,0.77,-0.822,-0.687,-0.135,0.434,-0.184,0.618,0.276,-0.557,0.833,0.32,0.175,0.145,-1.683,-1.286,-0.397,-0.198,-0.651,0.453
598932,Nova Esports,TYLOO,0,0.0,0.5,-0.5,0.0,0.5,-0.5,-8.0,4.5,-12.5,-6.0,0,2,-12,2,1.0,1.0,-0.1,207.0,201.5,5.5,1.05,1.01,0.03,0.7,0.72,-0.02,132.5,134.0,-1.5,0.7,0.7,0.0,0.25,0.3,-0.04,1.038,0.947,0.091,-0.281,0.704,-0.985,1.116,0.322,0.794,0.526,0.112,0.414,-0.552,0.786,-1.338,0.41,0.71,-0.3,0.896,0.181,0.715,-0.624,0.986,-1.61,0.369,-0.441,0.81,0.211,0.444,-0.233
594752,FUT Esports,FNATIC,0,0.0,0.0,0.0,0.0,0.0,0.0,-12.0,-11.0,-1.0,-3.3,1,2,-10,3,1.0,1.0,-0.0,196.0,205.8,-9.8,0.98,1.05,-0.07,0.71,0.7,0.0,128.9,135.8,-6.9,0.7,0.7,-0.0,0.26,0.22,0.04,1.006,1.042,-0.036,-0.427,0.385,-0.812,-0.471,0.935,-1.406,-0.341,0.578,-0.919,-0.416,-0.653,0.237,-0.322,1.068,-1.39,-0.297,0.881,-1.178,-0.406,-1.859,1.453,0.093,0.407,-0.314,-0.294,0.384,-0.678
594751,Karmine Corp,Team Liquid,0,0.0,0.0,0.0,0.0,0.0,0.0,-8.0,-4.0,-4.0,1.0,1,2,3,3,1.0,1.0,-0.0,197.6,201.8,-4.2,1.04,1.05,-0.01,0.72,0.73,-0.01,128.8,134.8,-6.0,0.7,0.7,-0.0,0.26,0.29,-0.02,1.088,1.054,0.034,0.084,0.777,-0.693,-0.24,0.366,-0.606,0.447,0.63,-0.183,0.833,1.404,-0.571,-0.346,0.865,-1.211,0.023,0.276,-0.253,-0.334,0.538,-0.872,0.783,0.503,0.28,0.096,0.673,-0.577
596414,ENVY,Cloud9,0,0.667,0.667,0.0,0.667,0.667,0.0,1.0,2.7,-1.7,0.3,1,2,1,3,0.8,1.0,-0.2,177.0,191.0,-14.0,0.8,0.96,-0.16,0.68,0.72,-0.04,112.1,124.7,-12.6,0.6,0.7,-0.1,0.25,0.29,-0.04,0.91,0.986,-0.076,-3.855,-0.463,-3.392,-3.213,-1.193,-2.02,-3.155,-0.652,-2.503,-2.143,0.692,-2.835,-3.746,-1.184,-2.562,-3.041,-0.952,-2.089,-0.77,0.756,-1.526,-0.789,-0.083,-0.706,-2.794,-0.499,-2.295
596413,100 Thieves,Sentinels,1,0.667,0.5,0.167,0.667,0.5,0.167,8.0,-1.5,9.5,2.0,2,0,4,2,1.0,1.0,0.0,200.6,193.2,7.4,1.08,1.01,0.07,0.73,0.71,0.03,130.8,128.9,1.9,0.7,0.7,0.0,0.3,0.27,0.03,1.07,0.905,0.165,0.85,0.157,0.693,0.192,-0.868,1.06,0.914,0.011,0.903,1.548,-0.313,1.861,0.06,-0.335,0.395,0.339,-0.869,1.208,1.119,-0.134,1.253,0.636,-0.837,1.473,0.788,-0.356,1.144
600851,Eternal Fire,Galatasaray Esports,1,0.667,0.0,0.667,0.667,0.0,0.667,3.3,0.0,3.3,0.3,2,1,1,3,1.0,1.0,-0.0,199.8,197.0,2.8,0.95,1.0,-0.05,0.69,0.72,-0.03,131.4,132.0,-0.6,0.7,0.7,-0.0,0.26,0.25,0.01,1.03,0.1,0.93,-0.527,0.0,-0.527,0.07,0.0,0.07,-0.76,0.0,-0.76,-1.817,0.0,-1.817,0.183,0.0,0.183,-0.057,0.0,-0.057,-0.406,0.0,-0.406,0.301,0.0,0.301,-0.373,0.0,-0.373
598926,Dragon Ranger Gaming,JD Gaming,1,0.0,1.0,-1.0,0.0,1.0,-1.0,0.0,3.0,-3.0,2.3,2,1,7,3,1.0,1.0,0.0,197.5,193.2,4.3,0.98,0.96,0.02,0.72,0.7,0.02,128.7,125.8,2.9,0.7,0.7,0.0,0.31,0.29,0.02,0.985,0.832,0.153,-0.177,-0.718,0.541,-0.255,-0.875,0.62,-0.369,-0.71,0.341,0.435,-0.687,1.122,-0.381,-0.964,0.583,-0.244,-0.82,0.576,1.47,0.829,0.641,-0.092,-1.577,1.485,-0.115,-0.706,0.591
595637,Rex Regum Qeon,DetonatioN FocusMe,1,0.667,1.0,-0.333,0.667,1.0,-0.333,2.3,8.0,-5.7,5.5,2,0,11,2,1.0,1.0,0.0,195.6,198.0,-2.4,0.99,0.97,0.02,0.71,0.71,0.01,128.4,128.4,0.0,0.7,0.7,-0.0,0.28,0.26,0.02,0.904,0.946,-0.042,-0.025,-0.354,0.329,-0.529,-0.183,-0.346,-0.23,-0.51,0.28,-0.005,-0.416,0.411,-0.432,-0.432,0.0,-0.557,-0.362,-0.195,0.465,-0.261,0.726,-0.847,-0.447,-0.4,-0.242,-0.358,0.116
598925,Bilibili Gaming,All Gamers,0,0.0,1.0,-1.0,0.0,1.0,-1.0,0.0,8.0,-8.0,-6.5,0,2,-13,2,1.0,1.0,-0.0,200.4,202.8,-2.4,1.0,1.04,-0.04,0.7,0.72,-0.02,128.2,130.2,-2.0,0.7,0.7,-0.0,0.28,0.28,0.0,0.841,1.06,-0.219,-0.364,0.339,-0.703,0.168,0.51,-0.342,-0.092,0.42,-0.512,-0.822,0.272,-1.094,-0.478,-0.07,-0.408,0.068,0.401,-0.333,0.372,0.247,0.125,-1.478,0.553,-2.031,-0.236,0.375,-0.611
595636,Paper Rex,Global Esports,1,1.0,1.0,0.0,1.0,1.0,0.0,13.3,12.0,1.3,-0.7,2,1,-2,3,1.1,1.0,0.0,205.8,201.0,4.8,1.09,1.03,0.07,0.73,0.71,0.02,136.9,132.0,4.9,0.7,0.7,0.0,0.27,0.25,0.02,1.138,1.01,0.128,0.886,0.266,0.62,0.943,0.25,0.693,1.116,0.26,0.856,1.26,0.133,1.127,1.301,0.296,1.005,1.079,0.339,0.74,-0.116,-0.842,0.726,1.178,0.128,1.05,1.052,0.201,0.851
596412,LEVIATÁN,Cloud9,0,0.0,0.5,-0.5,0.0,0.5,-0.5,-5.0,-3.5,-1.5,-7.5,0,2,-15,2,1.1,1.0,0.1,202.6,191.0,11.6,1.13,0.96,0.17,0.74,0.72,0.02,132.7,124.7,8.0,0.7,0.7,0.0,0.29,0.29,-0.0,1.232,0.986,0.246,1.069,-0.463,1.532,0.481,-1.193,1.674,1.562,-0.652,2.214,2.133,0.692,1.441,0.443,-1.184,1.627,0.588,-0.952,1.54,0.683,0.756,-0.073,1.876,-0.083,1.959,1.083,-0.499,1.582
596411,KRÜ Esports,ENVY,0,0.0,0.5,-0.5,0.0,0.5,-0.5,-10.0,-2.5,-7.5,-2.7,1,2,-8,3,1.1,0.8,0.3,208.5,177.0,31.5,1.18,0.8,0.38,0.7,0.68,0.02,136.9,112.1,24.8,0.8,0.6,0.2,0.2,0.25,-0.05,1.225,0.91,0.315,1.616,-3.855,5.471,1.332,-3.213,4.545,2.122,-3.155,5.277,-0.822,-2.143,1.321,1.307,-3.746,5.053,2.0,-3.041,5.041,-2.586,-0.77,-1.816,1.826,-0.789,2.615,1.073,-2.794,3.867
598928,EDward Gaming,TYLOO,1,0.0,1.0,-1.0,0.0,1.0,-1.0,0.0,19.0,-19.0,5.0,2,0,10,2,1.0,1.0,-0.0,201.8,201.5,0.3,1.01,1.01,0.0,0.71,0.72,-0.02,130.8,134.0,-3.2,0.7,0.7,0.0,0.29,0.3,-0.01,0.973,0.947,0.026,-0.086,0.704,-0.79,0.37,0.322,0.048,0.112,0.112,0.0,-0.256,0.786,-1.042,0.063,0.71,-0.647,0.287,0.181,0.106,0.804,0.986,-0.182,-0.197,-0.441,0.244,0.116,0.444,-0.328
595635,KIWOOM DRX,FULL SENSE,0,0.0,1.0,-1.0,0.0,1.0,-1.0,0.0,20.0,-20.0,-2.3,1,2,-7,3,1.0,1.0,-0.0,197.0,205.5,-8.5,1.0,1.03,-0.03,0.72,0.71,0.01,132.0,132.5,-0.5,0.7,0.7,-0.0,0.25,0.23,0.02,0.1,1.08,-0.98,0.0,0.02,-0.02,0.0,0.899,-0.899,0.0,0.38,-0.38,0.0,0.203,-0.203,0.0,0.402,-0.402,0.0,0.804,-0.804,0.0,-1.587,1.587,0.0,0.718,-0.718,0.0,0.261,-0.261
598927,Xi Lai Gaming,Wolves Esports,1,0.0,1.0,-1.0,0.0,1.0,-1.0,0.0,4.0,-4.0,8.0,2,0,16,2,1.0,1.0,0.0,204.2,197.4,6.8,1.02,0.94,0.08,0.71,0.7,0.01,130.6,129.6,1.0,0.7,0.7,0.0,0.26,0.28,-0.02,1.083,0.86,0.223,-0.147,-0.39,0.243,0.707,-0.269,0.976,0.158,-1.0,1.158,0.087,-0.687,0.774,0.012,-0.184,0.196,0.443,-0.557,1.0,-0.467,0.175,-0.642,0.745,-1.286,2.031,0.206,-0.651,0.857
595634,T1,Nongshim RedForce,0,0.0,1.0,-1.0,0.0,1.0,-1.0,0.0,13.0,-13.0,-3.0,1,2,-9,3,1.0,1.0,-0.0,196.2,201.6,-5.4,1.03,1.04,-0.01,0.72,0.72,0.0,128.7,130.5,-1.8,0.7,0.7,-0.0,0.29,0.28,0.01,1.09,1.01,0.08,0.035,0.412,-0.377,-0.447,0.337,-0.784,0.314,0.499,-0.185,0.668,0.411,0.257,-0.381,-0.005,-0.376,-0.297,0.401,-0.698,0.683,0.32,0.363,0.799,0.128,0.671,0.18,0.437,-0.257
596410,Evil Geniuses,Sentinels,0,0.0,0.0,0.0,0.0,0.0,0.0,-3.0,-10.0,7.0,-3.5,0,2,-7,2,1.0,1.0,-0.1,192.8,193.2,-0.4,0.94,1.01,-0.07,0.7,0.71,-0.01,128.5,128.9,-0.4,0.7,0.7,-0.0,0.26,0.27,-0.01,1.006,0.905,0.101,-0.755,0.157,-0.912,-0.933,-0.868,-0.065,-0.941,0.011,-0.952,-1.09,-0.313,-0.777,-0.411,-0.335,-0.076,-0.952,-0.869,-0.083,-0.479,-0.134,-0.345,0.093,-0.837,0.93,-0.778,-0.356,-0.422
596409,LOUD,100 Thieves,0,0.0,0.5,-0.5,0.0,0.5,-0.5,-8.0,4.0,-12.0,-5.3,1,2,-16,3,1.0,1.0,-0.0,197.0,200.6,-3.6,1.04,1.08,-0.04,0.71,0.73,-0.02,130.3,130.8,-0.5,0.7,0.7,-0.0,0.3,0.3,0.0,1.085,1.07,0.015,0.75,0.85,-0.1,-0.327,0.192,-0.519,0.413,0.914,-0.501,0.203,1.548,-1.345,-0.051,0.06,-0.111,-0.217,0.339,-0.556,1.228,1.119,0.109,0.758,0.636,0.122,0.313,0.788,-0.475
594747,Team Liquid,Team Vitality,0,0.0,1.0,-1.0,0.0,1.0,-1.0,0.0,22.0,-22.0,-1.3,1,2,-4,3,1.0,1.0,-0.0,201.8,205.0,-3.2,1.05,1.09,-0.04,0.73,0.73,0.01,134.8,135.3,-0.5,0.7,0.7,-0.0,0.29,0.27,0.01,1.054,1.124,-0.07,0.777,0.814,-0.037,0.366,0.827,-0.461,0.63,1.091,-0.461,1.404,0.975,0.429,0.865,0.963,-0.098,0.276,0.835,-0.559,0.538,0.029,0.509,0.503,1.069,-0.566,0.673,0.884,-0.211
594746,FNATIC,BBL Esports,0,0.0,1.0,-1.0,0.0,1.0,-1.0,0.0,6.0,-6.0,-5.5,0,2,-11,2,1.0,1.0,-0.0,205.8,197.5,8.3,1.05,1.0,0.05,0.7,0.71,-0.01,135.8,128.8,7.0,0.7,0.7,0.0,0.22,0.34,-0.12,1.042,0.835,0.207,0.385,0.431,-0.046,0.935,-0.255,1.19,0.578,-0.023,0.601,-0.653,-0.142,-0.511,1.068,-0.34,1.408,0.881,-0.297,1.178,-1.859,2.318,-4.177,0.407,-1.545,1.952,0.384,0.027,0.357
598922,JD Gaming,Titan Esports Club,1,0.0,0.0,0.0,0.0,0.0,0.0,0.0,0.0,0.0,1.0,2,1,3,3,1.0,1.0,-0.0,193.2,202.0,-8.8,0.96,0.99,-0.03,0.7,0.7,0.0,125.8,132.7,-6.9,0.7,0.7,-0.0,0.29,0.28,0.01,0.832,0.822,0.01,-0.718,-0.098,-0.62,-0.875,0.394,-1.269,-0.71,-0.23,-0.48,-0.687,-0.822,0.135,-0.964,0.434,-1.398,-0.82,0.276,-1.096,0.829,0.32,0.509,-1.577,-1.683,0.106,-0.706,-0.198,-0.508
595633,DetonatioN FocusMe,Gen.G,1,0.0,0.0,0.0,0.0,0.0,0.0,0.0,-14.0,14.0,4.0,2,0,8,2,1.0,1.0,-0.0,198.0,201.5,-3.5,0.97,1.0,-0.03,0.71,0.72,-0.01,128.4,130.6,-2.2,0.7,0.7,-0.0,0.26,0.26,0.0,0.946,1.018,-0.072,-0.354,0.005,-0.359,-0.183,0.322,-0.505,-0.51,-0.023,-0.487,-0.416,0.435,-0.851,-0.432,0.005,-0.437,-0.362,0.023,-0.385,-0.261,-0.285,0.024,-0.447,0.201,-0.648,-0.358,0.045,-0.403
598921,All Gamers,Nova Esports,1,0.0,0.0,0.0,0.0,0.0,0.0,0.0,0.0,0.0,4.0,2,0,8,2,1.0,1.0,0.0,202.8,207.0,-4.2,1.04,1.05,-0.01,0.72,0.7,0.01,130.2,132.5,-2.3,0.7,0.7,-0.0,0.28,0.25,0.02,1.06,1.038,0.022,0.339,-0.281,0.62,0.51,1.116,-0.606,0.42,0.526,-0.106,0.272,-0.552,0.824,-0.07,0.41,-0.48,0.401,0.896,-0.495,0.247,-0.624,0.871,0.553,0.369,0.184,0.375,0.211,0.164
595632,VARREL,Global Esports,0,0.0,0.0,0.0,0.0,0.0,0.0,0.0,0.0,0.0,-6.0,0,2,-12,2,1.0,1.0,-0.1,192.5,201.0,-8.5,0.95,1.03,-0.07,0.69,0.71,-0.02,125.5,132.0,-6.5,0.7,0.7,-0.0,0.26,0.25,0.01,1.058,1.01,0.048,-0.725,0.266,-0.991,-0.976,0.25,-1.226,-0.748,0.26,-1.008,-1.488,0.133,-1.621,-1.015,0.296,-1.311,-1.008,0.339,-1.347,-0.588,-0.842,0.254,0.539,0.128,0.411,-0.815,0.201,-1.016
594745,GIANTX,Gentle Mates,0,0.0,1.0,-1.0,0.0,1.0,-1.0,0.0,12.0,-12.0,-3.0,0,2,-6,2,1.0,1.1,-0.1,195.7,207.3,-11.6,0.97,1.05,-0.08,0.69,0.73,-0.04,127.3,136.1,-8.8,0.7,0.7,-0.0,0.23,0.29,-0.06,0.94,0.947,-0.007,-0.755,0.947,-1.702,-0.519,1.164,-1.683,-0.463,0.621,-1.084,-1.708,1.022,-2.73,-0.649,1.127,-1.776,-0.083,1.059,-1.142,-1.496,0.683,-2.179,-0.503,-0.441,-0.062,-0.718,0.807,-1.525
594744,Team Heretics,Natus Vincere,0,0.0,1.0,-1.0,0.0,1.0,-1.0,0.0,8.0,-8.0,-2.7,1,2,-8,3,1.0,1.1,-0.1,203.3,220.5,-17.2,1.04,1.18,-0.14,0.73,0.71,0.02,134.5,145.7,-11.2,0.7,0.8,-0.1,0.25,0.27,-0.02,1.163,1.045,0.118,0.461,2.528,-2.067,0.587,3.064,-2.477,0.447,2.122,-1.675,1.26,0.203,1.057,0.802,3.086,-2.284,0.65,2.716,-2.066,-0.77,-0.225,-0.545,1.371,0.428,0.943,0.618,1.837,-1.219
598924,FunPlus Phoenix,TYLOO,0,0.0,0.0,0.0,0.0,0.0,0.0,-15.0,0.0,-15.0,-9.5,0,2,-19,2,1.0,1.0,-0.0,200.2,201.5,-1.3,1.02,1.01,0.01,0.7,0.72,-0.02,131.3,134.0,-2.7,0.7,0.7,0.0,0.22,0.3,-0.08,1.123,0.947,0.176,0.111,0.704,-0.593,0.142,0.322,-0.18,0.214,0.112,0.102,-0.484,0.786,-1.27,0.153,0.71,-0.557,0.339,0.181,0.158,-1.769,0.986,-2.755,1.057,-0.441,1.498,0.042,0.444,-0.402
595631,ZETA DIVISION,FULL SENSE,0,0.0,0.0,0.0,0.0,0.0,0.0,0.0,0.0,0.0,-10.0,0,2,-20,2,0.9,1.0,-0.1,194.8,205.5,-10.7,0.91,1.03,-0.13,0.69,0.71,-0.02,127.2,132.5,-5.3,0.7,0.7,-0.1,0.27,0.23,0.04,0.875,1.08,-0.205,-1.302,0.02,-1.322,-0.652,0.899,-1.551,-1.462,0.38,-1.842,-1.157,0.203,-1.36,-0.686,0.402,-1.088,-0.869,0.804,-1.673,-0.225,-1.587,1.362,-1.134,0.718,-1.852,-1.096,0.261,-1.357
598923,Trace Esports,Wolves Esports,0,0.0,0.0,0.0,0.0,0.0,0.0,0.0,0.0,0.0,-1.3,1,2,-4,3,1.0,1.0,-0.0,197.8,197.4,0.4,0.96,0.94,0.02,0.7,0.7,-0.0,129.4,129.6,-0.2,0.7,0.7,0.0,0.27,0.28,-0.0,0.99,0.86,0.13,-0.573,-0.39,-0.183,-0.212,-0.269,0.057,-0.71,-1.0,0.29,-0.956,-0.687,-0.269,-0.232,-0.184,-0.048,-0.169,-0.557,0.388,0.029,0.175,-0.146,-0.048,-1.286,1.238,-0.448,-0.651,0.203
595630,Nongshim RedForce,Team Secret,1,0.0,0.0,0.0,0.0,0.0,0.0,0.0,0.0,0.0,6.5,2,0,13,2,1.0,0.9,0.1,201.6,200.0,1.6,1.04,0.92,0.13,0.72,0.69,0.02,130.5,133.7,-3.2,0.7,0.7,0.0,0.28,0.21,0.07,1.01,0.995,0.015,0.412,-1.576,1.988,0.337,0.106,0.231,0.499,-1.311,1.81,0.411,-1.157,1.568,-0.005,0.646,-0.651,0.401,0.023,0.378,0.32,-2.223,2.543,0.128,-0.003,0.131,0.437,-0.868,1.305
594743,ULF Esports,Team Vitality,0,0.0,0.0,0.0,0.0,0.0,0.0,0.0,0.0,0.0,-11.0,0,2,-22,2,1.0,1.0,-0.0,197.0,205.0,-8.0,1.0,1.09,-0.09,0.72,0.73,-0.01,132.0,135.3,-3.3,0.7,0.7,-0.0,0.25,0.27,-0.02,0.1,1.124,-1.024,0.0,0.814,-0.814,0.0,0.827,-0.827,0.0,1.091,-1.091,0.0,0.975,-0.975,0.0,0.963,-0.963,0.0,0.835,-0.835,0.0,0.029,-0.029,0.0,1.069,-1.069,0.0,0.884,-0.884
594742,PCIFIC Esports,BBL Esports,0,0.0,0.0,0.0,0.0,0.0,0.0,0.0,0.0,0.0,-2.0,1,2,-6,3,1.0,1.0,-0.0,197.0,197.5,-0.5,1.0,1.0,-0.0,0.72,0.71,0.01,132.0,128.8,3.2,0.7,0.7,0.0,0.25,0.34,-0.09,0.1,0.835,-0.735,0.0,0.431,-0.431,0.0,-0.255,0.255,0.0,-0.023,0.023,0.0,-0.142,0.142,0.0,-0.34,0.34,0.0,-0.297,0.297,0.0,2.318,-2.318,0.0,-1.545,1.545,0.0,0.027,-0.027
594741,FUT Esports,Gentle Mates,0,0.0,0.0,0.0,0.0,0.0,0.0,0.0,0.0,0.0,-6.0,0,2,-12,2,1.0,1.1,-0.1,196.0,207.3,-11.3,0.98,1.05,-0.07,0.71,0.73,-0.02,128.9,136.1,-7.2,0.7,0.7,-0.0,0.26,0.29,-0.03,1.006,0.947,0.059,-0.427,0.947,-1.374,-0.471,1.164,-1.635,-0.341,0.621,-0.962,-0.416,1.022,-1.438,-0.322,1.127,-1.449,-0.297,1.059,-1.356,-0.406,0.683,-1.089,0.093,-0.441,0.534,-0.294,0.807,-1.101
594740,Natus Vincere,Karmine Corp,1,0.0,0.0,0.0,0.0,0.0,0.0,0.0,0.0,0.0,4.0,2,0,8,2,1.1,1.0,0.1,220.5,197.6,22.9,1.18,1.04,0.14,0.71,0.72,-0.01,145.7,128.8,16.9,0.8,0.7,0.1,0.27,0.26,0.0,1.045,1.088,-0.043,2.528,0.084,2.444,3.064,-0.24,3.304,2.122,0.447,1.675,0.203,0.833,-0.63,3.086,-0.346,3.432,2.716,0.023,2.693,-0.225,-0.334,0.109,0.428,0.783,-0.355,1.837,0.096,1.741
600847,Eternal Fire,Beşiktaş Esports,1,0.5,0.0,0.5,0.5,0.0,0.5,-2.0,0.0,-2.0,7.0,2,0,14,2,1.0,1.0,-0.0,199.8,197.0,2.8,0.95,1.0,-0.05,0.69,0.72,-0.03,131.4,132.0,-0.6,0.7,0.7,-0.0,0.26,0.25,0.01,1.03,0.1,0.93,-0.527,0.0,-0.527,0.07,0.0,0.07,-0.76,0.0,-0.76,-1.817,0.0,-1.817,0.183,0.0,0.183,-0.057,0.0,-0.057,-0.406,0.0,-0.406,0.301,0.0,0.301,-0.373,0.0,-0.373
596405,G2 Esports,100 Thieves,1,0.0,1.0,-1.0,0.0,1.0,-1.0,-11.0,5.0,-16.0,-1.0,2,1,-3,3,1.0,1.0,-0.0,201.8,200.6,1.2,1.05,1.08,-0.03,0.73,0.73,-0.01,132.9,130.8,2.1,0.7,0.7,0.0,0.29,0.3,-0.01,1.034,1.07,-0.036,0.631,0.85,-0.219,0.366,0.192,0.174,0.552,0.914,-0.362,0.975,1.548,-0.573,0.475,0.06,0.415,0.401,0.339,0.062,0.683,1.119,-0.436,0.335,0.636,-0.301,0.584,0.788,-0.204
596404,Sentinels,FURIA,0,0.0,1.0,-1.0,0.0,1.0,-1.0,0.0,10.0,-10.0,-5.0,0,2,-10,2,1.0,1.1,-0.1,193.2,202.7,-9.5,1.01,1.09,-0.08,0.71,0.74,-0.03,128.9,134.5,-5.6,0.7,0.7,-0.0,0.27,0.31,-0.04,0.905,0.947,-0.042,0.157,1.373,-1.216,-0.868,0.491,-1.359,0.011,1.049,-1.038,-0.313,1.742,-2.055,-0.335,0.815,-1.15,-0.869,0.547,-1.416,-0.134,1.289,-1.423,-0.837,-0.441,-0.396,-0.356,0.855,-1.211
596403,MIBR,ENVY,1,0.0,1.0,-1.0,0.0,1.0,-1.0,0.0,3.0,-3.0,4.0,2,0,8,2,1.0,0.8,0.2,203.8,177.0,26.8,1.05,0.8,0.25,0.73,0.68,0.05,134.1,112.1,22.0,0.7,0.6,0.1,0.29,0.25,0.04,1.03,0.91,0.12,0.613,-3.855,4.468,0.647,-3.213,3.86,0.545,-3.155,3.7,1.081,-2.143,3.224,0.722,-3.746,4.468,0.573,-3.041,3.614,0.592,-0.77,1.362,0.301,-0.789,1.09,0.608,-2.794,3.402
596402,NRG,Cloud9,1,0.0,1.0,-1.0,0.0,1.0,-1.0,0.0,8.0,-8.0,7.5,2,0,15,2,1.0,1.0,0.1,197.2,191.0,6.2,1.04,0.96,0.08,0.73,0.72,0.01,129.9,124.7,5.2,0.7,0.7,0.0,0.3,0.29,0.01,1.118,0.986,0.132,0.704,-0.463,1.167,-0.298,-1.193,0.895,0.447,-0.652,1.099,1.404,0.692,0.712,-0.123,-1.184,1.061,-0.105,-0.952,0.847,0.974,0.756,0.218,1.022,-0.083,1.105,0.538,-0.499,1.037
600843,Eternal Fire,Misa Esports,0,1.0,0.0,1.0,1.0,0.0,1.0,6.0,0.0,6.0,-5.0,0,2,-10,2,1.0,1.0,-0.0,199.8,197.0,2.8,0.95,1.0,-0.05,0.69,0.72,-0.03,131.4,132.0,-0.6,0.7,0.7,-0.0,0.26,0.25,0.01,1.03,0.1,0.93,-0.527,0.0,-0.527,0.07,0.0,0.07,-0.76,0.0,-0.76,-1.817,0.0,-1.817,0.183,0.0,0.183,-0.057,0.0,-0.057,-0.406,0.0,-0.406,0.301,0.0,0.301,-0.373,0.0,-0.373
596401,100 Thieves,LEVIATÁN,1,0.0,0.0,0.0,0.0,0.0,0.0,0.0,0.0,0.0,1.7,2,1,5,3,1.0,1.1,-0.0,200.6,202.6,-2.0,1.08,1.13,-0.05,0.73,0.74,-0.01,130.8,132.7,-1.9,0.7,0.7,-0.0,0.3,0.29,0.01,1.07,1.232,-0.162,0.85,1.069,-0.219,0.192,0.481,-0.289,0.914,1.562,-0.648,1.548,2.133,-0.585,0.06,0.443,-0.383,0.339,0.588,-0.249,1.119,0.683,0.436,0.636,1.876,-1.24,0.788,1.083,-0.295
596400,KRÜ Esports,FURIA,0,0.0,0.0,0.0,0.0,0.0,0.0,0.0,0.0,0.0,-3.3,1,2,-10,3,1.1,1.1,0.0,208.5,202.7,5.8,1.18,1.09,0.09,0.7,0.74,-0.04,136.9,134.5,2.4,0.8,0.7,0.0,0.2,0.31,-0.11,1.225,0.947,0.278,1.616,1.373,0.243,1.332,0.491,0.841,2.122,1.049,1.073,-0.822,1.742,-2.564,1.307,0.815,0.492,2.0,0.547,1.453,-2.586,1.289,-3.875,1.826,-0.441,2.267,1.073,0.855,0.218
596398,LOUD,Cloud9,0,0.0,0.0,0.0,0.0,0.0,0.0,0.0,0.0,0.0,-4.0,0,2,-8,2,1.0,1.0,0.1,197.0,191.0,6.0,1.04,0.96,0.08,0.71,0.72,-0.01,130.3,124.7,5.6,0.7,0.7,0.0,0.3,0.29,0.01,1.085,0.986,0.099,0.75,-0.463,1.213,-0.327,-1.193,0.866,0.413,-0.652,1.065,0.203,0.692,-0.489,-0.051,-1.184,1.133,-0.217,-0.952,0.735,1.228,0.756,0.472,0.758,-0.083,0.841,0.313,-0.499,0.812
596399,ENVY,Evil Geniuses,1,0.0,0.0,0.0,0.0,0.0,0.0,0.0,0.0,0.0,1.0,2,1,3,3,0.8,1.0,-0.2,177.0,192.8,-15.8,0.8,0.94,-0.14,0.68,0.7,-0.02,112.1,128.5,-16.4,0.6,0.7,-0.1,0.25,0.26,-0.01,0.91,1.006,-0.096,-3.855,-0.755,-3.1,-3.213,-0.933,-2.28,-3.155,-0.941,-2.214,-2.143,-1.09,-1.053,-3.746,-0.411,-3.335,-3.041,-0.952,-2.089,-0.77,-0.479,-0.291,-0.789,0.093,-0.882,-2.794,-0.778,-2.016
600838,Eternal Fire,Bushido Wildcats,1,0.0,0.0,0.0,0.0,0.0,0.0,0.0,0.0,0.0,2.0,2,1,6,3,1.0,1.0,-0.0,199.8,197.0,2.8,0.95,1.0,-0.05,0.69,0.72,-0.03,131.4,132.0,-0.6,0.7,0.7,-0.0,0.26,0.25,0.01,1.03,0.1,0.93,-0.527,0.0,-0.527,0.07,0.0,0.07,-0.76,0.0,-0.76,-1.817,0.0,-1.817,0.183,0.0,0.183,-0.057,0.0,-0.057,-0.406,0.0,-0.406,0.301,0.0,0.301,-0.373,0.0,-0.373
598971,Xipto Esports,Rex Regum Qeon,0,0.0,0.5,-0.5,0.0,0.5,-0.5,0.0,2.5,-2.5,-2.0,0,1,-2,1,1.0,1.0,0.0,197.0,195.6,1.4,1.0,0.99,0.01,0.72,0.71,0.01,132.0,128.4,3.6,0.7,0.7,0.0,0.25,0.28,-0.03,0.1,0.904,-0.804,0.0,-0.025,0.025,0.0,-0.529,0.529,0.0,-0.23,0.23,0.0,-0.005,0.005,0.0,-0.432,0.432,0.0,-0.557,0.557,0.0,0.465,-0.465,0.0,-0.847,0.847,0.0,-0.242,0.242
598968,Rex Regum Qeon,Dream Chaser,1,0.0,0.0,0.0,0.0,0.0,0.0,-7.0,0.0,-7.0,12.0,1,0,12,1,1.0,1.0,0.0,195.6,197.0,-1.4,0.99,1.0,-0.01,0.71,0.72,-0.01,128.4,132.0,-3.6,0.7,0.7,-0.0,0.28,0.25,0.03,0.904,0.1,0.804,-0.025,0.0,-0.025,-0.529,0.0,-0.529,-0.23,0.0,-0.23,-0.005,0.0,-0.005,-0.432,0.0,-0.432,-0.557,0.0,-0.557,0.465,0.0,0.465,-0.847,0.0,-0.847,-0.242,0.0,-0.242
598967,Todak,Rex Regum Qeon,1,0.0,0.0,0.0,0.0,0.0,0.0,0.0,0.0,0.0,7.0,1,0,7,1,1.0,1.0,0.0,197.0,195.6,1.4,1.0,0.99,0.01,0.72,0.71,0.01,132.0,128.4,3.6,0.7,0.7,0.0,0.25,0.28,-0.03,0.1,0.904,-0.804,0.0,-0.025,0.025,0.0,-0.529,0.529,0.0,-0.23,0.23,0.0,-0.005,0.005,0.0,-0.432,0.432,0.0,-0.557,0.557,0.0,0.465,-0.465,0.0,-0.847,0.847,0.0,-0.242,0.242
590638,Gen.G,Paper Rex,0,0.0,1.0,-1.0,0.0,1.0,-1.0,0.0,13.0,-13.0,-3.5,1,3,-14,4,1.0,1.1,-0.0,201.5,205.8,-4.3,1.0,1.09,-0.09,0.72,0.73,-0.01,130.6,136.9,-6.3,0.7,0.7,-0.0,0.26,0.27,-0.01,1.018,1.138,-0.12,0.005,0.886,-0.881,0.322,0.943,-0.621,-0.023,1.116,-1.139,0.435,1.26,-0.825,0.005,1.301,-1.296,0.023,1.079,-1.056,-0.285,-0.116,-0.169,0.201,1.178,-0.977,0.045,1.052,-1.007
590637,FunPlus Phoenix,Paper Rex,0,0.0,1.0,-1.0,0.0,1.0,-1.0,0.0,11.0,-11.0,-7.5,0,2,-15,2,1.0,1.1,-0.0,200.2,205.8,-5.6,1.02,1.09,-0.07,0.7,0.73,-0.03,131.3,136.9,-5.6,0.7,0.7,-0.0,0.22,0.27,-0.05,1.123,1.138,-0.015,0.111,0.886,-0.775,0.142,0.943,-0.801,0.214,1.116,-0.902,-0.484,1.26,-1.744,0.153,1.301,-1.148,0.339,1.079,-0.74,-1.769,-0.116,-1.653,1.057,1.178,-0.121,0.042,1.052,-1.01
590636,G2 Esports,Paper Rex,0,0.0,0.0,0.0,0.0,0.0,0.0,0.0,0.0,0.0,-3.7,1,2,-11,3,1.0,1.1,-0.0,201.8,205.8,-4.0,1.05,1.09,-0.04,0.73,0.73,-0.0,132.9,136.9,-4.0,0.7,0.7,-0.0,0.29,0.27,0.02,1.034,1.138,-0.104,0.631,0.886,-0.255,0.366,0.943,-0.577,0.552,1.116,-0.564,0.975,1.26,-0.285,0.475,1.301,-0.826,0.401,1.079,-0.678,0.683,-0.116,0.799,0.335,1.178,-0.843,0.584,1.052,-0.468
